Volume,Trade,Price,Priceop,Time,Depth
100,1,93.19,92.98,4.726295,100
1,1,93.19,92.98,6.373475,100
100,1,93.19,92.98,6.373564,100
45,1,93.19,92.98,6.373753,100
55,1,93.17,93.03,65.523154,300
45,1,93.17,93.03,65.523277,100
50,1,93.17,93.03,65.523302,100
5,1,93.17,93.03,65.523326,100
100,1,93.17,93.03,65.523384,100
100,1,93.17,93.03,65.52341,100
100,1,93.17,93.03,65.523437,100
100,1,93.17,93.03,65.523456,100
100,1,93.17,93.03,65.52348,100
100,1,93.17,93.03,65.5237,100
100,1,93.18,93.03,65.525273,100
100,-1,93.04,93.18,65.534551,200
200,1,93.18,93.03,65.542736,100
100,1,93.19,93.05,65.542812,100
100,-1,93.05,93.19,65.548621,100
200,-1,93.03,93.19,65.551236,200
100,1,93.19,93.03,65.588262,200
100,-1,93.03,93.19,69.277619,200
100,1,93.19,93.03,74.129709,200
100,1,93.19,93.03,74.129777,100
200,1,93.19,93.03,74.129799,100
100,-1,93.03,93.22,74.140901,200
100,1,93.22,93.03,74.149933,100
99,-1,93.08,93.21,116.847496,400
1,-1,93.08,93.2,116.847593,400
100,-1,93.08,93.2,116.847628,400
50,-1,93.08,93.2,116.848052,400
50,-1,93.08,93.2,116.848675,300
500,-1,93.08,93.2,116.849022,300
100,-1,93.08,93.17,116.849271,100
100,-1,93.08,93.17,116.849717,100
100,-1,93.08,93.17,116.849813,100
100,-1,93.03,93.08,116.855579,100
200,1,93.08,93.03,116.856979,100
1200,-1,93.03,93.17,116.868741,200
200,-1,93.03,93.17,116.874449,200
100,-1,93.03,93.17,116.874475,200
150,-1,93.03,93.17,116.874832,100
28,-1,93.03,93.17,116.876224,100
100,1,93.17,92.97,116.883739,200
100,-1,92.97,93.17,116.888963,100
100,1,93.16,92.97,116.912943,200
100,-1,92.99,93.16,121.806526,100
100,-1,92.99,93.16,121.806634,100
100,-1,92.99,93.16,121.807112,100
100,1,93.15,92.98,121.822714,100
100,-1,92.98,93.15,121.827641,300
100,-1,92.98,93.15,122.160745,300
100,-1,92.98,93.15,122.160876,300
100,-1,92.98,93.15,122.16124,300
100,-1,92.98,93.15,122.370331,100
100,1,93.14,92.98,122.375119,100
100,-1,92.97,93.14,122.382501,100
100,-1,92.97,93.14,122.393868,100
200,-1,92.97,93.14,122.431227,100
100,1,93.13,92.97,122.439474,200
100,-1,92.97,93.13,122.44621,100
100,-1,92.97,93.12,122.467452,100
100,1,93.12,92.97,122.470675,100
100,1,93.12,92.97,122.472067,100
100,-1,92.91,93.09,122.937629,100
100,-1,92.84,93.05,123.329623,100
8,1,93.05,92.84,123.445385,200
100,-1,92.84,93.08,146.767058,200
92,-1,92.84,93.07,159.927567,200
100,-1,92.84,93.06,163.099676,200
100,-1,92.84,93.06,165.037848,100
500,-1,92.84,93.06,165.04969,100
100,-1,92.84,93.05,165.05843,100
100,-1,92.78,93.03,165.689695,100
200,-1,92.77,93.03,174.635989,100
300,-1,92.77,93.03,179.466401,100
85,-1,92.77,93.02,182.908897,100
157,-1,92.77,93.02,182.909005,100
100,-1,92.77,93.01,182.909256,100
43,1,93.01,92.77,182.923151,200
100,-1,92.77,93.01,182.988953,100
100,-1,92.77,93,185.72464,100
100,-1,92.77,92.98,214.107728,100
100,1,92.98,92.77,216.116686,300
200,-1,92.77,92.96,230.814038,100
100,-1,92.78,92.96,240.066284,200
100,-1,92.78,92.95,243.910417,100
100,-1,92.78,92.95,243.936751,100
100,-1,92.78,92.95,245.214195,100
100,-1,92.78,92.95,245.214413,100
200,-1,92.86,92.95,252.003912,200
50,-1,92.86,92.94,252.004211,100
100,-1,92.86,92.94,252.00424,100
100,-1,92.85,92.94,252.004327,100
100,1,92.86,92.85,252.004393,100
100,1,92.86,92.85,252.004467,100
100,1,92.86,92.84,252.004643,100
200,-1,92.84,92.94,252.004747,100
143,-1,92.84,92.94,252.004766,100
100,-1,92.83,92.94,252.005005,100
100,-1,92.83,92.94,252.005027,100
100,-1,92.83,92.94,252.005051,100
200,-1,92.86,92.94,252.005076,100
100,-1,92.86,92.94,252.005192,100
30,-1,92.82,92.94,252.005293,100
100,-1,92.82,92.94,252.005311,100
100,-1,92.82,92.94,252.005437,100
1630,-1,92.82,92.94,252.005541,100
100,-1,92.82,92.95,252.017891,100
100,-1,92.82,92.94,252.02683,100
100,-1,92.78,92.94,252.032182,200
100,-1,92.78,92.94,252.048063,200
100,-1,92.82,92.93,253.202511,100
100,-1,92.82,92.93,253.245519,100
100,-1,92.82,92.93,254.446906,100
100,-1,92.82,92.93,255.028213,100
100,-1,92.82,92.92,255.028421,100
75,-1,92.82,92.92,255.028525,100
200,-1,92.74,92.9,255.039964,100
100,-1,92.74,92.9,255.069323,100
100,1,92.9,92.74,255.069417,100
200,1,92.9,92.74,255.069763,100
200,1,92.89,92.71,257.519253,200
100,-1,92.71,92.89,257.527131,100
100,-1,92.71,92.89,257.527171,100
100,-1,92.71,92.89,257.527229,100
33,-1,92.71,92.89,257.527554,100
100,-1,92.71,92.89,257.545228,100
100,1,92.89,92.71,257.546451,100
100,-1,92.71,92.88,257.546814,100
100,-1,92.8,92.86,257.761253,200
100,-1,92.66,92.8,257.772533,100
100,-1,92.64,92.8,257.788361,100
200,1,92.79,92.64,257.791734,100
100,-1,92.64,92.79,258.797673,100
100,1,92.79,92.64,258.863359,200
100,1,92.79,92.64,258.864894,200
100,1,92.79,92.64,258.866822,100
100,1,92.78,92.71,263.824739,100
5,1,92.78,92.71,263.824759,100
63,1,92.78,92.71,263.824783,100
137,1,92.78,92.71,263.824822,100
100,-1,92.71,92.78,263.824852,200
100,1,92.78,92.71,263.824902,100
100,1,92.78,92.71,263.824945,100
100,1,92.78,92.71,263.824964,100
10,-1,92.71,92.78,263.825667,200
100,-1,92.71,92.78,263.825794,100
27,-1,92.71,92.78,263.825813,100
50,-1,92.7,92.78,263.825867,100
100,-1,92.7,92.78,263.826467,100
100,1,92.78,92.6,263.826919,100
100,-1,92.6,92.83,263.858884,200
100,-1,92.6,92.83,263.858938,200
100,1,92.83,92.6,263.864436,100
100,1,92.87,92.6,263.864974,100
100,1,92.9,92.69,263.873049,100
100,1,92.93,92.69,288.181327,200
100,-1,92.71,92.93,294.744493,200
100,1,92.92,92.8,333.065477,200
100,1,92.93,92.8,333.065523,200
23,1,92.93,92.8,333.065545,200
10,-1,92.92,92.93,333.066011,100
90,1,92.93,92.92,333.066391,100
77,1,92.96,92.81,333.066504,100
100,1,92.96,92.81,333.066529,100
28,1,92.96,92.81,333.066553,100
100,1,92.96,92.81,333.066574,100
100,1,92.96,92.81,333.066598,100
100,1,92.96,92.81,333.066623,100
10,1,92.96,92.81,333.066648,100
28,1,92.96,92.81,333.066672,100
372,-1,92.92,92.98,333.067138,100
50,-1,92.93,92.99,333.096776,200
50,1,93,92.92,333.168258,900
50,1,93,92.92,333.168658,900
100,-1,92.93,93.01,333.181095,100
100,1,93.01,92.93,333.182986,200
100,1,93.02,92.93,333.183372,100
50,1,93.02,92.93,333.183444,100
50,1,93,92.82,334.071581,500
100,1,93,92.82,334.071961,200
200,1,93,92.82,334.072042,100
100,1,93,92.82,334.07249,100
100,1,93.03,92.83,334.117416,100
27,1,93.03,92.83,334.117506,100
73,1,93.01,92.83,335.85446,1000
100,1,93.01,92.83,335.854541,1000
200,1,93,92.89,338.218187,200
15,1,93.04,92.9,338.438451,100
700,-1,93.03,93.15,353.05843,200
100,1,93.15,93.06,355.068024,100
100,-1,93.1,93.22,368.578257,200
85,-1,93.1,93.22,368.578757,100
65,-1,93.1,93.22,368.578838,100
35,1,93.21,93.1,368.581558,200
15,-1,93.1,93.21,368.581733,100
85,-1,93.1,93.21,368.589568,200
50,-1,93.1,93.21,370.745082,100
100,-1,93.1,93.21,370.745121,100
100,-1,93.1,93.21,370.745168,100
100,-1,93.1,93.21,370.745273,100
100,-1,93.1,93.21,370.745303,100
100,-1,93.1,93.21,370.745373,100
50,-1,93.1,93.21,370.74541,100
200,-1,93.09,93.21,370.745495,200
100,-1,93.09,93.21,370.745608,200
100,-1,93.09,93.21,370.745646,200
100,-1,93.09,93.21,370.745673,200
50,-1,93.09,93.21,370.745703,200
45,-1,93.09,93.21,370.745727,200
100,-1,93.09,93.21,370.745805,200
100,-1,93.09,93.21,370.746212,200
100,1,93.2,93.09,370.752952,300
100,-1,93.09,93.17,370.792855,200
100,-1,93.08,93.17,370.79401,100
100,-1,93.08,93.17,371.682441,100
142,1,93.17,92.95,371.683188,1000
100,1,93.17,92.95,371.683277,1000
58,1,93.06,92.96,371.698808,100
100,-1,92.96,93.08,383.508475,200
100,1,93.15,92.98,388.029805,100
100,1,93.15,92.98,388.029833,100
100,-1,93.08,93.18,393.453704,100
200,1,93.17,92.96,393.474501,100
100,-1,92.96,93.16,393.501726,100
100,-1,92.96,93.16,393.502403,100
50,-1,93.01,93.13,409.237542,200
100,-1,93.01,93.13,409.237808,200
55,-1,93.01,93.12,409.238879,200
68,-1,93.01,93.12,409.241703,100
32,-1,93,93.12,409.242742,300
200,1,93.01,93,409.244145,100
100,-1,93,93.01,409.245163,100
100,-1,93,93.01,409.245378,100
50,1,93.01,92.99,409.246093,100
50,1,93.01,92.99,409.246387,100
100,-1,93.01,93.11,409.253734,100
100,1,93.11,93.01,409.258892,1000
100,-1,93,93.09,409.362161,100
100,-1,92.99,93.09,409.379598,800
100,-1,92.99,93.09,410.076178,500
1,-1,92.99,93.09,410.096618,500
18,-1,92.99,93.09,410.538584,200
265,-1,92.99,93.09,410.538909,200
200,-1,92.98,93.09,410.541117,100
100,-1,92.98,93.08,410.551115,100
100,-1,92.98,93.07,410.559166,100
100,-1,92.98,93.07,410.559597,100
50,-1,92.99,93.07,410.839019,100
50,-1,92.98,93.06,412.902257,100
50,-1,93.01,93.06,414.869466,100
23,-1,92.95,93.05,437.463626,200
27,-1,92.95,93.05,437.463733,200
100,-1,92.95,93.05,437.474714,300
100,1,93.04,92.95,437.492026,1000
100,-1,92.95,93.05,440.846549,200
100,-1,92.95,93.05,440.876601,200
100,-1,92.95,93.04,440.965762,100
100,-1,92.91,93.04,440.976503,100
100,-1,92.83,92.97,442.349975,100
100,1,92.95,92.81,443.957731,100
50,-1,92.82,92.92,459.309118,200
118,-1,92.82,92.92,459.311727,100
21,-1,92.81,92.91,459.323182,200
29,-1,92.82,92.91,459.346661,100
100,-1,92.81,92.9,462.726797,1900
50,-1,92.83,92.9,465.522456,1900
150,1,92.9,92.81,483.267974,200
100,1,92.9,92.81,495.966608,500
50,1,92.88,92.81,496.206447,100
21,1,92.88,92.81,496.220391,100
50,-1,92.83,92.89,496.239009,100
100,1,92.83,92.81,496.241244,100
100,1,92.89,92.81,496.482279,100
100,1,92.89,92.82,496.4826,100
100,1,92.89,92.83,496.483434,100
100,-1,92.81,92.89,497.596744,200
138,-1,92.81,92.89,497.596792,200
79,-1,92.78,92.87,497.596945,100
200,-1,92.81,92.85,497.597376,100
100,1,92.85,92.76,497.597629,100
100,1,92.8,92.7,502.389122,100
100,1,92.85,92.72,502.389587,100
72,1,92.85,92.72,502.389666,100
21,1,92.85,92.74,503.640717,100
79,1,92.87,92.79,529.221744,100
100,1,92.87,92.8,529.222285,100
100,1,92.89,92.8,529.22269,600
8,1,92.89,92.82,529.421983,600
100,-1,92.82,92.89,544.750815,200
28,-1,92.82,92.89,544.788573,100
21,-1,92.77,92.88,544.788921,100
150,-1,92.77,92.85,546.741498,100
63,1,92.79,92.73,548.304292,100
37,1,92.79,92.73,548.304365,100
37,-1,92.73,92.79,550.084603,100
50,-1,92.72,92.79,550.084909,400
76,-1,92.72,92.79,550.085033,400
100,1,92.77,92.73,552.688862,100
100,1,92.77,92.73,552.68917,100
100,1,92.78,92.73,552.689959,200
200,-1,92.73,92.77,553.283883,100
100,-1,92.73,92.77,554.931498,100
100,-1,92.67,92.74,589.220552,200
100,-1,92.67,92.74,589.231792,200
100,-1,92.67,92.74,589.232734,200
100,-1,92.67,92.74,589.330874,100
100,-1,92.67,92.74,589.352139,200
100,-1,92.66,92.73,599.906507,200
100,-1,92.67,92.72,600.031359,100
100,-1,92.66,92.72,600.090987,100
100,-1,92.63,92.71,600.109805,100
59,-1,92.66,92.71,600.109915,100
400,-1,92.66,92.71,600.114642,100
100,1,92.7,92.63,601.181146,1000
100,1,92.7,92.63,601.181188,1000
100,1,92.7,92.63,601.181207,1000
100,1,92.7,92.63,601.181317,1000
15,1,92.71,92.63,601.181656,400
5,1,92.71,92.63,601.181706,400
100,1,92.71,92.65,601.181758,400
37,-1,92.63,92.71,601.184167,100
63,-1,92.63,92.71,601.185656,100
100,1,92.71,92.63,601.188356,300
100,1,92.7,92.63,601.31559,200
100,-1,92.63,92.7,601.492067,100
100,1,92.7,92.63,602.835855,100
10,-1,92.63,92.7,609.809456,100
100,-1,92.58,92.68,624.479566,300
100,1,92.67,92.58,632.36763,200
100,-1,92.58,92.67,635.511553,200
100,-1,92.58,92.67,635.513956,100
100,-1,92.58,92.67,635.514096,100
100,-1,92.58,92.67,635.514215,100
100,-1,92.54,92.67,635.51493,100
100,1,92.66,92.52,635.598988,200
100,1,92.66,92.52,635.667502,200
100,1,92.64,92.6,646.520568,200
100,1,92.64,92.6,646.520679,100
100,1,92.64,92.6,646.520699,100
690,1,92.64,92.6,646.520789,100
287,1,92.64,92.53,646.520977,100
100,1,92.66,92.53,646.521005,100
100,1,92.65,92.6,657.147815,100
113,1,92.65,92.6,657.147944,100
100,-1,92.57,92.65,661.087317,200
100,-1,92.57,92.66,673.911313,100
100,-1,92.57,92.65,673.918057,200
100,-1,92.59,92.64,673.919003,100
100,-1,92.59,92.64,673.924544,100
100,1,92.59,92.52,673.93667,200
100,1,92.56,92.52,673.942266,200
37,1,92.56,92.53,674.035724,200
63,1,92.56,92.53,674.042556,200
63,1,92.57,92.53,679.043422,100
37,1,92.57,92.53,679.043795,100
15,1,92.58,92.53,679.044652,100
100,1,92.58,92.54,679.04492,100
85,1,92.59,92.54,679.04519,100
59,1,92.59,92.54,679.045302,100
41,1,92.6,92.54,679.046141,100
100,-1,92.54,92.6,679.153129,300
100,-1,92.53,92.6,679.328025,200
100,1,92.6,92.53,680.291688,100
4,1,92.6,92.53,682.875622,100
200,1,92.58,92.52,689.832431,200
100,1,92.58,92.52,689.832754,200
100,1,92.58,92.52,689.900374,200
100,1,92.58,92.52,689.900716,200
5,-1,92.52,92.57,696.391562,100
50,-1,92.48,92.57,696.392582,100
45,-1,92.48,92.57,696.392606,100
100,-1,92.48,92.57,696.39272,100
112,-1,92.48,92.57,696.392739,100
100,1,92.57,92.45,696.39878,100
100,1,92.55,92.46,735.316293,100
95,1,92.56,92.46,737.378968,200
5,1,92.56,92.46,737.379064,200
95,1,92.56,92.46,737.379084,200
5,1,92.56,92.46,737.379109,200
100,1,92.56,92.46,737.379235,200
100,1,92.56,92.46,737.379264,200
100,1,92.56,92.46,737.379407,200
100,1,92.56,92.46,737.379513,100
100,1,92.56,92.46,737.379533,100
135,1,92.56,92.48,737.839469,200
100,1,92.56,92.48,737.839515,200
100,1,92.56,92.48,737.839644,200
100,1,92.57,92.48,737.839704,100
100,1,92.57,92.49,737.841647,100
100,1,92.59,92.53,738.172169,100
100,1,92.59,92.53,738.890293,100
100,-1,92.49,92.59,739.056201,100
100,-1,92.49,92.59,742.93874,200
46,-1,92.49,92.59,742.94059,200
100,1,92.59,92.49,742.940997,100
100,-1,92.49,92.59,742.941229,200
169,-1,92.49,92.59,742.941721,200
100,1,92.59,92.49,743.071639,100
1000,1,92.59,92.49,743.071733,100
100,1,92.57,92.5,749.855438,200
100,1,92.59,92.5,749.889187,100
200,1,92.57,92.51,753.086829,100
100,1,92.57,92.46,755.765006,100
10,1,92.56,92.52,762.54694,200
300,1,92.56,92.52,762.548173,200
113,-1,92.52,92.56,771.839986,100
100,-1,92.52,92.56,771.840058,100
100,1,92.56,92.47,771.840309,200
100,1,92.54,92.46,771.861479,100
100,1,92.54,92.43,771.863567,200
100,1,92.54,92.43,771.946088,100
100,1,92.52,92.48,792.839982,200
50,1,92.52,92.48,793.387215,100
50,1,92.54,92.48,793.388038,100
100,1,92.54,92.48,793.388398,100
100,1,92.54,92.48,808.478914,200
100,1,92.54,92.48,808.478946,100
100,1,92.54,92.48,808.478984,100
100,1,92.54,92.48,808.479019,100
100,1,92.54,92.48,808.479073,100
100,1,92.54,92.48,808.479299,100
100,1,92.56,92.48,808.479373,100
100,-1,92.56,92.57,808.498885,100
100,1,92.57,92.56,808.499144,200
100,1,92.57,92.52,808.499307,100
100,1,92.57,92.52,808.499388,100
76,-1,92.56,92.59,808.501138,200
76,1,92.59,92.51,808.57498,100
24,-1,92.49,92.58,818.789966,200
1,-1,92.48,92.55,820.007615,100
100,-1,92.48,92.55,820.913507,100
707,-1,92.48,92.54,822.052721,100
100,-1,92.48,92.54,822.80783,100
100,-1,92.45,92.54,822.808198,100
100,-1,92.45,92.53,822.808304,100
200,1,92.53,92.45,822.808673,200
100,1,92.53,92.45,823.747458,100
1,1,92.53,92.45,823.749703,100
100,1,92.53,92.45,823.749802,100
100,-1,92.46,92.52,825.346458,100
100,1,92.51,92.45,835.239259,100
100,1,92.51,92.45,835.245215,100
100,1,92.51,92.45,835.245325,100
300,1,92.52,92.45,839.922333,100
100,1,92.52,92.45,839.930476,100
500,1,92.53,92.45,840.165944,200
100,-1,92.45,92.53,841.60643,200
100,1,92.53,92.45,843.068304,300
200,1,92.52,92.45,853.333033,300
55,1,92.52,92.45,855.199783,300
100,1,92.52,92.45,855.245749,200
700,-1,92.45,92.52,868.146288,200
200,1,92.52,92.46,869.203089,200
100,1,92.52,92.46,869.203153,200
100,1,92.52,92.46,869.203201,200
200,1,92.52,92.46,869.203259,200
50,1,92.53,92.46,869.977311,200
100,1,92.53,92.46,873.195183,300
200,1,92.52,92.46,884.019662,100
100,1,92.53,92.47,899.274908,200
100,1,92.53,92.47,899.274944,200
300,1,92.53,92.47,899.274983,200
100,1,92.53,92.5,899.27806,100
100,1,92.53,92.5,899.278163,100
100,1,92.53,92.5,899.27828,100
200,1,92.55,92.5,899.27852,100
100,1,92.56,92.52,899.288847,100
100,1,92.56,92.53,899.298,100
49,-1,92.55,92.57,899.379257,100
50,1,92.57,92.53,899.388296,200
1,1,92.57,92.54,899.961326,200
100,1,92.57,92.54,899.961612,100
100,-1,92.54,92.57,901.129838,300
100,-1,92.53,92.57,901.129879,100
200,-1,92.55,92.56,901.132386,100
100,1,92.55,92.53,901.141276,100
100,1,92.54,92.53,901.142336,100
200,-1,92.53,92.54,901.142468,100
100,-1,92.48,92.54,911.880019,200
100,-1,92.44,92.54,916.135767,200
300,1,92.51,92.35,916.454767,100
200,-1,92.39,92.52,917.533406,200
200,1,92.53,92.47,927.585566,100
300,1,92.53,92.47,927.634817,100
300,1,92.53,92.47,959.901964,200
100,1,92.53,92.47,959.980581,200
10,-1,92.47,92.53,960.263268,100
199,-1,92.47,92.53,960.263678,100
1,-1,92.47,92.53,960.263723,100
99,1,92.5,92.43,960.264494,100
1,1,92.5,92.4,960.303406,200
400,1,92.51,92.44,970.457349,100
300,1,92.51,92.44,970.457376,100
200,1,92.51,92.44,970.457396,100
100,1,92.52,92.46,972.850536,100
100,-1,92.46,92.52,977.493574,200
100,1,92.52,92.46,978.131489,100
100,1,92.52,92.46,978.913241,100
100,1,92.52,92.46,978.913363,100
100,1,92.52,92.47,978.913861,100
200,1,92.52,92.47,978.913968,100
3,1,92.55,92.47,978.915367,100
100,1,92.55,92.47,978.916084,100
200,1,92.52,92.49,978.91754,100
200,-1,92.5,92.55,978.922369,100
100,1,92.52,92.5,978.922727,100
51,-1,92.49,92.55,978.923929,100
100,-1,92.54,92.55,980.095181,100
49,-1,92.54,92.55,980.095466,100
100,1,92.55,92.5,980.095659,100
100,1,92.56,92.5,982.606714,100
100,1,92.57,92.52,999.516029,100
100,1,92.58,92.53,1018.320805,200
100,-1,92.53,92.58,1018.320924,200
100,-1,92.53,92.58,1018.320945,200
100,-1,92.53,92.58,1018.321027,100
100,-1,92.53,92.58,1018.321051,100
100,-1,92.53,92.58,1018.321127,100
100,-1,92.53,92.58,1018.321157,100
100,1,92.58,92.53,1018.321248,200
100,1,92.58,92.53,1018.321353,200
800,-1,92.53,92.58,1018.321484,100
100,1,92.58,92.53,1018.321553,200
400,-1,92.49,92.57,1018.32158,100
100,1,92.57,92.5,1018.327116,200
100,1,92.57,92.5,1018.33377,200
5,-1,92.5,92.56,1019.170405,100
95,-1,92.49,92.56,1019.170919,200
100,-1,92.49,92.56,1020.944527,300
5,1,92.56,92.5,1029.646269,100
100,1,92.56,92.52,1044.147379,100
100,1,92.58,92.52,1047.855715,100
100,1,92.58,92.52,1047.855742,100
100,1,92.61,92.54,1052.850594,300
100,-1,92.55,92.61,1055.259871,100
300,-1,92.55,92.61,1055.259956,100
100,-1,92.55,92.6,1055.26395,200
100,1,92.6,92.54,1057.849483,100
100,1,92.6,92.54,1062.63036,100
100,1,92.6,92.53,1092.047103,200
100,-1,92.53,92.57,1101.212818,200
50,-1,92.53,92.57,1101.219398,200
50,-1,92.52,92.57,1102.918828,400
13,1,92.57,92.52,1105.347712,200
50,1,92.57,92.52,1105.347819,200
37,1,92.57,92.52,1105.348022,200
200,1,92.57,92.52,1105.348142,200
5,1,92.57,92.55,1105.348443,100
95,1,92.57,92.55,1105.348975,100
100,1,92.58,92.55,1105.349093,100
100,-1,92.55,92.58,1105.351222,2400
100,1,92.58,92.55,1105.351639,100
100,1,92.6,92.55,1105.351982,200
100,1,92.62,92.56,1105.537198,100
200,1,92.62,92.57,1114.330689,100
100,1,92.62,92.57,1114.714066,100
100,1,92.62,92.57,1114.714153,100
100,1,92.63,92.59,1114.79367,100
100,1,92.63,92.59,1114.793695,100
800,1,92.63,92.59,1114.829284,100
100,1,92.64,92.6,1115.080547,100
300,1,92.64,92.6,1115.080974,100
800,-1,92.61,92.64,1115.090986,200
100,-1,92.62,92.64,1119.945477,100
100,-1,92.62,92.64,1119.94581,100
100,1,92.64,92.59,1119.946096,100
400,-1,92.59,92.64,1119.946228,100
200,-1,92.62,92.63,1119.947692,100
500,1,92.63,92.59,1119.94794,100
100,1,92.63,92.59,1119.948647,100
75,-1,92.59,92.62,1123.442592,100
25,1,92.62,92.52,1123.442655,200
100,1,92.63,92.54,1130.02167,100
100,1,92.65,92.58,1136.004302,100
100,-1,92.59,92.67,1137.695556,200
57,1,92.67,92.6,1138.912382,100
100,-1,92.63,92.7,1159.183247,200
100,1,92.7,92.63,1159.183273,200
100,1,92.7,92.63,1159.183297,200
100,-1,92.65,92.72,1159.223116,200
100,1,92.69,92.65,1159.296242,100
64,-1,92.66,92.72,1160.761338,200
36,1,92.72,92.66,1162.215946,100
89,1,92.72,92.68,1173.63254,100
11,1,92.73,92.68,1173.632751,100
90,1,92.74,92.68,1173.685563,100
101,1,92.74,92.68,1173.685634,100
1,1,92.74,92.69,1173.686002,100
200,1,92.77,92.71,1181.943149,100
60,1,92.8,92.71,1187.182885,100
100,1,92.8,92.71,1187.187967,100
100,1,92.82,92.74,1204.169009,100
100,1,92.82,92.74,1204.169043,100
50,-1,92.75,92.82,1205.203241,100
50,1,92.84,92.76,1205.923437,100
100,1,92.84,92.76,1205.926221,200
3,-1,92.75,92.85,1211.068409,300
100,-1,92.75,92.83,1217.142503,200
179,-1,92.75,92.83,1217.168819,200
97,-1,92.75,92.83,1217.195996,200
100,-1,92.78,92.86,1235.020408,200
100,-1,92.78,92.86,1235.032561,200
3,1,92.86,92.78,1235.042613,100
100,-1,92.78,92.86,1237.803337,200
100,-1,92.8,92.86,1241.948045,200
100,-1,92.8,92.86,1242.20197,100
100,-1,92.8,92.86,1242.201999,100
100,-1,92.8,92.86,1242.202095,100
100,-1,92.8,92.86,1242.202139,100
100,-1,92.8,92.86,1242.202161,100
100,-1,92.8,92.86,1242.202304,100
100,-1,92.8,92.86,1242.202549,100
100,-1,92.8,92.86,1242.202656,100
100,-1,92.8,92.85,1242.202679,100
100,-1,92.8,92.84,1242.20725,100
100,-1,92.79,92.83,1242.233755,500
100,-1,92.79,92.83,1242.234002,500
200,1,92.82,92.79,1243.301901,100
100,-1,92.79,92.82,1243.407851,200
100,-1,92.79,92.82,1243.414038,200
100,1,92.82,92.79,1243.426814,100
100,1,92.83,92.8,1243.43202,100
100,1,92.84,92.81,1245.273061,100
100,1,92.85,92.81,1245.274789,300
60,1,92.85,92.8,1262.846284,200
40,1,92.85,92.8,1262.846807,200
300,1,92.85,92.8,1263.579014,100
100,1,92.85,92.8,1263.582567,100
100,-1,92.8,92.85,1269.707365,100
100,-1,92.79,92.85,1270.366237,100
100,-1,92.79,92.84,1270.367238,100
200,-1,92.79,92.84,1270.367901,100
400,-1,92.75,92.84,1270.367992,100
100,-1,92.75,92.84,1270.368014,100
100,-1,92.75,92.84,1270.36821,100
100,1,92.81,92.75,1286.242674,100
124,1,92.78,92.75,1305.270739,100
50,1,92.81,92.75,1305.273281,100
11,1,92.81,92.75,1305.273375,100
200,1,92.81,92.75,1305.409735,100
100,1,92.83,92.75,1305.457282,100
300,1,92.87,92.79,1323.142685,100
200,1,92.88,92.81,1323.14915,100
100,1,92.88,92.81,1329.535715,100
100,1,92.89,92.82,1329.824312,100
100,1,92.91,92.82,1351.82149,100
100,1,92.91,92.86,1359.18015,100
100,-1,92.86,92.95,1380.30735,100
300,-1,92.88,92.95,1390.211981,100
300,-1,92.88,92.95,1390.212009,100
100,-1,92.88,92.95,1390.212035,100
100,-1,92.88,92.95,1390.212053,100
100,-1,92.88,92.95,1390.212092,100
100,-1,92.88,92.95,1390.212187,100
100,-1,92.88,92.95,1390.21233,100
100,-1,92.87,92.95,1390.22355,300
100,-1,92.87,92.95,1390.22517,300
200,-1,92.87,92.94,1390.24087,300
100,-1,92.87,92.94,1390.24439,300
68,-1,92.87,92.94,1390.252975,200
32,-1,92.87,92.94,1390.322612,200
100,1,92.95,92.87,1390.545668,100
68,-1,92.87,92.95,1390.919115,200
100,-1,92.86,92.95,1390.919492,100
32,-1,92.86,92.94,1390.921484,100
32,-1,92.86,92.94,1390.922527,100
100,1,92.9,92.83,1391.655863,100
100,-1,92.83,92.9,1391.790573,100
100,-1,92.79,92.87,1404.595547,100
50,-1,92.75,92.84,1412.025892,100
100,-1,92.75,92.84,1412.025989,100
100,-1,92.75,92.81,1414.745389,100
100,-1,92.72,92.81,1420.708171,100
100,1,92.74,92.68,1420.744332,100
700,-1,92.68,92.74,1420.785975,500
100,-1,92.65,92.73,1420.878538,100
100,1,92.7,92.65,1421.066221,100
100,1,92.7,92.65,1421.066555,100
100,1,92.74,92.66,1421.140408,100
100,1,92.74,92.66,1421.210943,100
100,1,92.74,92.66,1421.812875,100
100,1,92.74,92.66,1421.81295,100
100,1,92.74,92.66,1421.812989,100
100,1,92.75,92.66,1421.813385,100
200,-1,92.7,92.81,1421.815797,400
100,1,92.81,92.71,1421.824928,100
200,-1,92.73,92.8,1425.132926,100
100,-1,92.72,92.8,1425.711539,200
100,1,92.77,92.69,1426.006186,100
100,1,92.77,92.69,1426.006212,100
100,-1,92.72,92.81,1429.222047,100
200,-1,92.72,92.78,1438.234402,100
100,-1,92.67,92.77,1439.370438,200
50,-1,92.68,92.77,1447.435982,300
50,1,92.76,92.71,1452.958344,100
100,-1,92.72,92.76,1452.981631,100
100,1,92.77,92.73,1453.862509,100
100,1,92.77,92.73,1453.862742,100
1,1,92.79,92.73,1453.862857,100
1,1,92.77,92.75,1453.890032,100
1,1,92.77,92.75,1453.89012,100
1,1,92.78,92.75,1453.890677,100
96,-1,92.75,92.78,1453.891009,100
100,1,92.78,92.75,1453.959008,100
100,-1,92.72,92.78,1457.442626,200
1,-1,92.72,92.77,1458.647904,300
100,-1,92.72,92.77,1458.648003,100
68,1,92.77,92.64,1458.667875,100
32,1,92.77,92.64,1458.667992,100
68,1,92.78,92.66,1458.772137,200
100,-1,92.65,92.72,1460.450129,200
16,1,92.72,92.65,1460.450435,200
100,-1,92.65,92.72,1468.44217,200
100,-1,92.65,92.72,1468.442554,200
100,-1,92.66,92.69,1473.360023,100
100,1,92.69,92.66,1473.49,100
100,1,92.69,92.65,1476.651532,200
100,1,92.71,92.65,1476.651561,100
100,1,92.72,92.66,1476.653998,100
100,1,92.72,92.66,1476.654228,100
100,1,92.72,92.67,1476.657971,100
100,1,92.74,92.67,1476.659287,100
100,1,92.74,92.68,1476.764486,100
300,-1,92.68,92.74,1477.745918,200
200,1,92.77,92.69,1479.07712,100
100,-1,92.73,92.81,1489.409914,800
1,-1,92.73,92.81,1489.409934,800
100,-1,92.77,92.82,1493.508412,100
100,-1,92.77,92.78,1494.453458,100
100,-1,92.76,92.78,1494.454115,200
100,-1,92.76,92.78,1494.465022,100
1,-1,92.76,92.78,1494.769557,100
100,-1,92.75,92.78,1495.100508,100
100,1,92.78,92.72,1496.571065,100
1,1,92.78,92.72,1497.571374,100
1,1,92.78,92.7,1522.96792,100
100,1,92.78,92.73,1524.324998,100
1,-1,92.73,92.78,1524.399152,200
100,1,92.78,92.73,1525.502158,100
1,1,92.78,92.73,1525.502241,100
100,-1,92.73,92.8,1544.648089,400
100,-1,92.7,92.8,1552.006767,600
200,1,92.8,92.7,1559.613632,100
10,-1,92.71,92.8,1560.174751,100
400,-1,92.67,92.78,1567.284858,200
100,-1,92.67,92.78,1567.287872,200
1,-1,92.67,92.78,1567.291503,200
5,-1,92.65,92.78,1577.444724,300
100,1,92.77,92.68,1589.604249,100
100,-1,92.68,92.77,1590.166644,2900
100,1,92.79,92.7,1596.130614,100
149,-1,92.7,92.79,1600.441083,200
100,-1,92.7,92.79,1600.441636,200
100,-1,92.7,92.79,1600.44166,200
100,-1,92.7,92.78,1600.441885,100
16,-1,92.69,92.78,1600.442015,400
100,-1,92.69,92.78,1600.442038,400
100,-1,92.69,92.78,1600.442062,400
100,-1,92.69,92.78,1600.442152,400
100,-1,92.69,92.78,1600.442175,400
100,-1,92.69,92.78,1600.442284,400
200,-1,92.69,92.76,1602.681773,400
100,1,92.76,92.69,1602.718289,200
100,-1,92.69,92.76,1602.718314,400
100,1,92.76,92.69,1602.718427,200
100,1,92.73,92.69,1602.71852,100
100,-1,92.69,92.73,1602.718545,400
100,-1,92.69,92.73,1602.718573,400
100,-1,92.69,92.73,1602.718616,400
100,-1,92.69,92.73,1602.718673,400
100,-1,92.69,92.73,1602.718919,400
100,-1,92.61,92.68,1602.87465,100
100,-1,92.61,92.68,1606.921301,100
100,-1,92.61,92.68,1606.923509,100
100,-1,92.61,92.68,1608.337486,100
83,-1,92.61,92.68,1608.337585,100
17,-1,92.61,92.68,1608.337605,100
33,-1,92.6,92.64,1608.35122,100
100,-1,92.6,92.64,1609.479681,100
67,-1,92.6,92.64,1609.479775,100
100,-1,92.6,92.64,1609.544454,100
100,-1,92.6,92.64,1620.442435,100
100,-1,92.6,92.64,1621.866256,100
100,-1,92.6,92.64,1624.266501,100
100,-1,92.6,92.63,1628.040088,100
100,-1,92.6,92.63,1628.040543,100
100,-1,92.6,92.62,1628.041436,100
100,-1,92.6,92.62,1628.055522,100
1,-1,92.6,92.62,1628.055953,100
100,1,92.62,92.6,1628.481682,100
49,-1,92.6,92.62,1628.765044,100
100,-1,92.6,92.61,1628.823367,100
100,-1,92.6,92.61,1628.949492,100
100,-1,92.6,92.61,1628.950401,100
100,-1,92.6,92.61,1629.828291,100
100,1,92.61,92.6,1629.828725,100
100,-1,92.6,92.63,1629.829252,100
200,1,92.63,92.6,1632.405821,100
200,1,92.63,92.6,1632.405845,100
100,1,92.63,92.6,1632.405907,100
300,1,92.64,92.61,1632.406179,100
100,1,92.64,92.61,1632.40632,100
300,1,92.64,92.61,1632.406342,100
49,1,92.64,92.6,1640.343142,200
100,-1,92.6,92.64,1644.420044,200
99,-1,92.6,92.64,1644.420135,100
100,-1,92.6,92.64,1644.420253,100
100,-1,92.6,92.64,1644.428218,100
6,-1,92.6,92.64,1644.432488,100
100,-1,92.6,92.64,1644.432507,100
64,-1,92.6,92.64,1644.433071,100
100,-1,92.6,92.64,1644.440362,100
200,-1,92.6,92.64,1644.453237,100
36,-1,92.6,92.63,1644.453421,100
300,-1,92.6,92.63,1644.454175,100
100,-1,92.6,92.63,1644.460939,100
100,1,92.63,92.6,1644.898586,100
100,-1,92.6,92.63,1645.645021,200
100,-1,92.6,92.63,1645.946672,100
100,-1,92.6,92.63,1647.223719,200
100,-1,92.6,92.63,1647.223832,200
100,-1,92.6,92.63,1650.782377,100
100,-1,92.6,92.63,1653.739202,100
2,-1,92.6,92.63,1653.739254,100
100,-1,92.6,92.63,1653.739463,100
100,1,92.64,92.6,1657.564449,200
100,-1,92.6,92.64,1657.564487,100
100,1,92.64,92.6,1657.567079,200
300,1,92.64,92.6,1667.261892,100
1100,1,92.64,92.6,1667.306138,100
800,1,92.64,92.6,1667.313339,100
100,1,92.66,92.6,1667.314276,100
600,1,92.66,92.61,1667.377677,100
400,1,92.66,92.61,1667.432291,100
100,1,92.66,92.61,1667.437932,100
600,1,92.67,92.61,1669.248073,100
500,-1,92.61,92.67,1681.626034,100
900,1,92.68,92.61,1694.326101,100
1000,1,92.65,92.61,1718.680323,100
100,1,92.65,92.61,1729.765773,100
100,-1,92.61,92.65,1729.765958,100
100,1,92.65,92.61,1729.766057,100
100,1,92.65,92.6,1746.231749,100
100,1,92.65,92.6,1747.173153,100
100,-1,92.6,92.63,1759.110816,200
100,1,92.63,92.6,1759.112646,100
100,1,92.63,92.6,1759.11275,100
100,-1,92.6,92.64,1759.113566,300
100,-1,92.6,92.64,1759.113712,300
100,1,92.64,92.6,1759.114328,100
100,-1,92.6,92.62,1759.116342,200
100,-1,92.6,92.62,1759.117209,200
100,-1,92.6,92.62,1759.117864,200
900,-1,92.6,92.62,1759.118187,200
500,-1,92.6,92.62,1759.118446,200
200,1,92.62,92.6,1759.120708,100
100,-1,92.6,92.62,1759.121033,100
100,-1,92.61,92.64,1759.198833,100
200,-1,92.61,92.64,1759.199131,100
100,-1,92.6,92.64,1759.256696,100
300,-1,92.6,92.64,1759.31878,100
300,-1,92.6,92.64,1759.31916,100
100,-1,92.6,92.64,1759.31928,100
100,1,92.63,92.6,1764.051323,100
100,1,92.65,92.6,1764.05153,200
100,1,92.65,92.6,1764.051601,200
100,1,92.65,92.6,1764.05166,200
100,-1,92.6,92.65,1765.080078,200
100,1,92.65,92.6,1765.36352,100
100,1,92.65,92.6,1766.093193,100
300,1,92.67,92.6,1766.094879,200
100,1,92.65,92.62,1766.599412,100
200,-1,92.61,92.67,1769.105249,300
100,-1,92.61,92.67,1769.106937,300
100,-1,92.66,92.69,1781.262696,100
100,1,92.69,92.68,1781.263624,100
100,1,92.68,92.67,1781.336344,100
100,1,92.68,92.67,1781.336392,100
200,-1,92.66,92.68,1782.070409,100
100,1,92.67,92.61,1794.515469,100
100,-1,92.62,92.67,1801.251354,200
2,-1,92.6,92.67,1801.861586,200
100,-1,92.6,92.67,1801.861727,200
100,-1,92.6,92.65,1802.20895,100
100,-1,92.6,92.65,1802.209037,100
200,-1,92.6,92.65,1802.209089,100
100,-1,92.6,92.65,1802.2092,100
100,-1,92.6,92.65,1802.209222,100
100,-1,92.6,92.64,1803.997962,100
100,-1,92.6,92.64,1803.998435,100
100,-1,92.6,92.64,1803.998585,100
100,-1,92.6,92.64,1803.998685,100
100,-1,92.6,92.64,1803.998706,100
100,-1,92.6,92.64,1803.998804,100
100,-1,92.6,92.64,1803.998824,100
600,-1,92.6,92.64,1804.000246,100
100,-1,92.6,92.63,1804.003587,100
100,-1,92.6,92.63,1804.00448,100
50,-1,92.6,92.63,1804.006542,100
50,-1,92.6,92.63,1811.566006,100
100,1,92.63,92.6,1819.865039,100
100,1,92.63,92.6,1819.8651,100
100,1,92.63,92.6,1819.894862,100
100,1,92.63,92.6,1822.786845,100
100,1,92.64,92.61,1822.786976,200
100,1,92.64,92.61,1822.934686,200
100,1,92.65,92.61,1822.935077,200
100,1,92.65,92.62,1826.598887,100
100,1,92.66,92.62,1826.599003,100
100,1,92.66,92.62,1826.599024,100
100,1,92.67,92.64,1826.617128,100
100,1,92.68,92.64,1826.618268,200
100,1,92.68,92.64,1826.618611,200
100,1,92.69,92.66,1830.081958,100
100,1,92.68,92.67,1840.785607,100
200,1,92.69,92.67,1840.785748,100
100,1,92.69,92.67,1840.786812,100
100,-1,92.66,92.68,1841.162083,100
100,-1,92.66,92.68,1841.162181,100
100,-1,92.63,92.69,1851.442396,100
100,1,92.66,92.61,1860.374158,100
100,-1,92.62,92.66,1861.891667,100
100,-1,92.62,92.66,1861.891793,100
100,-1,92.62,92.66,1861.900105,100
100,-1,92.62,92.66,1861.900135,100
100,-1,92.61,92.65,1861.94606,300
100,-1,92.6,92.65,1861.949122,200
100,-1,92.6,92.65,1861.951928,200
100,-1,92.6,92.65,1862.46188,200
600,1,92.65,92.6,1862.572258,200
100,-1,92.6,92.65,1863.145321,200
1,-1,92.6,92.65,1863.147884,200
300,1,92.64,92.6,1865.084668,200
387,-1,92.6,92.61,1873.862833,200
100,-1,92.6,92.61,1873.863238,100
300,-1,92.6,92.61,1873.86329,100
100,-1,92.6,92.61,1873.863389,100
100,-1,92.6,92.61,1873.988742,100
200,-1,92.6,92.61,1875.548866,100
13,-1,92.6,92.61,1876.447947,100
100,-1,92.6,92.61,1876.44837,100
100,-1,92.6,92.61,1876.448484,100
100,-1,92.6,92.61,1876.563302,100
87,-1,92.6,92.61,1876.563883,100
100,-1,92.6,92.61,1876.563995,100
200,-1,92.6,92.61,1877.023562,100
100,-1,92.6,92.61,1877.025927,100
200,-1,92.6,92.61,1877.026044,100
100,-1,92.6,92.61,1877.026063,100
3,-1,92.6,92.61,1877.210585,100
100,-1,92.6,92.61,1877.210864,100
100,-1,92.6,92.61,1877.213015,100
100,-1,92.6,92.61,1877.316411,100
100,1,92.61,92.6,1877.759274,200
100,1,92.61,92.6,1877.759776,200
100,1,92.61,92.6,1877.759858,200
100,1,92.61,92.6,1877.760483,200
100,-1,92.6,92.61,1877.950681,100
100,-1,92.6,92.61,1878.265712,100
100,-1,92.6,92.61,1882.975413,100
100,-1,92.6,92.61,1882.979145,100
100,-1,92.6,92.61,1883.141658,100
100,1,92.61,92.6,1885.57516,200
95,1,92.61,92.6,1889.152619,200
400,1,92.61,92.6,1891.602826,100
300,1,92.61,92.6,1891.602976,100
100,1,92.61,92.6,1891.603463,100
200,1,92.61,92.6,1892.152158,100
200,-1,92.6,92.61,1894.738492,100
300,-1,92.6,92.61,1894.738556,100
700,-1,92.6,92.61,1894.739015,100
99,-1,92.6,92.61,1894.740377,100
201,-1,92.6,92.61,1894.743412,100
200,-1,92.6,92.61,1894.746408,100
87,-1,92.6,92.61,1894.772073,100
300,-1,92.6,92.61,1894.892773,100
13,-1,92.6,92.61,1895.398128,100
300,-1,92.6,92.61,1898.389425,100
137,-1,92.6,92.61,1898.391627,100
100,-1,92.6,92.61,1898.392017,100
100,-1,92.6,92.61,1898.395615,100
100,-1,92.6,92.61,1898.547221,100
200,-1,92.6,92.61,1898.5485,100
100,-1,92.6,92.61,1898.65335,100
600,-1,92.6,92.61,1898.715096,100
300,-1,92.6,92.61,1898.715975,100
100,-1,92.6,92.61,1898.717577,100
90,-1,92.6,92.61,1898.738611,100
100,-1,92.6,92.61,1898.743323,100
16,-1,92.6,92.61,1898.74451,100
294,-1,92.6,92.61,1898.745328,100
9,-1,92.6,92.61,1898.746256,100
100,-1,92.6,92.61,1898.746422,100
100,-1,92.6,92.61,1898.748149,100
89,-1,92.6,92.61,1898.7489,100
100,-1,92.6,92.61,1898.959694,100
100,-1,92.6,92.61,1898.960552,100
100,-1,92.6,92.61,1899.080246,100
100,1,92.61,92.6,1899.511887,200
100,1,92.61,92.6,1899.511911,200
300,1,92.61,92.6,1899.512385,100
100,1,92.62,92.6,1899.512506,100
200,1,92.63,92.61,1899.514009,100
200,1,92.62,92.6,1903.109995,100
100,1,92.63,92.6,1906.237706,200
500,1,92.65,92.61,1906.943755,200
100,-1,92.62,92.66,1906.944726,100
100,1,92.69,92.63,1906.948528,100
200,-1,92.64,92.69,1907.077648,100
100,-1,92.64,92.67,1910.672573,100
100,-1,92.64,92.66,1910.673466,100
100,-1,92.6,92.66,1910.674479,100
100,-1,92.61,92.64,1910.701669,100
100,-1,92.6,92.64,1910.82287,100
100,-1,92.6,92.64,1910.82301,100
100,-1,92.6,92.64,1910.823145,100
100,-1,92.6,92.64,1910.825801,100
100,-1,92.6,92.63,1910.861869,100
1100,-1,92.6,92.63,1910.874386,100
100,-1,92.6,92.63,1910.875359,100
200,-1,92.6,92.63,1910.878547,100
100,-1,92.6,92.61,1911.012908,100
200,-1,92.6,92.61,1911.031141,100
400,-1,92.6,92.61,1911.065046,100
100,-1,92.6,92.61,1911.166108,100
100,-1,92.6,92.61,1911.166892,100
100,-1,92.6,92.61,1911.168709,100
100,-1,92.59,92.61,1911.183429,100
300,-1,92.59,92.61,1911.183676,100
100,-1,92.59,92.6,1912.225184,100
100,-1,92.59,92.6,1912.225513,100
100,1,92.59,92.57,1912.226214,100
100,-1,92.55,92.59,1912.226709,100
100,-1,92.52,92.58,1913.059012,400
100,-1,92.5,92.57,1916.591972,100
453,-1,92.5,92.57,1916.604568,100
100,-1,92.45,92.56,1916.698424,100
100,-1,92.45,92.56,1916.698604,100
100,-1,92.45,92.54,1916.772264,100
100,1,92.54,92.43,1916.973443,200
100,-1,92.42,92.53,1919.853147,300
100,1,92.53,92.48,1927.688803,100
100,1,92.53,92.48,1927.689522,100
100,1,92.53,92.48,1927.693297,100
100,1,92.53,92.48,1927.69342,100
100,-1,92.52,92.57,1927.839711,200
100,-1,92.53,92.57,1928.08827,200
100,-1,92.54,92.57,1928.099265,300
100,-1,92.54,92.57,1928.1097,300
100,-1,92.54,92.57,1928.121718,300
102,-1,92.54,92.57,1928.133559,300
100,1,92.57,92.54,1928.234783,100
100,1,92.57,92.54,1928.234841,100
100,1,92.58,92.54,1928.235005,100
100,-1,92.55,92.58,1928.454651,200
200,1,92.58,92.55,1928.843284,100
100,-1,92.55,92.58,1929.114316,200
100,-1,92.55,92.58,1930.216799,200
100,-1,92.55,92.58,1933.151467,200
100,-1,92.55,92.57,1936.988992,200
86,-1,92.55,92.56,1936.990188,200
100,-1,92.55,92.56,1936.990268,100
100,-1,92.54,92.56,1936.993823,100
100,-1,92.54,92.56,1936.994138,100
100,-1,92.54,92.56,1936.99509,100
100,-1,92.54,92.55,1936.995789,100
100,1,92.55,92.54,1936.995834,100
200,1,92.55,92.5,1937.007261,200
800,1,92.56,92.5,1941.795633,100
400,1,92.56,92.5,1941.795691,100
400,1,92.56,92.5,1941.795717,100
400,1,92.56,92.5,1941.795776,100
600,1,92.56,92.5,1941.795796,100
100,1,92.56,92.5,1941.795872,100
200,1,92.56,92.51,1941.796058,100
200,1,92.57,92.51,1941.79616,100
100,1,92.57,92.54,1941.994987,100
100,1,92.56,92.49,1944.773516,100
100,1,92.56,92.5,1950.032554,100
400,1,92.58,92.54,1959.965816,100
1400,1,92.58,92.54,1959.965844,100
100,1,92.58,92.54,1959.966094,100
100,1,92.59,92.54,1959.966989,100
100,1,92.59,92.55,1959.967647,100
100,-1,92.56,92.59,1962.033209,200
2,-1,92.56,92.59,1971.612424,100
100,-1,92.56,92.59,1971.613978,100
200,-1,92.56,92.59,1971.614002,100
100,-1,92.56,92.59,1971.614302,100
100,1,92.59,92.56,1971.614326,100
100,-1,92.56,92.59,1971.614762,100
100,-1,92.56,92.59,1971.616512,100
400,-1,92.56,92.59,1971.617197,100
100,-1,92.56,92.59,1971.61726,100
100,1,92.57,92.55,1971.619203,100
100,1,92.57,92.55,1971.619389,100
98,-1,92.55,92.58,1971.619415,100
100,-1,92.56,92.58,1971.619561,100
100,1,92.58,92.55,1971.630515,200
87,1,92.58,92.55,1971.630595,200
13,-1,92.55,92.58,1973.402713,100
2,1,92.58,92.52,1974.978143,300
85,1,92.59,92.55,1975.492437,100
100,1,92.59,92.55,1975.492529,100
100,1,92.6,92.56,1975.493102,100
200,1,92.6,92.56,1975.493199,100
200,-1,92.57,92.6,1977.24604,200
200,1,92.6,92.57,1985.842675,100
1,1,92.6,92.55,1988.589189,200
15,-1,92.55,92.59,1988.897932,200
100,-1,92.54,92.59,1988.898028,100
100,1,92.56,92.5,1996.753583,100
300,1,92.57,92.52,1998.783774,300
600,1,92.55,92.52,2005.936546,100
100,1,92.54,92.48,2007.213327,100
100,1,92.54,92.47,2008.983838,200
100,-1,92.48,92.54,2010.61428,100
99,1,92.53,92.48,2019.187156,200
100,-1,92.48,92.53,2025.956094,100
100,-1,92.48,92.52,2026.479978,100
200,-1,92.47,92.52,2026.480023,100
100,-1,92.47,92.52,2026.480141,100
50,-1,92.47,92.52,2026.480464,100
50,-1,92.47,92.5,2026.480924,100
200,1,92.5,92.43,2026.481664,200
100,1,92.5,92.43,2026.481769,200
100,1,92.49,92.43,2026.482009,100
100,1,92.49,92.43,2029.383118,200
100,1,92.51,92.45,2030.538681,100
7,1,92.51,92.47,2030.653313,100
100,1,92.53,92.47,2036.094267,200
100,-1,92.47,92.53,2037.766682,100
100,1,92.51,92.45,2039.584097,200
100,1,92.49,92.45,2039.812808,100
64,-1,92.47,92.52,2040.701426,100
100,-1,92.47,92.52,2040.880197,100
36,1,92.49,92.45,2042.762107,200
100,-1,92.45,92.49,2044.356695,100
100,1,92.48,92.43,2049.153267,100
300,1,92.49,92.43,2049.15346,100
100,1,92.49,92.43,2049.153557,100
100,1,92.49,92.43,2049.153585,100
100,1,92.49,92.43,2049.153638,100
8,1,92.49,92.43,2049.153719,100
100,1,92.49,92.43,2049.153841,100
64,1,92.49,92.43,2049.15402,100
100,1,92.49,92.46,2049.157216,100
100,1,92.51,92.46,2049.157323,300
100,1,92.51,92.46,2049.215013,100
36,1,92.51,92.46,2049.215197,100
100,1,92.53,92.47,2050.084312,100
100,-1,92.47,92.53,2053.23621,200
100,1,92.51,92.46,2060.284078,200
100,1,92.51,92.5,2060.285238,200
100,-1,92.51,92.53,2060.97161,100
300,-1,92.51,92.53,2061.010574,100
100,1,92.52,92.47,2061.014659,100
100,1,92.49,92.44,2071.613575,100
100,1,92.49,92.44,2071.984961,200
100,1,92.49,92.47,2075.917344,100
100,1,92.49,92.47,2075.917375,100
100,1,92.5,92.47,2075.918203,100
200,1,92.47,92.46,2076.035996,100
64,-1,92.46,92.49,2076.036091,400
100,1,92.47,92.46,2076.036178,100
200,1,92.47,92.46,2076.036775,100
100,-1,92.46,92.47,2076.037416,300
100,-1,92.46,92.47,2076.057441,200
200,-1,92.46,92.48,2077.272425,200
100,1,92.49,92.46,2077.552472,100
100,1,92.49,92.46,2082.79328,300
100,1,92.49,92.46,2083.68398,300
100,1,92.49,92.47,2085.168417,200
100,1,92.49,92.47,2086.849742,100
100,1,92.49,92.47,2089.095061,100
100,-1,92.47,92.49,2089.165436,100
100,1,92.49,92.47,2090.677695,300
100,1,92.49,92.47,2090.742805,300
100,1,92.47,92.46,2091.24654,100
100,-1,92.43,92.47,2092.838676,100
100,1,92.46,92.43,2092.838785,100
100,1,92.46,92.43,2092.839131,200
100,1,92.46,92.43,2097.50946,300
100,1,92.45,92.43,2098.348009,100
100,1,92.46,92.43,2099.711973,300
200,1,92.46,92.43,2100.471941,400
100,1,92.46,92.43,2101.706039,300
5,1,92.46,92.43,2101.706252,300
100,1,92.46,92.43,2101.706314,300
100,1,92.46,92.43,2101.706495,300
100,1,92.46,92.44,2101.706593,200
100,1,92.46,92.44,2101.706695,200
50,1,92.47,92.44,2101.709738,200
200,1,92.47,92.44,2101.709839,200
17,1,92.48,92.45,2101.710325,200
50,1,92.48,92.45,2101.732814,200
100,1,92.48,92.45,2101.809619,200
1,-1,92.45,92.48,2101.849815,100
49,1,92.48,92.45,2102.868612,200
1,1,92.48,92.45,2102.868869,100
100,1,92.49,92.45,2102.869013,100
120,1,92.52,92.46,2103.684777,100
49,1,92.53,92.48,2107.941123,100
2,1,92.53,92.49,2107.941244,100
49,1,92.54,92.49,2107.941502,100
100,1,92.54,92.49,2107.941724,100
100,1,92.54,92.51,2107.967081,100
100,-1,92.51,92.54,2108.001348,200
100,1,92.52,92.51,2109.924164,100
100,1,92.52,92.51,2109.924251,100
100,-1,92.54,92.58,2111.850927,100
100,1,92.58,92.54,2116.360022,100
100,-1,92.55,92.61,2116.482583,100
100,-1,92.55,92.61,2116.497646,100
100,-1,92.55,92.6,2116.508682,100
100,1,92.6,92.55,2117.583741,100
200,-1,92.56,92.61,2125.850748,200
100,-1,92.56,92.61,2125.86219,200
100,-1,92.56,92.61,2125.873996,200
100,-1,92.56,92.61,2125.890077,200
100,-1,92.56,92.61,2125.896521,200
100,-1,92.56,92.61,2128.892891,300
300,1,92.61,92.56,2128.985857,200
100,-1,92.56,92.61,2134.323857,200
100,-1,92.56,92.6,2134.324544,200
100,-1,92.56,92.6,2134.32465,200
100,-1,92.56,92.6,2134.324678,200
100,-1,92.56,92.6,2134.3247,200
100,-1,92.54,92.58,2134.32654,200
600,1,92.57,92.54,2134.333896,100
200,1,92.57,92.54,2134.336702,100
1,-1,92.56,92.57,2134.344007,100
100,-1,92.56,92.58,2134.344166,100
100,-1,92.56,92.58,2134.344371,100
100,-1,92.55,92.61,2141.511435,100
100,1,92.6,92.53,2144.99612,200
100,1,92.6,92.54,2146.083454,100
100,1,92.62,92.56,2147.996587,200
100,1,92.62,92.56,2149.99617,200
100,1,92.62,92.56,2149.996215,200
100,1,92.62,92.57,2149.998046,100
100,1,92.63,92.57,2149.998148,200
100,1,92.63,92.57,2149.998237,200
100,1,92.63,92.57,2149.998617,100
100,-1,92.59,92.64,2159.692017,300
100,-1,92.59,92.64,2159.695183,300
100,-1,92.59,92.64,2159.695283,300
1,-1,92.59,92.64,2159.695284,300
200,-1,92.59,92.64,2159.695309,300
100,-1,92.59,92.64,2159.69539,200
100,-1,92.59,92.64,2159.695484,100
300,-1,92.58,92.62,2159.707287,100
100,-1,92.57,92.62,2159.707785,100
100,-1,92.54,92.61,2160.742263,100
100,1,92.6,92.56,2174.94465,200
100,-1,92.56,92.59,2181.899742,100
100,1,92.59,92.54,2186.628678,200
100,1,92.59,92.56,2202.924793,100
5,-1,92.56,92.59,2203.220274,100
100,1,92.6,92.56,2207.319226,200
100,1,92.6,92.57,2207.319268,200
100,1,92.6,92.57,2207.319368,200
100,1,92.6,92.57,2211.708222,300
100,1,92.6,92.57,2211.708501,100
100,1,92.6,92.58,2211.708699,100
100,1,92.61,92.58,2211.708788,300
300,1,92.61,92.59,2211.710601,300
100,1,92.61,92.59,2211.714999,300
2,1,92.6,92.57,2211.952062,100
100,1,92.6,92.58,2211.953383,100
101,1,92.61,92.58,2211.953452,200
100,-1,92.57,92.61,2212.929838,100
50,1,92.61,92.57,2214.258271,200
49,1,92.61,92.57,2216.937964,200
100,1,92.61,92.59,2223.069244,100
100,1,92.61,92.59,2223.072161,100
100,1,92.61,92.59,2226.055078,100
100,1,92.61,92.6,2226.055233,100
100,1,92.61,92.6,2226.055324,100
100,1,92.61,92.6,2226.055351,100
100,1,92.62,92.6,2226.105816,400
99,1,92.62,92.6,2226.105905,300
100,1,92.62,92.6,2226.105937,100
100,1,92.62,92.6,2226.105965,100
100,1,92.62,92.6,2226.105986,100
1,1,92.63,92.6,2226.107706,100
100,1,92.63,92.6,2226.107738,100
100,1,92.63,92.61,2226.108213,100
100,1,92.63,92.61,2227.871955,100
100,-1,92.61,92.64,2237.448989,100
100,-1,92.61,92.64,2237.449022,100
100,-1,92.61,92.64,2237.449112,100
100,-1,92.61,92.64,2237.449147,100
100,-1,92.61,92.64,2237.449166,100
100,-1,92.61,92.64,2237.449214,100
100,-1,92.61,92.64,2237.449242,100
200,-1,92.61,92.64,2237.449312,100
100,-1,92.61,92.64,2237.449339,100
100,1,92.63,92.61,2237.449468,100
2,-1,92.61,92.63,2237.449604,100
5,-1,92.6,92.62,2237.449706,200
95,-1,92.61,92.62,2237.450785,100
5,1,92.62,92.61,2237.451311,100
95,1,92.63,92.61,2237.451458,200
100,1,92.63,92.61,2237.451823,200
5,1,92.63,92.61,2237.452148,200
100,1,92.63,92.61,2237.455815,100
200,1,92.63,92.61,2237.463046,100
200,-1,92.6,92.64,2238.849896,200
370,1,92.63,92.6,2242.570747,100
100,-1,92.59,92.63,2245.436846,100
95,1,92.64,92.61,2262.265529,100
5,1,92.64,92.62,2262.266437,100
90,1,92.64,92.63,2262.266463,100
5,1,92.65,92.63,2262.266923,100
95,1,92.66,92.64,2262.267069,100
5,-1,92.64,92.66,2262.26717,100
100,1,92.66,92.64,2262.267563,100
100,-1,92.64,92.66,2262.26911,100
100,1,92.66,92.63,2262.275053,100
55,-1,92.63,92.65,2262.302313,200
45,1,92.65,92.64,2262.401162,100
45,-1,92.64,92.66,2262.865494,200
100,1,92.66,92.64,2265.039871,100
100,-1,92.64,92.66,2265.632599,200
100,-1,92.64,92.66,2265.645041,100
100,-1,92.64,92.66,2265.645412,100
100,-1,92.64,92.66,2265.645465,100
100,-1,92.63,92.65,2265.659852,100
100,-1,92.63,92.65,2265.662406,100
100,1,92.66,92.63,2268.101973,100
100,1,92.67,92.64,2268.102209,100
55,1,92.67,92.65,2273.889436,100
45,1,92.68,92.66,2273.890278,100
100,1,92.68,92.66,2273.890389,100
100,1,92.69,92.66,2273.890882,100
100,-1,92.67,92.73,2273.893148,200
100,-1,92.67,92.73,2273.893241,200
200,-1,92.67,92.73,2273.904704,100
100,-1,92.69,92.71,2285.967784,200
100,-1,92.69,92.71,2285.968752,200
100,-1,92.69,92.71,2285.969,100
100,-1,92.69,92.71,2285.9691,100
100,1,92.7,92.68,2285.969304,100
100,1,92.7,92.68,2285.96935,100
100,-1,92.68,92.7,2285.970199,100
100,1,92.69,92.64,2285.974599,200
100,1,92.69,92.65,2286.067881,200
100,1,92.69,92.65,2286.075126,200
100,-1,92.65,92.69,2287.079873,100
100,-1,92.65,92.69,2287.090207,100
100,1,92.69,92.66,2288.229704,200
14,1,92.69,92.67,2288.229865,200
100,1,92.69,92.67,2288.22995,100
100,-1,92.67,92.73,2288.229992,100
86,-1,92.67,92.73,2288.230044,100
100,-1,92.67,92.73,2288.230065,100
100,-1,92.67,92.73,2288.230089,100
100,-1,92.67,92.73,2288.230113,100
100,-1,92.67,92.73,2288.230132,100
100,1,92.75,92.68,2289.89693,100
50,1,92.75,92.68,2291.036771,100
50,1,92.75,92.69,2291.103042,100
100,1,92.75,92.7,2291.121703,100
100,1,92.75,92.7,2291.12179,100
100,1,92.76,92.71,2291.131531,100
100,1,92.76,92.73,2291.274821,100
100,1,92.78,92.73,2291.275099,100
100,1,92.78,92.74,2292.535112,100
100,1,92.81,92.75,2292.535305,100
100,1,92.81,92.75,2292.53539,100
100,1,92.81,92.76,2292.542943,100
100,1,92.82,92.77,2292.555532,100
100,1,92.82,92.79,2296.140417,100
100,-1,92.79,92.81,2297.867997,100
100,1,92.82,92.78,2300.629133,100
100,1,92.82,92.8,2300.631056,100
100,1,92.82,92.8,2300.631907,100
100,1,92.84,92.81,2300.632134,100
100,-1,92.81,92.84,2300.63219,100
100,-1,92.81,92.88,2300.633185,200
100,-1,92.81,92.88,2300.637354,100
200,-1,92.81,92.88,2300.668012,100
100,-1,92.81,92.88,2300.668126,100
100,-1,92.81,92.88,2300.785278,200
100,1,92.89,92.82,2308.880773,200
100,1,92.89,92.83,2310.271652,100
100,-1,92.86,92.94,2312.018595,100
100,-1,92.86,92.93,2312.753892,100
100,-1,92.86,92.88,2318.06642,100
100,1,92.88,92.82,2318.066501,100
100,1,92.88,92.82,2318.06652,100
100,1,92.87,92.82,2318.079592,100
100,1,92.86,92.82,2321.694484,100
100,1,92.86,92.82,2321.69474,100
100,-1,92.8,92.86,2323.787923,100
100,-1,92.77,92.83,2323.823638,200
100,-1,92.77,92.85,2324.010072,200
100,-1,92.77,92.83,2324.053432,300
100,-1,92.77,92.83,2325.251211,100
100,-1,92.77,92.83,2325.251969,100
100,-1,92.77,92.81,2325.26771,100
100,-1,92.77,92.81,2325.267827,100
100,-1,92.74,92.81,2326.708916,500
100,1,92.82,92.76,2338.689239,100
100,-1,92.77,92.82,2338.690272,100
100,-1,92.78,92.85,2349.035463,100
100,-1,92.77,92.85,2349.035584,100
100,-1,92.77,92.84,2349.035678,100
100,-1,92.77,92.84,2349.035856,100
200,-1,92.77,92.81,2349.037609,300
100,-1,92.78,92.81,2349.038588,100
100,-1,92.77,92.81,2349.040046,200
100,-1,92.77,92.78,2350.057184,100
100,1,92.78,92.77,2350.618599,200
100,1,92.78,92.77,2351.202808,100
100,-1,92.77,92.78,2351.317042,100
100,1,92.77,92.75,2352.556171,200
100,1,92.77,92.75,2352.556271,200
100,1,92.76,92.68,2352.993937,100
14,1,92.76,92.68,2355.104556,100
86,1,92.76,92.68,2355.140045,100
14,1,92.76,92.7,2358.103069,200
86,1,92.76,92.7,2358.10339,200
100,1,92.76,92.7,2358.103497,200
14,1,92.78,92.73,2358.14955,100
100,1,92.78,92.74,2358.157797,100
100,1,92.78,92.74,2358.210196,100
300,1,92.78,92.74,2359.213307,100
100,-1,92.73,92.78,2359.986068,100
100,-1,92.72,92.78,2359.986097,100
100,-1,92.73,92.78,2359.986188,100
100,-1,92.73,92.78,2359.986208,100
100,-1,92.71,92.78,2359.997049,200
100,1,92.78,92.71,2359.998048,100
100,-1,92.72,92.79,2360.716996,300
100,1,92.79,92.72,2360.751586,200
100,1,92.79,92.72,2360.754106,200
100,1,92.78,92.72,2368.112541,100
100,1,92.79,92.72,2368.112986,300
100,-1,92.73,92.79,2368.739291,2700
100,1,92.79,92.73,2369.184235,300
200,1,92.79,92.73,2369.184442,200
200,1,92.79,92.74,2369.184656,100
100,1,92.79,92.74,2369.184729,100
200,1,92.8,92.74,2369.184834,100
100,1,92.8,92.74,2369.185818,100
100,1,92.8,92.75,2369.931093,100
100,1,92.81,92.76,2370.304841,200
100,1,92.81,92.75,2375.934599,200
100,1,92.81,92.77,2377.455506,100
100,1,92.83,92.77,2377.455597,200
100,-1,92.78,92.83,2378.685714,300
100,1,92.83,92.77,2380.359259,100
100,1,92.84,92.81,2392.733017,100
100,1,92.84,92.81,2392.733122,100
100,1,92.86,92.81,2392.733758,300
100,1,92.86,92.82,2392.734142,300
100,-1,92.82,92.86,2392.746267,200
100,-1,92.82,92.86,2392.757987,200
100,-1,92.81,92.86,2397.452086,200
100,-1,92.8,92.86,2397.452204,200
100,-1,92.8,92.86,2397.452402,100
100,1,92.85,92.81,2397.631707,100
100,1,92.86,92.8,2400.717425,200
3,1,92.86,92.81,2407.52084,200
97,1,92.88,92.81,2407.520937,100
100,1,92.88,92.82,2407.521072,100
200,1,92.88,92.82,2407.527274,100
200,1,92.88,92.82,2407.527339,100
100,1,92.89,92.84,2407.531449,300
100,-1,92.85,92.89,2408.690235,100
100,-1,92.85,92.89,2408.692454,100
100,-1,92.85,92.89,2408.694401,100
200,1,92.87,92.82,2410.14609,200
100,1,92.87,92.83,2417.496783,100
100,1,92.88,92.83,2420.165918,100
100,1,92.88,92.84,2420.341107,100
100,1,92.89,92.84,2420.341251,300
100,1,92.89,92.85,2420.34457,300
100,1,92.89,92.85,2420.345613,200
100,1,92.89,92.85,2420.345636,200
100,1,92.89,92.87,2420.346429,200
100,1,92.9,92.87,2420.346561,100
100,-1,92.85,92.9,2422.24115,200
100,-1,92.86,92.9,2422.436268,100
200,1,92.87,92.86,2422.437943,100
100,-1,92.86,92.9,2422.438464,100
100,-1,92.85,92.9,2423.064239,300
50,1,92.9,92.85,2426.85443,100
50,-1,92.84,92.9,2434.240973,200
50,-1,92.84,92.9,2445.186946,100
100,-1,92.84,92.9,2445.187271,100
100,-1,92.83,92.88,2445.187636,100
50,-1,92.83,92.88,2445.187683,100
100,-1,92.83,92.88,2445.187732,100
50,-1,92.83,92.87,2445.188734,100
100,-1,92.77,92.82,2446.546526,1500
100,-1,92.76,92.81,2449.790763,500
100,-1,92.74,92.79,2454.098928,100
50,1,92.77,92.72,2454.130416,200
100,-1,92.72,92.77,2454.142991,200
100,1,92.77,92.72,2454.317149,200
100,1,92.77,92.73,2455.09066,100
100,1,92.77,92.72,2457.841093,100
100,1,92.77,92.73,2457.897298,100
100,1,92.79,92.74,2457.929512,100
100,1,92.79,92.75,2457.929983,100
17,-1,92.76,92.79,2464.187394,100
233,-1,92.76,92.79,2464.187673,100
100,-1,92.76,92.79,2464.187758,100
100,1,92.79,92.76,2464.187855,200
93,-1,92.75,92.79,2464.187896,300
7,-1,92.75,92.79,2464.188479,300
100,-1,92.75,92.79,2464.188915,300
100,1,92.79,92.75,2464.189186,200
100,1,92.79,92.75,2464.189328,200
100,-1,92.75,92.79,2465.396914,200
100,-1,92.75,92.79,2465.404795,200
100,1,92.8,92.76,2467.316563,200
100,1,92.8,92.75,2467.887871,200
100,-1,92.75,92.79,2477.779825,100
100,-1,92.77,92.79,2480.96622,300
100,-1,92.77,92.79,2484.991508,300
100,-1,92.77,92.79,2484.992169,300
100,-1,92.77,92.79,2484.99269,300
100,-1,92.77,92.79,2484.992805,300
100,-1,92.77,92.79,2484.99405,300
100,1,92.78,92.75,2485.343093,100
1700,-1,92.75,92.78,2493.221787,200
4,1,92.74,92.71,2502.991147,100
100,1,92.75,92.71,2510.09195,200
100,1,92.75,92.71,2510.099309,300
1000,1,92.75,92.72,2510.099542,300
100,1,92.75,92.72,2510.099563,300
100,1,92.75,92.72,2510.099643,300
3,1,92.75,92.72,2510.099678,300
100,1,92.75,92.72,2510.099697,300
100,1,92.76,92.73,2510.101258,100
20,1,92.76,92.73,2510.101422,100
15,-1,92.73,92.77,2510.105024,100
76,1,92.77,92.73,2510.144623,100
100,1,92.77,92.73,2510.163267,100
100,1,92.77,92.73,2510.170189,100
100,1,92.77,92.73,2510.170355,100
100,1,92.79,92.74,2512.228861,100
100,-1,92.73,92.77,2526.308291,100
5,-1,92.71,92.77,2526.308394,100
76,-1,92.71,92.77,2526.308422,100
100,-1,92.71,92.77,2526.308508,100
100,-1,92.71,92.77,2526.308538,100
100,-1,92.71,92.77,2526.308613,100
100,-1,92.71,92.77,2526.308641,100
2,-1,92.71,92.77,2526.308709,100
100,-1,92.71,92.77,2526.308784,100
200,-1,92.71,92.77,2526.308887,100
100,-1,92.7,92.75,2527.194885,100
100,1,92.74,92.66,2527.197369,100
100,1,92.72,92.65,2534.224345,100
100,-1,92.62,92.7,2549.191676,100
100,1,92.69,92.6,2556.200933,100
100,-1,92.61,92.69,2559.4159,200
100,-1,92.61,92.69,2559.425476,200
100,-1,92.57,92.67,2563.729466,200
100,-1,92.58,92.65,2568.441429,400
80,1,92.63,92.56,2583.871429,100
100,1,92.63,92.56,2583.877648,100
100,1,92.63,92.55,2596.576335,300
100,-1,92.59,92.63,2599.536644,100
100,-1,92.59,92.63,2599.553872,100
100,-1,92.59,92.63,2599.565241,100
200,-1,92.59,92.63,2600.108629,100
7,1,92.62,92.53,2600.188718,100
100,-1,92.54,92.61,2603.326574,300
100,1,92.61,92.54,2605.625002,200
100,1,92.61,92.54,2606.227252,200
100,1,92.61,92.55,2606.672113,200
100,1,92.61,92.55,2606.672205,200
20,1,92.61,92.55,2606.672659,200
80,1,92.61,92.58,2606.672707,200
100,1,92.61,92.59,2606.673051,200
100,1,92.61,92.59,2606.673162,100
100,1,92.64,92.6,2606.674055,200
100,1,92.64,92.6,2606.674157,200
100,1,92.64,92.6,2606.67435,200
100,1,92.64,92.6,2606.674899,200
100,1,92.64,92.61,2606.675321,200
100,-1,92.61,92.64,2606.686071,100
100,1,92.64,92.6,2606.746111,200
100,1,92.64,92.6,2606.754241,200
100,1,92.64,92.6,2606.794336,200
100,1,92.64,92.6,2606.795574,200
55,1,92.64,92.6,2606.795769,200
100,1,92.64,92.6,2606.796107,100
43,1,92.64,92.6,2606.796665,100
2,1,92.64,92.61,2606.796763,100
100,1,92.66,92.61,2606.796858,100
2,-1,92.6,92.64,2607.005284,1200
98,1,92.64,92.6,2607.011771,200
2,1,92.64,92.6,2607.310348,200
98,1,92.64,92.6,2607.310436,200
2,1,92.64,92.6,2607.310539,100
96,1,92.66,92.6,2607.310835,100
2,1,92.66,92.62,2607.329992,100
98,-1,92.67,92.72,2607.338277,100
2,-1,92.66,92.71,2607.360742,100
100,-1,92.64,92.71,2607.360844,100
100,-1,92.64,92.71,2607.379139,100
100,-1,92.63,92.73,2611.42791,100
100,-1,92.63,92.71,2616.857335,100
400,-1,92.63,92.71,2616.857886,100
300,-1,92.63,92.7,2616.859415,100
52,1,92.69,92.63,2616.882122,100
150,-1,92.64,92.72,2619.122242,100
200,-1,92.68,92.74,2631.056966,300
50,1,92.74,92.68,2632.991751,200
50,1,92.74,92.65,2634.341141,100
50,1,92.74,92.67,2637.558061,200
50,1,92.74,92.67,2637.558115,200
20,1,92.74,92.67,2637.558225,100
100,-1,92.67,92.74,2637.558975,100
16,-1,92.71,92.79,2637.601124,100
100,-1,92.71,92.79,2637.61075,100
100,-1,92.73,92.78,2643.721596,200
100,-1,92.73,92.78,2643.737614,200
100,-1,92.73,92.78,2644.555784,100
100,1,92.77,92.74,2658.540221,100
100,-1,92.76,92.82,2669.470571,100
100,1,92.82,92.76,2671.206931,100
100,-1,92.74,92.81,2690.29272,100
100,1,92.8,92.73,2696.022726,100
100,1,92.83,92.76,2702.19215,200
100,1,92.83,92.76,2711.694654,200
100,-1,92.76,92.83,2714.408201,100
100,-1,92.76,92.83,2714.40825,100
100,-1,92.76,92.83,2714.408287,100
100,-1,92.76,92.83,2714.408305,100
100,-1,92.76,92.83,2714.40833,100
100,-1,92.76,92.83,2714.408371,100
100,-1,92.76,92.81,2714.410992,100
200,-1,92.74,92.79,2714.412759,100
200,1,92.79,92.73,2714.41398,100
100,1,92.79,92.73,2714.430446,200
17,1,92.79,92.73,2714.508396,200
100,-1,92.73,92.79,2715.009273,100
100,-1,92.73,92.79,2715.009807,100
100,-1,92.72,92.77,2715.010589,400
100,-1,92.73,92.77,2715.015236,100
100,1,92.77,92.71,2715.933182,100
15,-1,92.71,92.77,2725.146894,200
1300,-1,92.7,92.77,2731.039297,200
100,-1,92.7,92.74,2736.898631,100
100,-1,92.7,92.74,2736.898738,100
100,1,92.74,92.7,2745.131326,100
100,1,92.74,92.7,2745.131394,100
300,1,92.74,92.7,2745.131436,100
100,1,92.74,92.69,2745.14502,100
200,1,92.75,92.7,2745.238555,100
100,1,92.76,92.71,2745.390246,100
100,1,92.76,92.72,2745.499871,100
100,1,92.76,92.71,2746.136425,100
100,-1,92.72,92.76,2746.136468,100
100,1,92.76,92.73,2746.136823,100
50,1,92.77,92.72,2746.456489,200
100,1,92.77,92.73,2750.523683,100
100,1,92.78,92.73,2750.523746,100
50,-1,92.73,92.78,2750.523778,100
100,1,92.78,92.73,2750.523857,100
100,-1,92.73,92.79,2759.648443,100
50,1,92.77,92.71,2769.991606,100
20,1,92.77,92.71,2769.991641,100
500,1,92.77,92.72,2769.991713,100
130,1,92.77,92.72,2769.991732,100
50,1,92.77,92.72,2769.991814,100
50,1,92.77,92.73,2769.99196,100
100,-1,92.73,92.81,2769.992347,100
200,1,92.81,92.74,2769.993748,200
100,-1,92.76,92.81,2771.184504,100
100,-1,92.76,92.81,2772.961627,100
100,-1,92.74,92.81,2772.978765,100
100,-1,92.76,92.81,2787.846118,100
700,-1,92.76,92.81,2787.84621,100
500,-1,92.74,92.8,2787.846502,100
1400,-1,92.74,92.8,2787.846527,100
95,-1,92.74,92.8,2787.853031,200
100,-1,92.74,92.8,2787.854214,200
5,1,92.81,92.74,2787.935111,100
1300,1,92.76,92.75,2787.997793,100
100,1,92.76,92.75,2787.997914,100
100,1,92.76,92.75,2787.997943,100
100,-1,92.75,92.76,2787.997967,200
100,1,92.76,92.75,2787.998009,100
200,-1,92.75,92.81,2787.998153,100
100,-1,92.75,92.81,2787.998485,100
100,-1,92.75,92.81,2787.998668,100
700,-1,92.74,92.81,2787.999114,100
100,1,92.76,92.72,2788.000069,100
100,1,92.81,92.73,2793.821283,100
100,1,92.81,92.75,2793.859631,100
100,-1,92.73,92.81,2805.282286,300
100,1,92.78,92.72,2809.466322,100
100,-1,92.72,92.77,2810.698667,100
100,-1,92.71,92.77,2810.701898,100
81,1,92.76,92.71,2811.585165,200
19,1,92.76,92.71,2811.585675,200
50,1,92.76,92.71,2811.585909,200
100,1,92.76,92.71,2811.587106,200
50,1,92.76,92.71,2811.587891,200
50,1,92.76,92.71,2811.591939,200
50,1,92.76,92.71,2811.592395,200
50,1,92.76,92.71,2811.592955,200
106,1,92.76,92.71,2811.59303,200
50,1,92.76,92.71,2811.596229,200
100,1,92.76,92.71,2811.696236,200
50,1,92.76,92.71,2814.43776,300
50,1,92.76,92.71,2814.437825,300
100,-1,92.68,92.75,2816.999491,200
50,1,92.75,92.68,2817.998341,100
50,1,92.75,92.68,2817.998534,100
100,-1,92.68,92.75,2817.998742,100
100,-1,92.68,92.75,2817.999078,100
50,1,92.73,92.69,2818.032986,100
250,1,92.73,92.69,2818.088839,100
50,-1,92.69,92.73,2818.092019,100
50,1,92.73,92.69,2818.093668,300
50,1,92.73,92.69,2818.100567,300
150,-1,92.69,92.73,2821.583432,100
100,-1,92.69,92.73,2821.583597,100
100,-1,92.68,92.73,2821.583703,100
100,-1,92.68,92.73,2821.583996,100
100,-1,92.68,92.73,2821.584101,100
200,-1,92.69,92.73,2824.492413,100
100,-1,92.68,92.73,2824.492514,100
100,-1,92.68,92.73,2824.492538,100
100,-1,92.68,92.73,2824.492562,100
200,-1,92.69,92.73,2824.492604,100
100,-1,92.68,92.72,2824.549953,100
200,-1,92.68,92.72,2825.298114,100
100,-1,92.68,92.72,2825.298193,100
3,-1,92.68,92.72,2825.298216,100
200,-1,92.68,92.72,2825.298238,100
2,-1,92.68,92.72,2825.298262,100
100,-1,92.68,92.72,2825.303692,100
100,-1,92.69,92.72,2826.793864,100
1,-1,92.69,92.72,2826.807767,100
100,-1,92.69,92.72,2826.807851,100
36,-1,92.69,92.72,2826.807876,100
28,-1,92.69,92.72,2826.807901,100
8,-1,92.69,92.72,2826.807944,100
28,-1,92.69,92.72,2826.807965,100
64,-1,92.69,92.72,2826.80799,100
36,-1,92.69,92.72,2826.808015,100
100,-1,92.69,92.72,2826.808046,100
100,-1,92.69,92.72,2826.808079,100
100,-1,92.69,92.72,2826.808102,100
101,-1,92.68,92.72,2826.808301,100
99,-1,92.66,92.72,2826.809039,200
100,-1,92.66,92.71,2827.042964,200
100,-1,92.66,92.71,2829.109643,200
100,-1,92.66,92.71,2829.111004,100
100,-1,92.66,92.71,2829.111106,100
100,-1,92.66,92.7,2829.111987,100
100,1,92.7,92.66,2829.113358,100
100,-1,92.66,92.7,2829.113803,100
100,1,92.7,92.66,2829.114212,100
100,1,92.7,92.66,2829.114452,100
100,1,92.7,92.66,2829.115244,100
100,-1,92.66,92.7,2829.118919,100
100,-1,92.66,92.7,2829.122704,100
200,-1,92.66,92.7,2829.223014,100
200,1,92.7,92.66,2830.147801,200
100,1,92.7,92.66,2830.17714,200
100,1,92.7,92.66,2832.962694,400
100,1,92.7,92.66,2833.077124,400
100,1,92.7,92.66,2833.952907,400
100,1,92.7,92.66,2833.954117,400
100,1,92.7,92.66,2834.04361,400
100,-1,92.66,92.7,2835.063953,100
50,1,92.69,92.66,2835.067254,100
50,1,92.69,92.66,2835.074785,100
200,-1,92.66,92.69,2835.486292,100
100,-1,92.66,92.69,2835.495253,100
100,1,92.69,92.62,2835.495386,400
200,1,92.69,92.61,2835.499263,400
200,-1,92.61,92.68,2835.511038,200
200,-1,92.61,92.68,2835.5132,200
100,-1,92.57,92.65,2838.361449,100
2,-1,92.56,92.65,2838.402492,2900
100,-1,92.56,92.65,2838.402574,2900
100,-1,92.56,92.65,2838.402596,2900
100,-1,92.59,92.64,2848.678985,100
100,1,92.64,92.59,2851.115751,200
100,1,92.64,92.59,2851.115867,200
100,1,92.63,92.59,2851.116317,100
200,1,92.63,92.56,2851.26666,100
50,1,92.61,92.57,2852.330358,100
50,1,92.64,92.57,2852.330471,100
100,1,92.64,92.57,2852.330491,100
5,1,92.64,92.58,2852.330784,100
100,-1,92.57,92.63,2871.469179,400
100,1,92.62,92.57,2872.044486,100
100,1,92.62,92.57,2872.06027,200
40,1,92.62,92.57,2872.067995,200
100,1,92.62,92.57,2872.077023,100
200,1,92.62,92.57,2873.241357,200
40,-1,92.57,92.62,2877.901534,500
20,-1,92.57,92.62,2877.92244,500
100,1,92.62,92.58,2877.941651,100
100,1,92.62,92.58,2877.962812,100
100,-1,92.58,92.62,2878.090171,100
100,1,92.62,92.58,2883.805263,300
100,1,92.62,92.58,2885.052353,300
100,1,92.62,92.58,2885.054105,300
100,1,92.62,92.58,2885.054938,300
100,1,92.62,92.58,2885.055919,300
100,1,92.62,92.58,2886.264747,300
100,1,92.62,92.58,2887.508077,300
1,-1,92.58,92.62,2888.746057,100
99,-1,92.58,92.62,2888.746329,100
100,1,92.62,92.58,2888.751497,200
100,1,92.62,92.58,2888.752464,200
100,1,92.62,92.58,2888.754469,200
200,1,92.58,92.57,2888.961909,100
1,-1,92.56,92.58,2888.973716,100
20,-1,92.58,92.59,2889.026587,100
200,-1,92.58,92.59,2889.027005,100
99,-1,92.58,92.59,2889.050507,100
100,-1,92.58,92.59,2889.050575,100
100,-1,92.58,92.59,2889.05091,100
2,-1,92.58,92.59,2889.05344,100
99,-1,92.58,92.59,2889.053485,100
100,1,92.59,92.56,2889.053868,200
100,1,92.59,92.56,2889.05397,200
100,1,92.59,92.56,2889.054084,200
80,-1,92.58,92.61,2889.366411,100
100,-1,92.56,92.61,2893.874727,100
100,-1,92.56,92.61,2893.910826,100
100,-1,92.56,92.6,2903.582205,200
100,1,92.6,92.56,2917.010741,200
2,-1,92.56,92.6,2941.708078,300
100,1,92.6,92.56,2942.011151,200
100,1,92.6,92.56,2949.391383,200
100,1,92.6,92.56,2949.391421,200
100,1,92.6,92.57,2949.391488,200
100,1,92.6,92.57,2949.391523,200
100,1,92.6,92.57,2949.391547,200
100,1,92.6,92.57,2949.391643,100
100,1,92.61,92.57,2949.391742,100
100,-1,92.57,92.61,2949.391788,200
100,-1,92.57,92.61,2949.391897,200
100,-1,92.57,92.61,2949.39214,200
100,1,92.62,92.58,2949.414899,100
100,1,92.62,92.58,2949.414999,100
100,1,92.62,92.59,2949.49093,100
100,1,92.62,92.57,2949.543001,100
5,1,92.62,92.58,2949.565279,100
100,1,92.63,92.59,2949.565585,100
200,1,92.63,92.6,2949.570957,100
100,1,92.63,92.6,2950.135243,100
100,1,92.65,92.61,2956.868676,100
100,1,92.65,92.61,2956.869828,100
100,1,92.65,92.61,2956.87001,100
98,1,92.68,92.62,2956.873263,100
102,-1,92.62,92.69,2956.878268,200
100,1,92.69,92.62,2956.902816,100
15,-1,92.62,92.65,2957.132743,100
100,-1,92.62,92.69,2957.555504,100
200,1,92.68,92.63,2957.928137,100
100,-1,92.63,92.68,2959.811449,300
100,-1,92.65,92.72,2968.431422,200
100,-1,92.65,92.72,2968.46573,200
30,-1,92.68,92.72,2969.802898,100
800,-1,92.68,92.72,2974.807113,100
100,-1,92.68,92.72,2974.807491,100
100,-1,92.68,92.71,2974.807845,100
100,-1,92.68,92.71,2974.808076,100
100,1,92.7,92.66,2974.80831,100
100,1,92.7,92.66,2974.808394,100
100,-1,92.66,92.7,2974.809896,200
100,1,92.7,92.66,2974.811104,100
100,-1,92.65,92.7,2974.843659,200
4,-1,92.64,92.7,2975.915453,100
100,-1,92.65,92.69,2984.225821,100
100,-1,92.65,92.69,2984.226793,100
100,-1,92.65,92.69,2984.226885,100
100,1,92.69,92.65,2984.226904,200
100,1,92.68,92.65,2984.235092,100
100,1,92.68,92.65,2984.238129,100
100,1,92.68,92.65,2984.247476,100
100,-1,92.65,92.68,2984.258638,100
100,-1,92.65,92.68,2984.44545,100
500,1,92.68,92.65,2984.637136,100
200,-1,92.65,92.67,2987.199104,100
100,1,92.67,92.65,2989.089836,100
100,-1,92.65,92.67,2992.230654,100
100,-1,92.65,92.67,2992.231125,100
100,1,92.67,92.65,2992.305586,100
100,-1,92.65,92.67,2992.305655,100
100,1,92.65,92.64,2993.752632,100
100,-1,92.63,92.65,2993.775633,300
100,1,92.65,92.63,2993.98728,100
100,1,92.65,92.63,2995.376273,200
100,1,92.65,92.63,2995.380469,200
100,1,92.65,92.63,3002.565368,200
100,1,92.65,92.63,3003.023509,200
94,1,92.65,92.63,3003.032473,200
100,1,92.65,92.63,3003.046247,200
100,1,92.65,92.63,3003.054103,200
100,-1,92.63,92.65,3003.073804,300
100,-1,92.63,92.65,3003.074552,300
100,-1,92.63,92.65,3003.088294,300
1,-1,92.63,92.64,3003.088377,300
200,-1,92.63,92.64,3003.088496,200
100,-1,92.63,92.64,3003.088636,100
100,1,92.64,92.61,3003.088747,100
100,-1,92.6,92.63,3003.102671,100
1,-1,92.55,92.62,3004.016342,100
200,-1,92.56,92.61,3035.83251,200
100,-1,92.55,92.59,3036.133637,100
100,-1,92.55,92.59,3036.140607,100
100,1,92.59,92.54,3037.3632,200
1,1,92.59,92.54,3037.365562,200
100,-1,92.54,92.59,3037.367542,100
100,1,92.57,92.54,3048.001227,100
100,1,92.59,92.54,3048.086903,100
100,-1,92.54,92.59,3048.086965,200
50,1,92.59,92.55,3048.087016,100
50,-1,92.55,92.59,3048.087056,100
50,-1,92.55,92.59,3048.087074,100
50,-1,92.55,92.59,3048.087165,100
100,-1,92.55,92.59,3048.087184,100
500,-1,92.55,92.59,3048.087208,100
100,1,92.59,92.55,3048.087249,100
100,1,92.59,92.55,3048.087572,100
100,1,92.59,92.55,3048.163791,100
100,-1,92.57,92.62,3048.16421,100
100,1,92.63,92.58,3048.272971,100
100,1,92.63,92.58,3048.860816,100
3,1,92.63,92.59,3048.861029,100
100,-1,92.59,92.64,3075.788154,200
100,-1,92.59,92.64,3084.176763,200
100,-1,92.59,92.63,3084.189054,200
100,1,92.63,92.58,3085.462883,100
200,-1,92.58,92.63,3087.360029,100
100,-1,92.58,92.63,3087.378207,100
100,-1,92.58,92.63,3087.402431,100
100,1,92.61,92.59,3107.658988,100
200,1,92.62,92.6,3107.660226,100
100,1,92.62,92.6,3107.660312,100
100,1,92.63,92.59,3110.568202,100
100,1,92.63,92.59,3110.568275,100
100,1,92.63,92.6,3110.569979,100
100,1,92.64,92.6,3111.724348,100
100,-1,92.6,92.64,3113.890869,200
28,-1,92.6,92.64,3113.903959,100
100,-1,92.6,92.63,3113.918422,100
8,-1,92.59,92.63,3115.073347,200
100,-1,92.59,92.63,3115.475145,200
100,-1,92.59,92.62,3115.489571,100
100,-1,92.56,92.62,3115.497602,100
100,-1,92.56,92.59,3117.572062,100
100,-1,92.54,92.59,3119.926957,300
100,-1,92.54,92.59,3119.927934,300
100,-1,92.54,92.59,3119.928076,300
100,-1,92.54,92.59,3119.92811,300
100,-1,92.53,92.57,3119.934767,200
54,-1,92.53,92.57,3119.948794,100
100,-1,92.51,92.56,3120.351302,100
100,-1,92.51,92.56,3120.715485,100
100,-1,92.5,92.54,3121.46432,200
27,-1,92.51,92.55,3130.628213,200
100,1,92.55,92.51,3132.456747,100
200,1,92.55,92.51,3139.318603,100
100,1,92.55,92.51,3139.318706,100
100,1,92.56,92.51,3139.318742,100
100,1,92.56,92.51,3139.318765,100
100,1,92.56,92.51,3139.318806,100
100,1,92.56,92.51,3139.318823,100
19,1,92.56,92.53,3139.319831,100
100,1,92.56,92.53,3139.319944,100
5,1,92.56,92.54,3139.32047,100
100,1,92.59,92.56,3139.322428,200
100,-1,92.56,92.59,3139.557064,100
19,-1,92.53,92.58,3154.52306,200
50,-1,92.53,92.58,3154.523122,200
50,-1,92.53,92.58,3154.523204,200
40,-1,92.53,92.57,3154.523654,200
50,-1,92.53,92.57,3154.523838,200
100,-1,92.53,92.57,3154.523938,200
100,-1,92.53,92.57,3154.52404,200
100,-1,92.53,92.57,3154.524065,200
100,-1,92.53,92.57,3154.524089,200
100,1,92.54,92.5,3158.951388,200
200,1,92.55,92.51,3161.157127,100
100,-1,92.51,92.56,3166.371281,200
100,1,92.58,92.52,3177.009629,100
100,1,92.59,92.54,3177.770895,200
100,1,92.59,92.55,3177.772369,200
100,1,92.61,92.55,3177.779142,100
200,1,92.62,92.58,3177.789945,100
200,1,92.62,92.58,3177.792466,100
100,1,92.62,92.58,3177.793313,100
100,1,92.63,92.59,3177.79363,200
300,1,92.63,92.59,3177.798762,200
100,-1,92.59,92.63,3177.799165,100
400,-1,92.59,92.63,3177.799999,100
100,1,92.64,92.6,3177.80038,300
100,1,92.64,92.6,3177.802637,300
100,1,92.64,92.6,3177.803679,300
200,1,92.64,92.6,3177.804024,300
36,1,92.63,92.59,3177.810619,100
28,1,92.64,92.59,3177.811064,300
8,1,92.64,92.59,3177.811146,300
100,-1,92.59,92.64,3177.823417,100
28,-1,92.58,92.63,3181.107726,200
500,-1,92.58,92.63,3181.112874,200
25,-1,92.57,92.6,3194.57198,100
100,-1,92.57,92.59,3194.572255,100
100,-1,92.57,92.58,3194.572845,100
28,1,92.58,92.54,3206.811085,100
100,-1,92.54,92.58,3206.830209,100
200,-1,92.56,92.59,3209.998364,100
50,-1,92.56,92.6,3210.151184,100
50,1,92.57,92.56,3210.154612,100
100,-1,92.55,92.6,3226.47052,100
100,-1,92.55,92.6,3226.473569,100
100,-1,92.55,92.6,3226.473668,100
108,-1,92.54,92.6,3226.473774,100
8,-1,92.54,92.6,3226.473795,100
200,-1,92.54,92.59,3226.476427,100
95,-1,92.51,92.56,3231.214504,300
100,-1,92.51,92.54,3236.902018,100
100,-1,92.5,92.51,3236.906172,200
100,-1,92.5,92.51,3236.906383,200
100,-1,92.5,92.51,3236.907337,200
100,-1,92.5,92.51,3236.907461,100
100,-1,92.5,92.51,3236.919003,100
100,-1,92.5,92.51,3236.985301,100
100,-1,92.5,92.51,3237.053565,100
100,1,92.51,92.5,3237.455337,100
200,-1,92.5,92.51,3238.101433,100
100,-1,92.5,92.51,3238.303493,100
100,-1,92.5,92.51,3239.084142,100
100,-1,92.5,92.51,3239.084237,100
100,-1,92.5,92.51,3239.08438,100
100,-1,92.5,92.51,3239.084477,100
100,-1,92.5,92.51,3239.084499,100
100,-1,92.5,92.51,3239.084811,100
100,-1,92.5,92.51,3239.092195,100
200,-1,92.5,92.51,3239.097967,100
50,1,92.51,92.5,3240.372623,100
100,1,92.51,92.5,3240.372652,100
100,1,92.51,92.5,3240.372697,100
99,1,92.51,92.5,3240.37274,100
101,1,92.51,92.5,3240.372759,100
99,1,92.51,92.5,3240.372829,100
100,1,92.51,92.5,3240.37293,100
100,1,92.51,92.5,3240.373117,100
100,-1,92.51,92.55,3240.374895,100
100,-1,92.5,92.55,3241.076229,100
28,1,92.51,92.5,3244.447871,100
100,1,92.51,92.5,3244.448089,100
73,1,92.51,92.5,3244.448212,100
27,1,92.51,92.5,3244.448291,100
100,1,92.51,92.5,3244.448421,100
100,1,92.51,92.5,3244.449332,100
100,-1,92.51,92.55,3244.452074,100
100,-1,92.51,92.54,3244.452327,100
400,-1,92.51,92.54,3244.452456,100
100,-1,92.5,92.54,3244.456079,300
200,-1,92.5,92.51,3245.382608,200
100,-1,92.5,92.51,3245.385368,200
100,-1,92.5,92.51,3245.386613,200
100,-1,92.5,92.51,3245.388343,200
100,1,92.51,92.5,3245.455661,100
100,-1,92.5,92.51,3246.119752,200
200,1,92.51,92.5,3247.113079,100
100,-1,92.51,92.55,3247.11668,100
2,-1,92.51,92.54,3247.117293,100
162,-1,92.5,92.53,3247.147969,200
38,-1,92.5,92.51,3251.623923,100
200,-1,92.5,92.51,3251.624786,100
82,1,92.51,92.5,3251.704568,100
100,-1,92.5,92.51,3251.714446,100
100,1,92.51,92.5,3251.871771,100
12,1,92.51,92.5,3255.552943,200
6,-1,92.5,92.54,3255.553183,200
82,-1,92.5,92.54,3255.553881,200
100,-1,92.51,92.55,3255.590057,100
200,1,92.52,92.51,3257.666148,100
100,1,92.54,92.51,3260.630907,100
12,1,92.55,92.51,3260.631312,100
88,-1,92.52,92.54,3260.812086,200
100,-1,92.52,92.53,3268.676528,400
100,-1,92.51,92.52,3268.677532,100
88,-1,92.5,92.52,3268.70421,300
12,1,92.52,92.5,3274.231999,100
100,1,92.53,92.5,3274.23284,100
100,1,92.53,92.5,3274.23287,100
88,1,92.53,92.51,3274.233518,100
100,1,92.53,92.51,3274.293725,100
100,1,92.55,92.51,3274.479084,100
1,1,92.55,92.53,3277.68682,100
100,1,92.55,92.53,3277.686903,100
1,1,92.55,92.53,3277.687026,100
100,-1,92.53,92.58,3277.68711,200
100,-1,92.54,92.59,3277.720571,200
200,-1,92.55,92.59,3280.382688,100
47,-1,92.55,92.57,3282.906174,100
100,-1,92.55,92.57,3282.906208,100
50,-1,92.54,92.57,3282.906399,100
3,-1,92.53,92.56,3283.575568,100
18,-1,92.51,92.54,3283.622322,100
100,-1,92.52,92.56,3291.412875,100
300,1,92.56,92.53,3300.744036,100
32,-1,92.54,92.56,3300.780449,100
100,-1,92.54,92.56,3302.610536,100
100,-1,92.54,92.56,3302.610613,100
68,1,92.57,92.54,3302.644482,100
100,1,92.57,92.55,3302.644708,100
100,1,92.56,92.55,3304.012421,100
100,-1,92.55,92.56,3304.012525,200
100,-1,92.54,92.57,3305.283187,100
100,-1,92.54,92.57,3308.008968,100
100,-1,92.54,92.56,3308.009069,100
100,-1,92.53,92.56,3308.009183,100
100,1,92.56,92.52,3308.068404,200
100,-1,92.52,92.56,3308.895624,100
100,1,92.56,92.52,3314.985398,200
100,1,92.56,92.51,3323.498079,100
100,-1,92.53,92.56,3323.618733,400
100,-1,92.53,92.57,3326.464833,100
300,-1,92.54,92.57,3344.012521,200
100,1,92.59,92.55,3355.206529,100
100,1,92.59,92.55,3355.206643,100
100,-1,92.56,92.59,3355.209537,100
100,-1,92.56,92.59,3355.226386,100
100,1,92.59,92.57,3356.177654,100
2,1,92.59,92.57,3356.177767,100
100,1,92.62,92.59,3356.275384,100
2,-1,92.59,92.62,3356.310528,100
100,1,92.62,92.59,3357.364811,100
100,-1,92.6,92.62,3364.466326,100
100,-1,92.6,92.62,3364.49562,100
100,-1,92.6,92.62,3365.249572,200
100,-1,92.6,92.62,3365.265438,200
200,-1,92.6,92.62,3365.291089,200
100,-1,92.6,92.61,3365.458335,100
200,1,92.61,92.58,3365.458425,100
200,-1,92.58,92.62,3365.465113,200
100,-1,92.59,92.62,3367.838301,300
45,-1,92.59,92.62,3369.76293,200
200,-1,92.58,92.6,3375.696613,200
100,-1,92.58,92.6,3375.698483,200
102,-1,92.57,92.59,3375.702492,100
100,-1,92.57,92.59,3375.731137,100
100,1,92.58,92.55,3375.731596,100
100,1,92.57,92.54,3379.685887,200
100,-1,92.51,92.55,3399.013738,200
100,-1,92.51,92.55,3415.025825,400
100,-1,92.51,92.55,3415.025914,400
100,-1,92.51,92.55,3415.025972,400
100,-1,92.51,92.55,3415.026009,400
100,-1,92.51,92.55,3415.51753,200
100,-1,92.51,92.55,3416.223636,200
55,-1,92.51,92.55,3416.223803,200
100,-1,92.51,92.54,3416.22439,200
400,-1,92.51,92.54,3416.224481,200
100,-1,92.5,92.53,3416.226019,300
100,1,92.52,92.5,3418.437146,100
4,-1,92.5,92.52,3418.591874,200
100,-1,92.5,92.52,3418.592243,100
100,-1,92.5,92.52,3420.881263,200
100,-1,92.5,92.52,3420.882073,200
100,-1,92.5,92.52,3420.882334,200
1,-1,92.5,92.51,3420.920691,100
99,-1,92.5,92.51,3421.082544,100
49,-1,92.5,92.51,3421.200016,100
100,1,92.52,92.5,3421.868465,100
100,-1,92.51,92.53,3421.869609,100
600,-1,92.5,92.53,3423.134037,100
200,-1,92.5,92.53,3423.13428,100
600,1,92.53,92.5,3423.785651,200
100,-1,92.5,92.52,3436.888704,100
100,-1,92.5,92.51,3436.890726,100
100,1,92.51,92.5,3438.268429,300
100,1,92.51,92.5,3438.2685,300
100,1,92.51,92.5,3438.268616,300
300,1,92.51,92.5,3438.268659,300
100,1,92.52,92.5,3438.268889,100
100,1,92.52,92.5,3438.269002,100
100,1,92.52,92.51,3438.269781,100
100,1,92.52,92.51,3438.270492,100
200,-1,92.51,92.52,3438.270604,100
100,-1,92.52,92.54,3438.276171,500
100,-1,92.52,92.54,3438.382554,100
100,-1,92.5,92.54,3449.434741,200
600,-1,92.5,92.54,3449.435042,200
100,-1,92.5,92.54,3449.436043,200
100,-1,92.5,92.52,3449.43634,200
100,-1,92.5,92.52,3449.436456,200
100,-1,92.5,92.52,3449.436776,200
100,-1,92.5,92.52,3449.436836,200
100,-1,92.5,92.52,3449.436883,200
100,-1,92.5,92.52,3449.437005,200
100,-1,92.5,92.52,3449.437379,200
100,-1,92.5,92.52,3449.437505,200
100,-1,92.5,92.52,3449.437528,200
100,-1,92.5,92.51,3449.461245,100
100,1,92.52,92.5,3449.541894,100
100,-1,92.5,92.52,3450.869828,100
100,-1,92.5,92.52,3450.870697,100
100,-1,92.5,92.52,3450.871106,100
100,-1,92.5,92.52,3450.871397,100
100,-1,92.5,92.52,3450.873396,100
600,-1,92.5,92.51,3450.896765,100
100,1,92.51,92.5,3450.931698,100
64,-1,92.5,92.51,3451.04756,100
100,-1,92.5,92.51,3451.0479,100
100,1,92.51,92.5,3454.615375,100
51,-1,92.5,92.51,3454.652037,100
200,-1,92.5,92.51,3454.837847,100
200,-1,92.5,92.54,3455.092986,100
25,-1,92.5,92.53,3456.93324,100
100,1,92.53,92.5,3463.071794,100
100,1,92.53,92.5,3463.071889,100
75,1,92.53,92.5,3463.071937,100
25,-1,92.52,92.56,3463.108015,500
100,-1,92.52,92.56,3463.136015,300
100,1,92.56,92.52,3463.260558,100
200,-1,92.52,92.56,3470.081244,100
100,-1,92.52,92.55,3470.081484,100
100,-1,92.51,92.54,3470.100414,200
100,-1,92.5,92.53,3475.895584,200
100,-1,92.5,92.51,3475.902516,200
100,-1,92.5,92.51,3475.909545,200
100,-1,92.5,92.51,3475.912146,200
100,-1,92.5,92.51,3475.912525,200
200,-1,92.5,92.51,3475.912682,200
100,-1,92.5,92.51,3475.916438,100
100,-1,92.5,92.51,3475.931816,100
100,-1,92.5,92.51,3476.671785,100
100,-1,92.5,92.51,3476.671786,100
200,-1,92.5,92.51,3476.672069,100
100,-1,92.5,92.51,3476.672401,100
100,-1,92.5,92.51,3476.672867,100
27,-1,92.5,92.51,3476.673119,100
1,-1,92.5,92.51,3476.674372,100
5,-1,92.5,92.51,3476.680069,100
5,-1,92.5,92.51,3476.680434,100
100,-1,92.5,92.51,3476.683304,100
90,-1,92.5,92.51,3476.684087,100
10,-1,92.5,92.51,3476.688385,100
90,-1,92.5,92.51,3476.757963,100
200,-1,92.5,92.51,3476.954265,100
100,-1,92.5,92.51,3476.954541,100
10,-1,92.5,92.53,3477.048147,100
300,1,92.53,92.5,3481.240912,200
100,-1,92.51,92.53,3481.277671,100
93,1,92.53,92.51,3483.059436,200
100,1,92.53,92.52,3483.059681,200
100,1,92.53,92.52,3483.059768,200
100,1,92.57,92.52,3483.283121,100
100,-1,92.53,92.58,3484.008609,100
100,-1,92.53,92.58,3501.016069,300
50,1,92.6,92.54,3507.482087,100
50,1,92.62,92.58,3508.821466,100
100,1,92.62,92.58,3512.114763,100
100,1,92.62,92.58,3529.620409,100
100,1,92.62,92.59,3529.621374,100
100,1,92.62,92.59,3529.621406,100
100,1,92.63,92.6,3529.621828,100
100,-1,92.6,92.63,3530.180321,100
100,1,92.62,92.6,3534.038501,100
100,1,92.62,92.6,3534.038879,100
100,-1,92.6,92.63,3535.49077,100
100,-1,92.6,92.63,3539.132365,100
100,-1,92.57,92.61,3542.775798,300
100,-1,92.57,92.61,3542.807542,200
200,-1,92.57,92.61,3543.119322,200
300,-1,92.57,92.61,3543.119405,200
100,-1,92.57,92.61,3547.479272,200
100,-1,92.57,92.61,3547.517647,200
100,1,92.62,92.58,3556.814452,100
200,1,92.63,92.61,3556.815681,100
100,1,92.64,92.61,3556.815754,100
49,1,92.64,92.61,3556.815781,100
100,1,92.66,92.61,3558.584564,100
100,-1,92.63,92.66,3558.660198,100
197,1,92.66,92.64,3560.337142,100
3,1,92.67,92.64,3560.337245,100
100,1,92.67,92.64,3560.337274,100
97,-1,92.64,92.69,3560.342921,300
100,-1,92.64,92.69,3560.928131,200
100,-1,92.64,92.67,3568.44139,300
300,1,92.66,92.65,3571.829765,100
100,-1,92.65,92.66,3572.8122,100
100,-1,92.64,92.66,3572.812416,200
100,1,92.67,92.64,3572.834549,200
100,-1,92.64,92.66,3574.652045,100
70,-1,92.6,92.65,3607.335004,200
100,1,92.65,92.6,3607.374429,100
100,1,92.64,92.6,3621.967968,100
5,1,92.63,92.59,3635.102968,100
100,1,92.64,92.6,3635.103378,300
100,-1,92.6,92.64,3635.223034,100
100,-1,92.59,92.64,3637.266647,200
200,-1,92.59,92.64,3637.267723,200
100,-1,92.58,92.62,3641.09114,300
100,-1,92.58,92.62,3641.091232,100
100,-1,92.58,92.62,3641.09126,100
100,-1,92.58,92.62,3641.091289,100
100,-1,92.57,92.61,3641.1105,100
100,-1,92.57,92.61,3641.111423,100
50,-1,92.57,92.61,3641.112361,100
50,1,92.61,92.56,3649.853734,100
50,1,92.6,92.56,3658.181323,100
50,1,92.61,92.57,3658.289291,200
50,1,92.61,92.57,3658.291728,200
50,1,92.61,92.57,3662.623112,100
50,1,92.61,92.58,3662.623178,100
100,1,92.62,92.58,3662.623285,100
3,1,92.62,92.58,3662.623374,100
50,1,92.61,92.58,3662.624326,100
50,1,92.62,92.59,3662.626256,100
50,1,92.63,92.6,3662.638221,100
100,1,92.64,92.6,3679.588956,300
50,1,92.64,92.6,3679.589072,300
100,1,92.64,92.6,3679.589217,200
1,1,92.64,92.6,3679.58924,100
100,1,92.66,92.6,3679.589302,100
100,1,92.67,92.6,3679.589703,100
100,1,92.67,92.6,3679.589916,100
100,-1,92.61,92.67,3679.590126,200
100,-1,92.61,92.67,3679.590249,200
100,1,92.67,92.61,3679.590269,100
400,1,92.67,92.62,3679.591265,300
100,1,92.67,92.63,3679.591824,200
50,1,92.67,92.63,3679.59195,200
50,1,92.67,92.63,3679.59197,200
100,1,92.69,92.64,3679.59422,400
100,1,92.69,92.63,3679.594716,300
100,1,92.64,92.63,3679.598106,100
1,-1,92.63,92.69,3679.598191,100
1,1,92.64,92.63,3679.601311,200
1,1,92.64,92.63,3679.601898,200
2,1,92.69,92.63,3679.616227,200
2,1,92.69,92.63,3679.617659,200
100,1,92.69,92.63,3679.61901,200
1,1,92.69,92.63,3679.620498,200
1,1,92.69,92.63,3679.621905,200
2,1,92.69,92.63,3679.62335,200
100,1,92.69,92.63,3679.624397,200
98,1,92.69,92.63,3679.62613,200
2,1,92.69,92.64,3679.626254,200
1,1,92.69,92.64,3679.626328,100
98,1,92.7,92.64,3679.626451,200
1,1,92.7,92.66,3679.629044,200
100,1,92.7,92.66,3679.632605,200
2,1,92.7,92.66,3679.632674,200
100,-1,92.65,92.7,3679.733122,100
100,-1,92.66,92.71,3683.340314,100
100,-1,92.64,92.71,3686.071056,500
200,1,92.68,92.64,3694.463584,200
100,1,92.68,92.64,3695.802145,100
100,1,92.68,92.64,3695.802169,100
100,1,92.7,92.65,3695.80255,100
100,1,92.7,92.65,3695.802574,100
100,-1,92.68,92.72,3697.37265,100
100,-1,92.68,92.72,3697.381672,100
100,-1,92.68,92.72,3697.39676,100
100,-1,92.68,92.72,3697.409475,100
100,1,92.72,92.68,3698.800832,100
100,-1,92.7,92.72,3699.908666,100
1,-1,92.71,92.75,3700.706577,100
100,-1,92.71,92.75,3704.545891,100
100,-1,92.71,92.74,3704.546808,100
2,-1,92.71,92.75,3708.921269,300
100,-1,92.71,92.75,3708.92392,300
84,1,92.75,92.71,3711.786889,100
100,1,92.75,92.72,3711.87885,100
3,1,92.76,92.73,3711.879279,100
100,-1,92.73,92.76,3712.598353,100
100,-1,92.73,92.76,3712.59975,100
97,-1,92.73,92.77,3713.389602,100
100,-1,92.73,92.77,3713.392847,100
8,1,92.77,92.71,3717.276941,100
100,1,92.77,92.71,3717.276968,100
192,1,92.77,92.71,3717.277007,100
100,-1,92.73,92.76,3719.634188,100
100,-1,92.73,92.75,3719.635204,100
100,-1,92.73,92.75,3719.635333,100
100,1,92.75,92.73,3719.64214,200
100,1,92.75,92.7,3719.657907,200
50,-1,92.71,92.75,3726.425135,200
100,-1,92.71,92.74,3726.425839,200
100,-1,92.71,92.74,3726.425956,200
100,-1,92.71,92.74,3726.425984,200
50,-1,92.71,92.74,3726.426006,200
50,-1,92.69,92.73,3726.983126,200
100,-1,92.69,92.7,3727.301403,100
100,-1,92.69,92.7,3727.301484,100
100,-1,92.69,92.7,3727.301502,100
100,1,92.71,92.68,3728.204493,100
100,-1,92.7,92.74,3728.970349,100
100,-1,92.69,92.74,3741.96139,300
100,-1,92.71,92.76,3743.023878,200
200,-1,92.72,92.76,3744.303674,100
303,1,92.75,92.73,3746.343256,100
100,1,92.76,92.73,3746.343556,500
400,1,92.76,92.74,3746.343676,500
100,-1,92.75,92.76,3746.343959,100
100,1,92.76,92.74,3747.294094,100
300,1,92.76,92.73,3747.298617,100
100,1,92.76,92.73,3747.299067,100
400,1,92.76,92.73,3747.300613,100
400,1,92.76,92.72,3747.30105,100
500,1,92.76,92.73,3747.301969,100
497,1,92.77,92.75,3747.303701,200
500,1,92.77,92.75,3748.17399,200
303,-1,92.74,92.77,3752.964452,100
200,-1,92.72,92.77,3752.964513,100
200,-1,92.72,92.77,3752.96454,100
200,-1,92.72,92.76,3752.964576,100
500,-1,92.72,92.76,3752.964612,100
200,-1,92.72,92.75,3755.57763,200
100,-1,92.72,92.75,3755.770632,100
100,1,92.75,92.72,3761.934439,200
100,1,92.75,92.73,3761.934879,200
50,1,92.77,92.73,3761.93508,100
50,-1,92.73,92.77,3762.631332,100
100,-1,92.72,92.77,3765.948698,100
100,-1,92.72,92.76,3765.952801,100
100,-1,92.71,92.75,3766.166646,200
97,-1,92.71,92.75,3766.166728,200
3,-1,92.71,92.75,3766.166886,200
200,-1,92.71,92.75,3766.168009,100
200,-1,92.71,92.75,3766.168267,100
100,-1,92.71,92.75,3766.168913,100
2,-1,92.71,92.75,3766.17224,100
100,-1,92.71,92.75,3766.172781,100
99,1,92.74,92.7,3771.240013,300
2,1,92.73,92.7,3771.588278,100
1,-1,92.71,92.74,3802.787777,100
99,-1,92.7,92.73,3806.330045,200
1,-1,92.7,92.72,3808.579917,100
99,-1,92.7,92.71,3808.580757,100
1,-1,92.69,92.71,3808.581131,200
1,-1,92.69,92.71,3808.89363,100
99,-1,92.68,92.7,3808.894026,300
1,1,92.71,92.67,3820.857275,100
2,1,92.71,92.67,3820.857696,100
99,1,92.71,92.69,3820.858495,100
1,1,92.72,92.69,3820.859189,100
98,1,92.72,92.69,3826.727344,100
213,1,92.72,92.7,3826.727695,100
1,1,92.72,92.7,3826.727812,100
49,1,92.72,92.7,3826.727839,100
99,-1,92.71,92.74,3826.729118,100
2,-1,92.71,92.74,3826.729206,100
200,-1,92.71,92.75,3827.118425,200
100,1,92.72,92.71,3828.370829,100
98,1,92.72,92.71,3828.371099,100
2,1,92.71,92.7,3828.401415,100
47,1,92.71,92.7,3828.401551,100
100,1,92.71,92.7,3828.401744,100
100,1,92.71,92.7,3828.401807,100
100,1,92.71,92.7,3828.402048,100
100,1,92.72,92.71,3828.403306,100
100,-1,92.71,92.75,3828.405247,100
100,1,92.72,92.69,3833.323662,100
100,1,92.72,92.69,3836.653842,100
92,1,92.74,92.7,3842.283992,100
8,1,92.73,92.71,3842.286189,100
200,1,92.72,92.71,3842.288386,100
100,1,92.72,92.71,3842.288517,100
100,1,92.72,92.71,3842.288723,100
100,-1,92.71,92.74,3842.289621,300
100,-1,92.71,92.74,3843.889032,200
100,-1,92.71,92.74,3843.88949,200
100,-1,92.71,92.74,3843.896135,100
300,-1,92.71,92.74,3843.896328,100
100,-1,92.7,92.73,3849.132055,600
2,-1,92.7,92.73,3849.132144,600
100,-1,92.7,92.73,3849.132309,600
100,-1,92.7,92.72,3849.134045,600
98,-1,92.7,92.72,3849.134289,600
2,-1,92.7,92.72,3849.134392,600
100,-1,92.7,92.72,3849.134717,300
98,-1,92.7,92.71,3849.209934,100
2,1,92.7,92.68,3850.006165,100
100,-1,92.68,92.7,3851.035767,100
100,-1,92.68,92.7,3851.035881,100
100,-1,92.67,92.69,3851.512818,100
2,-1,92.66,92.68,3851.513253,100
64,-1,92.66,92.68,3852.409757,100
36,-1,92.66,92.68,3852.415038,100
100,-1,92.66,92.68,3852.53594,100
164,-1,92.66,92.68,3852.536422,100
36,-1,92.65,92.68,3852.551778,100
64,1,92.68,92.65,3857.381369,300
9,1,92.68,92.66,3858.182315,200
1,1,92.68,92.66,3859.098517,200
91,1,92.68,92.67,3859.098608,200
9,1,92.68,92.67,3859.098635,200
105,1,92.68,92.67,3859.098706,200
20,1,92.68,92.67,3859.098742,100
30,1,92.68,92.67,3859.098772,100
100,1,92.68,92.67,3859.098796,100
60,1,92.68,92.67,3859.09885,100
40,-1,92.67,92.69,3863.711383,100
50,-1,92.67,92.69,3863.711644,100
110,-1,92.67,92.69,3863.712292,100
100,-1,92.67,92.69,3863.712618,100
20,1,92.68,92.64,3863.798093,100
100,1,92.67,92.63,3867.317857,100
80,1,92.65,92.62,3874.288166,100
30,1,92.67,92.63,3874.290327,100
25,-1,92.63,92.69,3874.728006,200
45,1,92.69,92.64,3887.111393,100
100,1,92.69,92.65,3887.111476,100
200,1,92.69,92.65,3887.111509,100
100,1,92.69,92.65,3887.111532,100
7,1,92.69,92.65,3887.111605,100
100,-1,92.68,92.73,3887.306057,300
100,1,92.73,92.69,3890.589264,100
100,1,92.73,92.69,3891.813815,100
100,1,92.75,92.69,3894.572357,100
20,1,92.75,92.69,3894.572406,100
100,1,92.76,92.7,3902.621607,100
100,-1,92.71,92.76,3908.238922,100
100,-1,92.71,92.74,3928.28836,100
100,1,92.74,92.71,3929.374874,300
45,-1,92.71,92.73,3930.888681,100
100,-1,92.71,92.73,3930.888712,100
2,-1,92.7,92.72,3930.889119,200
2,1,92.72,92.69,3931.328912,100
2,-1,92.68,92.71,3931.360455,200
55,-1,92.68,92.7,3933.927591,200
2,1,92.7,92.68,3938.130892,100
45,-1,92.69,92.72,3938.132127,100
55,1,92.72,92.69,3938.132187,100
100,-1,92.69,92.72,3938.132225,200
100,1,92.72,92.69,3938.132317,100
100,-1,92.7,92.72,3938.132651,100
200,1,92.73,92.69,3939.471588,100
100,-1,92.71,92.74,3942.759675,100
100,-1,92.69,92.74,3956.877097,100
100,1,92.74,92.69,3959.247724,400
100,-1,92.7,92.75,3969.062148,100
100,1,92.75,92.7,3970.964412,100
100,-1,92.71,92.75,3971.394154,200
100,-1,92.71,92.75,3976.37339,100
100,-1,92.71,92.75,3976.373641,100
500,-1,92.71,92.75,3976.374321,100
100,-1,92.71,92.74,3981.302532,200
100,1,92.74,92.71,3981.375605,100
200,-1,92.71,92.75,3982.59929,400
100,-1,92.72,92.75,3982.600147,100
300,-1,92.71,92.75,3982.600593,300
94,1,92.72,92.71,3998.569706,100
100,1,92.72,92.71,3998.5698,100
100,1,92.72,92.71,3998.570624,100
200,-1,92.71,92.75,3998.57133,100
100,1,92.72,92.71,3998.575526,100
200,1,92.72,92.71,3998.576217,100
100,1,92.72,92.71,3998.577113,100
200,-1,92.71,92.75,3998.577459,200
100,-1,92.71,92.75,3998.577585,200
60,1,92.72,92.71,3998.68537,100
100,1,92.72,92.71,3998.686308,100
100,-1,92.71,92.75,3998.686326,100
40,-1,92.71,92.75,3998.687148,200
100,-1,92.71,92.75,3998.705866,200
100,-1,92.71,92.75,3998.706999,200
100,-1,92.71,92.75,3998.709349,200
100,-1,92.71,92.75,3998.911278,200
200,-1,92.71,92.75,3998.912358,200
30,-1,92.72,92.75,3999.962735,100
100,-1,92.71,92.74,4004.827176,100
100,1,92.74,92.72,4004.827217,100
100,1,92.74,92.72,4004.827286,100
100,1,92.74,92.72,4004.827562,100
100,1,92.75,92.72,4004.827602,100
200,1,92.75,92.72,4004.827686,100
100,1,92.75,92.72,4004.827704,100
100,-1,92.73,92.75,4004.830262,100
50,1,92.76,92.72,4004.880191,100
50,1,92.76,92.73,4004.940219,100
100,1,92.76,92.74,4008.439519,100
100,1,92.76,92.74,4010.825237,100
100,-1,92.75,92.79,4012.697189,100
200,1,92.8,92.75,4013.786908,100
100,-1,92.76,92.8,4027.043732,100
100,1,92.8,92.77,4059.187724,100
100,1,92.8,92.77,4059.18793,100
100,1,92.8,92.77,4059.187961,100
200,1,92.8,92.77,4059.188008,100
100,1,92.8,92.77,4059.188247,100
100,1,92.8,92.79,4059.188461,100
100,1,92.8,92.79,4059.188612,100
6,-1,92.79,92.81,4059.188762,100
100,-1,92.79,92.81,4059.189058,100
100,1,92.83,92.79,4059.401886,100
100,-1,92.8,92.83,4060.555791,200
100,-1,92.8,92.83,4060.555968,200
100,-1,92.8,92.82,4060.556,200
100,-1,92.8,92.81,4060.55614,200
100,-1,92.8,92.81,4060.556228,100
100,-1,92.79,92.81,4060.559018,100
100,-1,92.78,92.83,4065.761443,200
100,1,92.86,92.8,4069.90277,200
100,1,92.86,92.81,4069.902808,200
100,-1,92.81,92.86,4069.902842,100
100,1,92.86,92.81,4069.902862,200
100,1,92.83,92.81,4090.192853,100
100,-1,92.8,92.83,4091.657583,300
100,-1,92.8,92.82,4097.269053,100
100,-1,92.8,92.82,4097.269107,100
100,-1,92.79,92.82,4097.269171,200
100,-1,92.79,92.81,4097.2692,200
100,-1,92.79,92.81,4097.26923,200
100,-1,92.79,92.81,4097.269263,200
100,-1,92.79,92.81,4097.269321,200
100,-1,92.79,92.81,4097.269815,200
100,-1,92.79,92.81,4097.269937,100
100,-1,92.79,92.81,4097.269972,100
100,-1,92.79,92.81,4097.27026,100
100,-1,92.79,92.81,4097.270374,100
100,-1,92.79,92.81,4097.270556,100
100,-1,92.78,92.81,4097.271547,200
100,1,92.8,92.78,4097.277554,100
106,-1,92.78,92.79,4097.406813,100
94,-1,92.78,92.79,4097.406902,100
100,-1,92.77,92.78,4097.825526,100
100,1,92.77,92.76,4097.826806,100
6,-1,92.76,92.77,4097.827491,100
200,-1,92.76,92.77,4097.82758,100
300,-1,92.76,92.77,4098.289958,100
100,1,92.77,92.75,4100.215654,100
200,1,92.77,92.75,4100.215738,100
200,1,92.77,92.75,4100.215829,100
100,1,92.77,92.75,4100.216139,100
100,1,92.76,92.75,4100.216188,100
600,1,92.76,92.75,4100.216227,100
100,1,92.76,92.75,4100.216439,100
100,1,92.76,92.75,4100.216517,100
100,1,92.76,92.75,4100.216918,100
100,-1,92.75,92.76,4100.225019,100
100,-1,92.75,92.76,4100.225068,100
40,-1,92.75,92.76,4100.225162,100
100,-1,92.75,92.76,4100.225504,100
1,-1,92.73,92.75,4101.340764,100
200,-1,92.73,92.75,4101.389822,100
100,-1,92.7,92.74,4103.642338,500
200,-1,92.7,92.72,4103.743332,100
100,-1,92.7,92.71,4103.749338,100
103,-1,92.7,92.71,4103.792175,100
50,-1,92.7,92.71,4103.802794,100
100,1,92.7,92.68,4103.817346,100
100,1,92.7,92.66,4104.218676,100
100,-1,92.66,92.7,4105.10858,100
100,-1,92.64,92.69,4111.008806,900
100,1,92.68,92.62,4115.367626,100
100,1,92.68,92.63,4115.367702,100
100,-1,92.63,92.68,4118.583147,100
100,-1,92.64,92.68,4135.203086,200
100,-1,92.64,92.68,4135.212874,200
100,-1,92.64,92.68,4135.227733,100
100,-1,92.64,92.67,4135.289612,100
100,-1,92.64,92.67,4135.289732,100
100,1,92.65,92.61,4145.019465,200
100,1,92.65,92.62,4148.054687,100
100,1,92.65,92.62,4148.054786,100
14,1,92.65,92.62,4148.54041,100
86,-1,92.61,92.65,4156.337081,200
14,-1,92.61,92.64,4156.337279,100
36,-1,92.58,92.64,4156.337382,100
50,-1,92.58,92.64,4156.337409,100
14,1,92.61,92.56,4158.637737,100
36,-1,92.56,92.61,4159.153793,1500
50,-1,92.56,92.61,4159.167455,1900
14,-1,92.56,92.61,4159.182097,1900
86,-1,92.56,92.6,4159.191086,900
14,-1,92.56,92.6,4159.203857,300
86,1,92.61,92.57,4160.008125,300
14,-1,92.57,92.61,4160.013436,1500
100,-1,92.57,92.61,4160.627096,300
100,-1,92.56,92.61,4160.634336,1000
10,-1,92.56,92.6,4163.870164,100
50,-1,92.57,92.6,4171.421201,300
50,-1,92.57,92.6,4171.496168,300
64,1,92.6,92.57,4172.883484,100
100,1,92.6,92.57,4172.883594,100
300,1,92.6,92.57,4172.883619,100
100,1,92.6,92.57,4172.883642,100
100,1,92.61,92.57,4172.883868,100
100,-1,92.58,92.62,4172.890576,300
1,1,92.62,92.58,4172.895005,100
100,1,92.63,92.58,4178.200023,100
100,1,92.63,92.59,4178.204705,100
3,1,92.65,92.6,4178.20495,100
100,-1,92.6,92.65,4178.218549,200
100,1,92.65,92.6,4182.767851,100
100,-1,92.61,92.65,4182.777923,100
100,1,92.65,92.61,4192.255758,100
100,-1,92.62,92.65,4192.283641,200
100,-1,92.62,92.64,4198.631616,100
100,-1,92.57,92.61,4205.832563,100
100,-1,92.57,92.61,4205.940894,100
100,1,92.61,92.57,4208.045239,200
100,1,92.61,92.57,4208.045746,100
100,1,92.63,92.57,4208.907677,200
100,1,92.62,92.57,4214.09171,100
100,1,92.63,92.59,4237.743215,100
100,1,92.63,92.59,4237.743312,100
100,1,92.63,92.59,4237.743365,100
100,-1,92.59,92.66,4237.743492,200
100,1,92.66,92.59,4237.743512,100
100,1,92.66,92.6,4237.743838,100
100,1,92.66,92.6,4237.744432,100
3,1,92.65,92.61,4241.413246,200
100,-1,92.61,92.65,4247.993074,200
100,1,92.65,92.61,4248.156818,100
100,-1,92.62,92.65,4248.220429,100
100,1,92.64,92.62,4248.583227,100
2,1,92.67,92.62,4248.703919,100
155,-1,92.62,92.67,4273.747751,200
100,-1,92.62,92.66,4277.030184,200
100,-1,92.62,92.65,4277.031514,100
100,-1,92.61,92.65,4277.031603,100
80,-1,92.61,92.65,4277.031626,100
80,-1,92.61,92.65,4277.03165,100
100,-1,92.61,92.65,4277.039009,100
100,-1,92.58,92.64,4277.400718,600
9,-1,92.58,92.63,4277.402106,600
100,-1,92.58,92.63,4277.402231,600
16,-1,92.58,92.63,4277.402357,600
100,-1,92.58,92.63,4277.410717,300
100,-1,92.58,92.63,4277.410718,300
200,-1,92.58,92.63,4277.413512,300
200,-1,92.58,92.64,4277.417988,100
50,-1,92.58,92.64,4277.417989,100
50,-1,92.58,92.64,4277.418387,100
50,-1,92.58,92.64,4277.418388,100
100,-1,92.58,92.63,4277.42314,100
100,-1,92.58,92.63,4277.428816,100
100,-1,92.58,92.63,4277.428908,100
100,-1,92.58,92.63,4277.42893,100
100,-1,92.58,92.63,4277.428952,100
100,-1,92.57,92.63,4277.436446,300
100,-1,92.57,92.62,4277.443891,300
14,-1,92.57,92.62,4277.444386,300
100,-1,92.57,92.61,4277.449843,300
100,-1,92.57,92.61,4277.450374,300
200,-1,92.57,92.61,4277.453526,300
200,1,92.56,92.54,4277.482388,100
100,1,92.56,92.54,4277.483327,100
1600,-1,92.54,92.58,4277.559897,100
900,1,92.57,92.54,4277.626519,100
400,-1,92.54,92.57,4277.710558,100
86,1,92.57,92.53,4277.796378,100
100,1,92.57,92.53,4278.35281,100
200,-1,92.52,92.57,4278.580559,500
400,-1,92.55,92.58,4279.43886,100
100,1,92.58,92.55,4279.438932,700
100,1,92.58,92.54,4280.436321,700
100,1,92.58,92.55,4280.436466,600
100,1,92.58,92.55,4280.436983,600
100,1,92.58,92.55,4280.440518,400
100,1,92.58,92.55,4280.44061,200
100,1,92.58,92.55,4280.440634,200
100,1,92.58,92.55,4280.440657,200
100,-1,92.55,92.58,4280.903723,2000
100,1,92.58,92.55,4280.904046,300
100,1,92.58,92.55,4280.904345,100
100,1,92.6,92.56,4281.052177,100
100,-1,92.56,92.6,4285.237888,100
100,-1,92.56,92.6,4286.613657,100
100,1,92.63,92.57,4304.885621,200
100,1,92.63,92.56,4324.336488,200
100,-1,92.56,92.63,4325.247134,200
100,1,92.63,92.57,4329.077788,200
100,1,92.63,92.58,4339.61295,200
200,-1,92.58,92.63,4341.657998,100
200,-1,92.58,92.63,4341.658038,100
100,1,92.63,92.58,4341.658152,200
100,1,92.63,92.58,4341.658249,200
91,-1,92.58,92.63,4341.65828,100
100,1,92.63,92.6,4341.659177,100
100,1,92.63,92.6,4341.659277,100
200,1,92.63,92.6,4341.659298,100
200,1,92.63,92.6,4341.659508,100
200,-1,92.6,92.65,4341.659909,100
100,-1,92.6,92.62,4341.660171,100
300,-1,92.6,92.62,4341.66116,100
29,-1,92.58,92.62,4341.661459,200
67,1,92.61,92.58,4341.661598,100
63,1,92.61,92.58,4341.662202,100
41,1,92.59,92.58,4343.177305,100
133,-1,92.57,92.59,4343.472987,200
108,1,92.59,92.57,4344.519286,100
100,1,92.59,92.57,4344.519515,100
100,1,92.59,92.57,4344.51969,100
100,1,92.6,92.57,4344.520055,100
41,1,92.6,92.58,4344.521256,100
18,1,92.68,92.63,4376.71668,200
41,1,92.68,92.63,4376.71683,200
59,1,92.68,92.63,4376.716881,100
100,1,92.68,92.64,4376.716964,100
100,1,92.68,92.64,4376.716983,100
100,1,92.68,92.64,4376.717058,100
100,1,92.68,92.64,4376.717078,100
100,1,92.7,92.64,4376.717143,100
100,1,92.7,92.66,4376.726992,100
100,1,92.72,92.66,4376.785668,100
100,-1,92.66,92.72,4376.78595,100
100,-1,92.7,92.72,4376.851243,100
100,1,92.72,92.67,4376.852915,100
100,1,92.73,92.67,4384.520146,200
300,-1,92.67,92.73,4384.613319,300
100,-1,92.68,92.73,4387.458187,300
100,-1,92.68,92.73,4387.458257,300
100,-1,92.69,92.73,4387.477195,100
100,-1,92.69,92.73,4387.497399,100
100,-1,92.69,92.73,4387.511218,100
100,1,92.73,92.69,4388.662714,100
500,1,92.74,92.69,4388.728557,100
500,1,92.76,92.71,4398.019903,100
500,1,92.77,92.72,4398.021237,100
100,-1,92.73,92.77,4398.554681,200
500,-1,92.73,92.77,4398.560774,200
100,1,92.77,92.73,4406.734356,100
100,1,92.83,92.75,4411.78468,500
200,1,92.86,92.8,4422.518024,100
500,1,92.86,92.81,4430.046762,200
1100,-1,92.81,92.87,4435.73805,200
300,-1,92.8,92.87,4435.738198,100
300,-1,92.8,92.87,4435.738222,100
300,-1,92.8,92.87,4435.738257,100
100,-1,92.8,92.86,4435.738277,100
300,1,92.84,92.77,4438.403883,100
200,1,92.84,92.78,4446.127313,100
100,-1,92.79,92.83,4452.998994,100
300,-1,92.78,92.82,4452.999536,100
100,1,92.82,92.78,4452.999622,100
300,1,92.82,92.78,4453.005268,100
100,1,92.81,92.76,4454.455217,100
400,1,92.81,92.76,4454.45525,100
100,1,92.81,92.76,4454.455478,100
300,1,92.82,92.76,4454.455786,100
100,-1,92.76,92.83,4461.331275,200
300,1,92.86,92.78,4467.881175,100
100,-1,92.8,92.85,4479.358534,100
100,-1,92.79,92.85,4479.36001,100
2200,1,92.82,92.76,4483.679954,300
200,1,92.82,92.76,4483.680301,300
100,1,92.82,92.76,4483.687459,200
9,1,92.82,92.76,4483.68753,200
100,1,92.82,92.76,4483.77086,200
200,1,92.78,92.76,4488.617183,100
100,1,92.78,92.76,4488.626491,300
100,1,92.78,92.76,4488.626587,300
100,1,92.78,92.76,4488.62803,200
100,1,92.78,92.76,4488.628116,200
100,1,92.78,92.76,4488.628136,200
100,1,92.78,92.77,4488.6291,100
91,1,92.81,92.76,4488.675274,100
9,1,92.81,92.76,4489.949882,100
200,1,92.82,92.76,4490.136109,400
100,1,92.82,92.76,4490.633959,400
100,-1,92.76,92.82,4500.682816,200
100,-1,92.76,92.8,4510.527422,200
100,-1,92.76,92.8,4510.527512,200
100,-1,92.76,92.8,4510.527757,200
100,-1,92.76,92.8,4510.530616,200
100,-1,92.76,92.8,4510.534493,200
100,-1,92.76,92.8,4510.534608,200
100,-1,92.76,92.79,4510.53516,100
100,-1,92.76,92.79,4510.535257,100
100,-1,92.76,92.79,4510.535285,100
100,-1,92.75,92.78,4510.536202,100
100,1,92.77,92.72,4512.319108,100
100,-1,92.71,92.77,4514.097833,200
200,-1,92.71,92.77,4519.317948,100
100,1,92.77,92.7,4519.930766,200
100,1,92.77,92.73,4519.93088,200
100,1,92.77,92.73,4519.930983,200
100,1,92.77,92.73,4519.931013,100
100,1,92.77,92.73,4519.931152,100
100,1,92.77,92.73,4519.931322,100
100,1,92.81,92.76,4520.033831,100
300,1,92.82,92.77,4526.420395,400
100,1,92.82,92.76,4530.507629,400
100,1,92.82,92.76,4531.430275,400
100,-1,92.76,92.82,4531.434197,200
100,1,92.82,92.77,4545.518136,300
100,1,92.82,92.79,4564.709668,200
100,1,92.8,92.77,4565.206597,100
100,1,92.82,92.78,4568.189947,300
50,1,92.82,92.78,4568.19023,300
100,1,92.8,92.78,4568.645033,100
20,1,92.8,92.78,4568.645203,100
100,1,92.8,92.78,4568.64548,100
50,-1,92.77,92.82,4573.873405,100
100,-1,92.76,92.8,4573.891368,300
100,-1,92.76,92.8,4573.8917,300
1,-1,92.76,92.8,4573.89308,200
100,-1,92.76,92.8,4573.893168,200
1,-1,92.76,92.8,4573.893304,200
13,-1,92.76,92.8,4573.893328,200
120,-1,92.76,92.8,4573.893363,200
1,-1,92.76,92.8,4573.893885,100
78,-1,92.76,92.8,4573.894016,100
100,-1,92.75,92.8,4573.894307,200
100,-1,92.75,92.79,4573.896886,200
100,-1,92.75,92.79,4573.897047,200
200,-1,92.75,92.79,4573.8974,200
100,-1,92.75,92.79,4573.899431,200
100,-1,92.75,92.79,4573.923516,100
25,-1,92.75,92.79,4573.92371,100
100,1,92.79,92.74,4580.987797,200
31,1,92.79,92.74,4583.008006,100
65,1,92.79,92.74,4583.00841,100
50,1,92.81,92.76,4593.208269,200
49,1,92.81,92.76,4593.209583,100
1,1,92.81,92.77,4596.621356,100
50,-1,92.75,92.81,4624.249141,100
59,-1,92.75,92.81,4624.24922,100
50,-1,92.75,92.8,4624.257411,100
50,1,92.8,92.75,4624.262059,300
100,1,92.81,92.77,4627.549333,100
7,1,92.81,92.77,4627.612009,100
2,1,92.77,92.76,4630.550176,200
7,-1,92.76,92.77,4630.550274,200
100,-1,92.76,92.77,4630.550575,200
41,1,92.77,92.75,4630.550719,200
7,1,92.77,92.75,4630.550808,200
52,-1,92.75,92.77,4630.552156,200
48,1,92.77,92.74,4630.570333,100
52,-1,92.74,92.79,4635.894213,300
100,1,92.81,92.74,4640.00957,200
100,1,92.81,92.74,4640.009657,100
100,-1,92.76,92.81,4640.836948,200
84,-1,92.76,92.81,4640.838079,200
100,-1,92.76,92.81,4640.83826,200
100,-1,92.76,92.81,4640.83864,200
200,-1,92.76,92.81,4640.839526,200
48,-1,92.76,92.81,4651.212911,100
100,1,92.81,92.76,4655.919594,100
23,1,92.83,92.76,4655.91979,100
177,1,92.83,92.76,4655.919861,100
52,1,92.82,92.78,4662.099668,200
100,-1,92.77,92.8,4669.40546,200
100,1,92.8,92.77,4671.669236,200
100,1,92.8,92.77,4671.670088,100
300,1,92.8,92.78,4671.687347,100
29,1,92.81,92.79,4686.230949,100
6,1,92.81,92.79,4686.230991,100
17,1,92.82,92.79,4686.231048,200
18,1,92.82,92.79,4686.23109,200
6,1,92.81,92.8,4686.231388,100
7,1,92.82,92.79,4690.743082,100
100,1,92.82,92.79,4690.743168,100
100,1,92.83,92.8,4690.743493,100
43,1,92.83,92.8,4690.743619,100
26,-1,92.79,92.83,4691.413231,200
50,-1,92.79,92.83,4696.167916,100
100,-1,92.79,92.83,4696.167988,100
1,-1,92.79,92.83,4696.168199,100
99,-1,92.79,92.83,4696.168678,100
100,-1,92.79,92.82,4696.169364,100
100,-1,92.78,92.81,4696.171476,100
81,-1,92.78,92.81,4696.171844,100
100,-1,92.78,92.81,4696.171937,100
119,-1,92.78,92.81,4696.17343,100
1,1,92.78,92.77,4696.189709,100
99,1,92.81,92.77,4696.232991,200
1,-1,92.77,92.81,4697.451999,200
100,-1,92.75,92.79,4697.783888,200
200,-1,92.75,92.79,4699.876414,100
100,1,92.77,92.75,4699.876517,100
100,-1,92.73,92.79,4704.471944,100
100,-1,92.74,92.78,4707.980122,100
100,-1,92.74,92.78,4707.981208,100
100,1,92.75,92.72,4715.265806,100
4,1,92.75,92.72,4715.26664,100
96,-1,92.73,92.76,4715.267284,100
100,1,92.74,92.73,4715.273153,100
50,1,92.78,92.73,4730.580241,100
100,1,92.78,92.73,4730.58061,100
50,-1,92.76,92.81,4730.581421,100
100,1,92.79,92.76,4730.67932,100
50,1,92.81,92.76,4730.679428,100
50,1,92.81,92.77,4737.343341,100
100,-1,92.77,92.81,4746.834334,100
100,1,92.81,92.77,4753.177888,100
2,1,92.81,92.77,4753.178093,100
400,1,92.82,92.77,4753.178238,100
4,1,92.82,92.78,4753.179002,100
100,-1,92.79,92.82,4754.78599,100
100,-1,92.79,92.82,4759.577392,100
96,1,92.82,92.78,4759.610367,200
500,1,92.85,92.79,4770.260537,100
3,1,92.85,92.79,4770.308098,100
100,1,92.85,92.79,4770.308218,100
2,-1,92.8,92.85,4770.640897,200
100,-1,92.8,92.85,4770.643755,100
100,1,92.82,92.77,4770.809329,100
100,-1,92.78,92.83,4775.662283,100
100,1,92.83,92.78,4785.109017,200
100,1,92.85,92.8,4785.147012,100
100,-1,92.81,92.85,4785.171628,100
100,-1,92.81,92.85,4785.184663,100
64,1,92.85,92.8,4788.173006,100
36,-1,92.8,92.85,4796.238513,200
200,-1,92.8,92.85,4796.24052,200
100,1,92.84,92.81,4796.276729,200
100,1,92.84,92.81,4796.277254,100
100,1,92.81,92.8,4796.377273,100
100,-1,92.79,92.81,4796.378308,100
100,-1,92.79,92.81,4796.383371,100
100,1,92.81,92.79,4797.406388,100
100,-1,92.81,92.82,4797.406792,100
9,-1,92.79,92.82,4797.928154,200
100,-1,92.79,92.8,4798.65448,100
3,1,92.8,92.79,4798.763999,200
17,1,92.8,92.78,4798.957865,200
180,1,92.8,92.78,4798.957937,200
100,-1,92.78,92.8,4803.434278,200
100,-1,92.78,92.8,4803.434374,200
100,-1,92.78,92.8,4805.662005,200
15,-1,92.78,92.79,4805.884856,200
101,-1,92.77,92.79,4805.885441,100
84,-1,92.76,92.79,4807.551708,200
100,-1,92.76,92.79,4808.968047,200
20,-1,92.76,92.79,4808.968241,200
100,-1,92.76,92.79,4808.96833,200
5,-1,92.76,92.79,4808.96847,200
19,-1,92.76,92.79,4808.969252,200
61,-1,92.76,92.78,4808.970334,200
50,-1,92.76,92.78,4808.971433,100
100,-1,92.76,92.78,4808.972866,100
26,-1,92.76,92.78,4815.554738,200
74,-1,92.76,92.78,4816.006028,100
100,-1,92.76,92.78,4816.006121,100
17,-1,92.76,92.78,4816.006371,100
100,-1,92.76,92.78,4816.006911,100
100,-1,92.76,92.78,4816.007878,100
100,-1,92.76,92.78,4816.008018,100
100,1,92.76,92.72,4816.01729,100
100,1,92.76,92.71,4816.021435,100
34,1,92.76,92.7,4821.051563,100
100,1,92.76,92.71,4821.051653,100
9,-1,92.71,92.73,4822.287551,100
100,-1,92.71,92.74,4822.540304,100
100,1,92.71,92.7,4822.770228,100
200,1,92.7,92.67,4822.785482,100
100,1,92.71,92.67,4822.785583,100
100,1,92.73,92.68,4830.528136,100
100,-1,92.68,92.73,4830.728961,100
100,-1,92.66,92.71,4841.194912,100
100,-1,92.66,92.7,4846.229006,100
200,1,92.68,92.65,4848.810895,100
89,1,92.68,92.65,4848.810937,100
100,1,92.68,92.65,4848.811009,100
100,1,92.68,92.65,4848.811082,100
100,1,92.68,92.65,4848.811927,100
100,1,92.68,92.66,4848.813364,100
15,1,92.68,92.66,4848.813493,100
5,1,92.7,92.66,4848.914978,200
6,1,92.7,92.65,4873.108485,200
100,-1,92.64,92.69,4882.899733,100
100,-1,92.63,92.68,4890.397315,100
100,-1,92.64,92.68,4894.252638,100
100,1,92.68,92.63,4897.191323,100
100,1,92.68,92.63,4904.91966,100
2,1,92.68,92.63,4904.919782,100
100,1,92.68,92.63,4904.91981,100
12,1,92.68,92.63,4904.920093,100
98,1,92.7,92.64,4904.920344,100
100,1,92.7,92.65,4904.92047,100
100,1,92.7,92.67,4905.041072,200
2,1,92.7,92.68,4906.465304,200
100,-1,92.68,92.7,4907.110403,100
2,-1,92.68,92.7,4912.114035,200
2,1,92.7,92.68,4914.746277,300
98,1,92.7,92.68,4920.794153,300
2,-1,92.69,92.7,4923.286913,100
98,1,92.7,92.69,4923.287052,200
100,1,92.71,92.69,4923.287083,200
100,1,92.71,92.69,4923.287104,200
100,1,92.71,92.69,4923.287173,200
100,-1,92.69,92.71,4923.302903,400
5,1,92.71,92.69,4925.379717,300
100,-1,92.69,92.71,4925.381069,300
95,-1,92.69,92.7,4929.923273,200
100,1,92.7,92.67,4929.923404,100
5,1,92.7,92.67,4929.923438,100
100,1,92.7,92.67,4929.92346,100
100,-1,92.67,92.7,4937.605575,200
100,-1,92.67,92.69,4937.605701,100
50,-1,92.66,92.69,4937.605846,100
150,-1,92.66,92.69,4937.605868,100
100,-1,92.66,92.68,4937.606898,100
139,1,92.69,92.64,4937.713737,100
100,1,92.68,92.62,4944.002217,100
100,1,92.66,92.62,4944.66741,100
100,1,92.66,92.63,4947.911546,100
100,1,92.66,92.64,4947.91159,100
200,-1,92.65,92.68,4947.911661,100
200,-1,92.65,92.68,4947.911715,100
100,1,92.7,92.65,4947.91513,300
100,1,92.7,92.65,4947.921346,200
100,1,92.7,92.65,4950.50929,200
100,-1,92.66,92.71,4961.031481,200
100,-1,92.66,92.71,4961.031616,200
100,1,92.71,92.67,4972.768282,200
100,-1,92.67,92.71,4972.768891,300
100,-1,92.66,92.71,4973.019298,100
100,-1,92.66,92.71,4973.019553,100
2,-1,92.66,92.7,4973.020166,100
100,1,92.66,92.62,4973.908326,200
40,-1,92.62,92.66,4976.108701,100
100,-1,92.62,92.66,4977.110458,100
100,-1,92.61,92.65,4979.07495,100
100,1,92.65,92.6,4985.042676,200
50,1,92.65,92.6,4986.278844,100
100,1,92.65,92.61,4995.733072,100
100,1,92.65,92.61,4995.7332,100
100,1,92.65,92.62,4996.936049,200
30,1,92.65,92.63,4999.891027,200
100,1,92.65,92.63,4999.891353,200
100,1,92.65,92.63,4999.891555,200
100,1,92.65,92.63,4999.891556,200
100,1,92.65,92.63,4999.892694,200
100,1,92.65,92.64,4999.895401,100
100,1,92.65,92.64,4999.897508,100
100,-1,92.63,92.65,4999.905855,200
1,1,92.65,92.63,5000.235646,300
34,1,92.65,92.63,5000.310817,300
100,1,92.65,92.63,5000.310924,300
59,1,92.65,92.63,5000.312707,300
39,1,92.65,92.63,5000.312824,300
100,1,92.65,92.63,5000.313183,300
1,1,92.65,92.64,5000.324152,300
64,-1,92.64,92.65,5000.337967,100
6,-1,92.63,92.65,5001.441496,100
100,-1,92.63,92.65,5001.442558,100
97,1,92.65,92.63,5007.20856,300
100,-1,92.63,92.65,5007.357112,200
100,-1,92.63,92.65,5007.357399,200
55,-1,92.63,92.65,5007.357451,200
100,-1,92.63,92.65,5007.357472,200
100,-1,92.63,92.64,5007.358857,200
100,-1,92.63,92.64,5007.358986,200
100,-1,92.63,92.64,5007.359211,200
100,-1,92.63,92.64,5007.359844,200
5,-1,92.62,92.63,5007.376019,300
11,-1,92.62,92.63,5007.376727,100
100,1,92.64,92.61,5007.398642,200
100,1,92.64,92.61,5007.475296,200
100,1,92.64,92.61,5007.481826,200
1,1,92.64,92.61,5008.077738,200
100,1,92.64,92.61,5008.671657,100
11334,1,92.65,92.63,5009.379114,300
100,1,92.65,92.63,5009.379144,300
100,1,92.62,92.6,5014.88175,100
100,1,92.62,92.6,5014.881821,100
100,1,92.63,92.6,5018.307455,200
100,-1,92.6,92.62,5021.753619,200
100,-1,92.6,92.62,5021.754095,100
110,-1,92.6,92.62,5021.754209,100
100,-1,92.59,92.62,5021.754241,200
100,-1,92.59,92.62,5021.754337,200
90,1,92.62,92.59,5021.754643,100
100,1,92.61,92.59,5021.75708,100
100,1,92.61,92.59,5021.757421,100
100,1,92.61,92.59,5021.765809,100
100,1,92.61,92.59,5021.852629,100
100,1,92.62,92.59,5021.949079,100
100,1,92.63,92.59,5022.81427,100
131,-1,92.59,92.63,5022.862976,200
100,1,92.63,92.59,5028.508485,200
69,1,92.63,92.58,5038.515264,100
100,-1,92.59,92.63,5038.522242,100
100,-1,92.59,92.63,5038.527188,100
100,1,92.63,92.59,5038.528165,200
100,-1,92.59,92.63,5038.663038,100
100,1,92.63,92.59,5038.983231,200
100,1,92.63,92.59,5039.31628,200
100,-1,92.56,92.63,5040.410267,100
100,-1,92.56,92.62,5041.40188,100
3,1,92.61,92.56,5041.753479,200
100,1,92.61,92.56,5041.853519,200
197,1,92.61,92.56,5041.954051,200
10,1,92.61,92.56,5042.053787,100
590,1,92.62,92.57,5042.056749,100
100,-1,92.57,92.62,5042.05745,100
100,1,92.62,92.58,5042.079037,100
100,1,92.63,92.59,5042.250333,100
100,-1,92.59,92.63,5042.284007,100
100,1,92.62,92.58,5042.29148,100
100,1,92.62,92.58,5042.342878,100
100,1,92.62,92.58,5042.351701,100
100,1,92.62,92.58,5042.353803,100
100,-1,92.56,92.61,5043.044466,100
100,-1,92.56,92.61,5043.044577,100
100,1,92.61,92.56,5043.049785,300
100,-1,92.56,92.6,5043.138291,100
300,1,92.61,92.57,5043.147456,100
100,1,92.61,92.57,5043.14756,100
100,-1,92.57,92.62,5045.256667,100
100,1,92.63,92.57,5051.155152,100
200,1,92.63,92.57,5051.593351,200
103,-1,92.57,92.63,5051.793731,100
100,-1,92.57,92.63,5052.516305,100
100,-1,92.57,92.63,5052.540721,100
100,-1,92.57,92.62,5052.553242,100
2,-1,92.57,92.62,5052.577402,100
61,-1,92.57,92.62,5052.585823,100
37,1,92.57,92.55,5052.588055,100
100,1,92.61,92.55,5052.641986,100
100,1,92.62,92.55,5053.718437,100
100,-1,92.57,92.62,5053.76142,100
50,1,92.62,92.57,5055.127674,100
63,1,92.62,92.55,5055.241622,100
50,1,92.61,92.56,5065.407391,100
50,-1,92.56,92.59,5066.793778,100
100,1,92.58,92.56,5066.941407,100
100,1,92.58,92.56,5066.941436,100
100,1,92.57,92.55,5066.941809,100
100,-1,92.55,92.57,5066.941898,200
37,-1,92.55,92.57,5066.941922,200
63,-1,92.55,92.57,5066.941991,100
100,-1,92.53,92.57,5068.05298,200
200,1,92.57,92.53,5069.64253,100
100,-1,92.53,92.57,5070.394634,100
100,-1,92.53,92.56,5070.706299,100
100,-1,92.51,92.56,5070.706659,100
100,-1,92.51,92.56,5070.706689,100
100,-1,92.51,92.56,5070.706999,100
100,-1,92.51,92.55,5070.995209,100
100,-1,92.51,92.55,5072.242322,100
100,-1,92.51,92.54,5072.378575,100
100,1,92.52,92.5,5074.168324,100
100,1,92.53,92.5,5074.538951,200
3,-1,92.5,92.52,5075.318391,300
104,1,92.53,92.52,5077.507001,200
100,1,92.53,92.52,5077.507056,200
66,1,92.53,92.52,5077.507105,100
100,1,92.53,92.52,5077.507176,100
100,1,92.54,92.52,5078.03466,100
100,1,92.54,92.52,5078.170682,100
100,-1,92.53,92.54,5078.186367,100
100,1,92.54,92.52,5078.746537,100
100,-1,92.52,92.54,5078.812282,200
100,-1,92.52,92.54,5078.846274,200
100,1,92.54,92.52,5078.84631,100
127,-1,92.52,92.54,5078.846392,200
100,1,92.52,92.51,5080.084511,100
66,-1,92.51,92.53,5081.477763,200
100,-1,92.51,92.53,5081.478371,200
100,-1,92.51,92.53,5083.11388,100
100,-1,92.51,92.52,5083.246002,100
100,1,92.52,92.51,5083.246079,100
3,-1,92.51,92.53,5083.258148,200
100,-1,92.51,92.53,5084.764857,200
100,-1,92.51,92.53,5086.046758,200
100,-1,92.51,92.53,5086.228802,200
100,-1,92.51,92.53,5086.228938,200
100,-1,92.51,92.52,5086.229288,200
4,-1,92.51,92.52,5086.229387,200
127,1,92.52,92.51,5086.229467,100
12,1,92.53,92.5,5086.243198,100
1600,-1,92.5,92.52,5086.748581,400
100,-1,92.5,92.52,5086.750852,100
200,-1,92.5,92.52,5086.750974,100
200,-1,92.5,92.52,5086.750999,100
61,-1,92.5,92.52,5086.752166,100
100,-1,92.5,92.51,5086.752683,100
100,-1,92.5,92.51,5086.752795,100
100,-1,92.5,92.51,5086.753019,100
104,-1,92.5,92.51,5086.75302,100
100,-1,92.5,92.51,5086.75377,100
100,-1,92.49,92.51,5086.754841,100
100,-1,92.49,92.51,5086.755032,100
100,-1,92.5,92.51,5086.75981,100
5,1,92.52,92.5,5086.819414,100
100,1,92.52,92.5,5086.964532,100
100,1,92.52,92.5,5086.964603,100
100,1,92.51,92.48,5087.254381,100
100,1,92.51,92.48,5087.254408,100
100,1,92.51,92.48,5087.254428,100
100,1,92.51,92.48,5087.254477,100
200,1,92.51,92.48,5087.254501,100
100,1,92.51,92.48,5087.254525,100
100,1,92.51,92.48,5087.255239,100
35,1,92.51,92.5,5087.256488,100
100,1,92.51,92.5,5087.256567,100
100,-1,92.5,92.51,5087.256591,100
98,1,92.51,92.5,5087.256655,100
100,1,92.52,92.5,5087.264715,100
2,1,92.51,92.48,5087.279277,100
100,1,92.51,92.48,5087.400035,100
6,1,92.51,92.48,5087.773885,100
200,-1,92.49,92.51,5088.272267,100
100,-1,92.5,92.51,5088.574545,100
100,-1,92.5,92.51,5088.574573,100
100,-1,92.49,92.5,5088.61328,200
70,1,92.51,92.49,5088.614335,100
15,-1,92.49,92.51,5088.679447,200
8,1,92.51,92.49,5089.526988,100
15,1,92.51,92.49,5098.101944,100
49,1,92.51,92.49,5098.102016,100
51,1,92.51,92.49,5098.102143,100
64,1,92.51,92.5,5098.10224,100
100,1,92.52,92.5,5098.102393,200
100,1,92.52,92.5,5098.103518,100
64,1,92.52,92.5,5098.103729,100
221,1,92.53,92.51,5098.105358,100
100,-1,92.52,92.55,5098.116571,200
800,-1,92.52,92.55,5098.222801,100
100,1,92.55,92.52,5098.241716,100
100,-1,92.52,92.55,5099.252729,100
100,1,92.55,92.51,5102.309307,200
35,1,92.56,92.51,5102.309679,100
100,1,92.56,92.53,5102.310534,100
100,-1,92.54,92.56,5103.460149,100
100,-1,92.54,92.56,5103.461655,100
100,-1,92.54,92.56,5108.225307,100
200,-1,92.54,92.56,5108.226864,100
100,-1,92.54,92.55,5108.227537,100
100,-1,92.54,92.55,5108.227638,100
5,1,92.56,92.49,5112.51112,200
100,1,92.56,92.5,5115.1716,100
200,1,92.56,92.5,5115.172007,100
100,-1,92.5,92.56,5122.164975,200
100,1,92.55,92.49,5130.730043,200
100,1,92.56,92.5,5130.730696,100
100,1,92.56,92.5,5130.730766,100
100,1,92.56,92.52,5130.752592,100
500,1,92.58,92.52,5130.752753,100
100,-1,92.53,92.58,5131.182537,200
100,1,92.59,92.55,5136.389317,100
502,-1,92.55,92.59,5139.415484,100
10,-1,92.55,92.59,5139.427773,100
100,1,92.59,92.53,5141.729706,200
100,1,92.6,92.55,5152.731149,100
100,1,92.61,92.55,5154.730074,100
100,1,92.61,92.55,5154.730187,100
100,1,92.62,92.57,5156.730298,100
100,1,92.62,92.57,5156.730623,100
100,1,92.62,92.57,5156.747635,100
100,1,92.62,92.57,5156.747873,100
100,-1,92.57,92.62,5157.134567,100
100,-1,92.56,92.61,5161.546565,200
100,-1,92.56,92.61,5161.547186,200
700,-1,92.56,92.6,5161.550727,100
1000,-1,92.56,92.6,5161.555146,100
100,1,92.56,92.55,5161.575564,100
100,1,92.56,92.52,5163.583367,100
100,1,92.56,92.52,5163.583635,100
1800,1,92.56,92.52,5164.19223,100
100,-1,92.53,92.55,5187.133584,100
100,-1,92.52,92.54,5187.133982,100
100,-1,92.52,92.54,5187.134007,100
84,-1,92.52,92.54,5187.134033,100
100,1,92.54,92.5,5205.178511,300
50,1,92.54,92.5,5205.178599,300
100,1,92.54,92.5,5205.178622,300
50,1,92.54,92.5,5205.178697,300
50,1,92.54,92.5,5205.178722,200
50,1,92.54,92.51,5205.179075,200
50,1,92.54,92.51,5205.179195,200
100,1,92.54,92.51,5205.179221,200
100,1,92.54,92.51,5205.179416,100
50,1,92.54,92.52,5205.184714,100
50,1,92.54,92.52,5205.185607,100
50,1,92.55,92.52,5205.189103,100
50,1,92.54,92.52,5205.198686,300
50,1,92.54,92.52,5205.234298,300
100,1,92.54,92.52,5205.234738,200
100,1,92.54,92.52,5205.236129,100
100,1,92.54,92.52,5205.236418,100
100,-1,92.51,92.55,5206.687204,300
100,-1,92.51,92.55,5206.689747,300
100,1,92.56,92.52,5226.692826,100
100,1,92.56,92.52,5226.708243,100
100,-1,92.53,92.56,5241.448989,100
50,-1,92.53,92.56,5241.449098,100
17,-1,92.53,92.55,5241.449574,100
50,-1,92.53,92.55,5242.172336,100
71,1,92.54,92.52,5242.183455,100
79,1,92.53,92.51,5242.198271,100
50,1,92.5,92.49,5244.377801,100
100,-1,92.48,92.5,5245.478444,200
100,1,92.5,92.46,5247.741249,100
59,1,92.48,92.47,5254.073797,100
41,1,92.48,92.47,5254.073835,100
41,-1,92.48,92.49,5254.074156,100
100,-1,92.47,92.51,5254.100523,200
100,1,92.51,92.48,5269.772888,200
100,1,92.51,92.48,5269.772971,200
100,-1,92.48,92.51,5277.772114,100
100,-1,92.48,92.51,5277.772242,100
100,-1,92.48,92.5,5277.773685,100
300,-1,92.48,92.5,5277.773807,100
100,-1,92.48,92.5,5277.773881,100
100,1,92.5,92.46,5277.774235,200
3,1,92.49,92.44,5279.442876,100
97,1,92.49,92.46,5298.278931,100
3,1,92.49,92.46,5298.278993,100
200,1,92.5,92.46,5298.279092,100
100,1,92.5,92.46,5298.279119,100
103,1,92.5,92.46,5298.279159,100
100,-1,92.47,92.5,5298.299493,1000
100,1,92.49,92.47,5308.026176,100
100,1,92.49,92.47,5330.223703,100
97,1,92.5,92.47,5330.223883,200
100,1,92.5,92.48,5332.919552,100
200,1,92.51,92.48,5332.920101,200
100,1,92.51,92.49,5332.92013,200
213,1,92.51,92.49,5334.906404,200
50,1,92.51,92.49,5334.906671,200
100,1,92.51,92.5,5334.90676,200
50,1,92.51,92.5,5334.906877,100
100,1,92.51,92.5,5334.906996,100
100,1,92.51,92.5,5334.907018,100
95,-1,92.5,92.53,5336.658329,100
5,-1,92.5,92.53,5336.659001,100
100,-1,92.5,92.53,5336.665093,100
50,-1,92.5,92.53,5336.667073,100
50,-1,92.5,92.53,5336.672337,100
100,-1,92.5,92.53,5336.673262,100
100,-1,92.5,92.53,5337.483504,100
20,1,92.53,92.5,5340.171757,100
20,1,92.53,92.51,5340.175619,100
100,-1,92.51,92.56,5340.19268,100
100,-1,92.51,92.55,5341.559781,100
100,1,92.55,92.51,5347.380314,100
100,1,92.55,92.53,5347.382879,100
100,1,92.55,92.53,5347.382962,100
1,1,92.55,92.53,5347.38437,200
80,1,92.55,92.53,5347.93193,100
20,1,92.55,92.53,5347.931958,100
100,-1,92.53,92.55,5349.268725,100
100,1,92.55,92.53,5353.589193,100
100,1,92.55,92.54,5353.590144,100
100,-1,92.54,92.57,5353.5905,100
100,-1,92.53,92.59,5356.380291,200
100,-1,92.53,92.59,5356.380292,200
100,-1,92.53,92.59,5356.380879,200
40,-1,92.53,92.59,5356.380999,200
60,-1,92.53,92.59,5356.381,200
60,-1,92.53,92.59,5356.381204,200
100,-1,92.53,92.57,5356.39967,200
10,-1,92.53,92.57,5356.400173,100
20,-1,92.53,92.57,5356.400693,100
26,-1,92.53,92.57,5356.409028,100
100,-1,92.52,92.56,5356.410361,100
100,-1,92.52,92.56,5357.222751,100
90,-1,92.52,92.55,5357.223166,100
100,1,92.53,92.5,5357.224364,100
100,1,92.51,92.5,5357.224524,100
100,1,92.51,92.5,5357.224608,100
100,-1,92.5,92.51,5357.22567,100
100,-1,92.55,92.59,5376.55554,100
100,1,92.58,92.55,5376.583379,100
100,1,92.59,92.55,5380.881463,100
100,-1,92.55,92.59,5382.804986,200
100,-1,92.55,92.59,5382.805014,200
1,-1,92.55,92.59,5382.805134,200
99,-1,92.55,92.59,5382.805278,200
100,-1,92.55,92.58,5382.805416,200
1,-1,92.55,92.58,5382.805457,200
99,-1,92.55,92.58,5382.805643,100
1,1,92.57,92.51,5382.812821,100
19,1,92.58,92.51,5382.915947,100
81,-1,92.51,92.55,5388.893648,300
100,-1,92.51,92.55,5388.899721,300
100,-1,92.51,92.55,5390.286698,300
100,1,92.55,92.51,5395.169299,100
40,-1,92.51,92.55,5395.85961,300
100,1,92.55,92.51,5396.18535,100
60,1,92.55,92.52,5399.764521,100
100,1,92.55,92.52,5399.76537,100
47,1,92.56,92.52,5399.765736,100
22,1,92.56,92.53,5399.773157,100
22,-1,92.52,92.56,5403.907136,200
50,-1,92.52,92.56,5403.907388,200
22,-1,92.52,92.56,5403.913063,200
50,-1,92.52,92.56,5403.917016,100
50,-1,92.52,92.56,5403.918717,100
3,-1,92.51,92.56,5403.922323,100
50,-1,92.51,92.56,5403.9226,100
150,-1,92.51,92.52,5403.925686,100
100,1,92.52,92.51,5403.942702,100
100,1,92.52,92.51,5403.943293,100
100,-1,92.51,92.52,5403.954828,100
49,-1,92.5,92.51,5403.985458,100
151,-1,92.5,92.51,5403.995827,100
49,-1,92.5,92.51,5404.00894,100
51,-1,92.5,92.51,5404.009102,100
100,-1,92.49,92.51,5404.051815,100
100,-1,92.49,92.51,5404.0633,100
56,-1,92.49,92.5,5404.073938,100
31,-1,92.49,92.51,5404.079148,100
100,-1,92.49,92.51,5404.079272,100
2,-1,92.47,92.49,5404.149481,300
98,-1,92.47,92.49,5404.149785,300
2,-1,92.47,92.48,5404.150379,300
96,-1,92.47,92.48,5404.150567,300
40,-1,92.46,92.47,5404.194,100
100,1,92.47,92.46,5404.194531,100
99,1,92.47,92.46,5404.194938,100
1,-1,92.46,92.49,5404.211266,100
50,-1,92.45,92.47,5404.366054,100
49,-1,92.42,92.47,5404.44631,100
99,-1,92.42,92.47,5404.450301,100
1,1,92.47,92.42,5404.503679,100
80,1,92.46,92.42,5404.506294,100
40,-1,92.42,92.47,5404.63783,100
2,-1,92.42,92.46,5404.680789,100
100,-1,92.42,92.46,5404.680811,100
100,-1,92.39,92.47,5404.876411,200
80,1,92.47,92.39,5405.280937,100
120,1,92.47,92.39,5405.886256,100
97,1,92.47,92.39,5406.288486,100
3,1,92.48,92.4,5408.695703,200
3,-1,92.45,92.47,5414.123721,100
3,-1,92.45,92.47,5414.124419,100
3,-1,92.45,92.47,5414.124548,100
2,-1,92.45,92.47,5414.160738,100
98,1,92.47,92.45,5414.483533,200
200,1,92.47,92.46,5416.885649,100
100,1,92.47,92.46,5416.885726,100
100,1,92.47,92.46,5416.885806,100
100,1,92.48,92.47,5416.886709,200
100,1,92.48,92.47,5416.886807,200
30,1,92.48,92.47,5416.886831,100
100,1,92.48,92.47,5416.888856,100
50,-1,92.48,92.49,5416.888972,100
3,-1,92.48,92.5,5416.889098,100
47,-1,92.48,92.5,5417.235911,400
50,-1,92.48,92.5,5417.236632,400
100,-1,92.48,92.5,5417.242523,400
50,-1,92.48,92.5,5417.474089,400
100,1,92.52,92.48,5421.385702,100
100,1,92.54,92.49,5421.43017,100
100,1,92.54,92.49,5421.430283,100
100,1,92.54,92.49,5421.43032,100
100,1,92.55,92.5,5431.807153,100
100,1,92.55,92.52,5431.810092,100
100,1,92.55,92.52,5431.810141,100
100,1,92.56,92.52,5431.810442,200
100,1,92.56,92.52,5433.678964,100
100,1,92.56,92.53,5434.197028,100
100,1,92.56,92.53,5434.197356,100
100,1,92.57,92.54,5434.19784,100
100,1,92.58,92.56,5435.906085,100
100,-1,92.56,92.58,5435.906865,300
100,-1,92.56,92.58,5436.867314,300
100,-1,92.56,92.58,5436.867627,300
100,-1,92.56,92.58,5436.867856,300
100,-1,92.56,92.57,5436.867983,300
100,1,92.56,92.55,5436.875212,100
100,-1,92.55,92.58,5437.063577,200
100,1,92.57,92.55,5437.153078,100
100,-1,92.55,92.58,5437.933044,200
100,-1,92.55,92.56,5437.958342,200
100,-1,92.55,92.58,5438.932767,200
200,-1,92.55,92.58,5439.533051,200
100,-1,92.55,92.58,5439.533157,200
100,1,92.59,92.55,5442.618676,200
100,1,92.61,92.56,5447.200861,200
100,1,92.61,92.57,5450.593356,200
100,1,92.61,92.57,5450.593628,200
100,1,92.61,92.57,5450.695588,200
100,-1,92.57,92.61,5453.015446,100
100,-1,92.56,92.59,5453.016405,100
100,-1,92.55,92.59,5453.016497,200
100,-1,92.55,92.57,5454.698559,100
100,-1,92.54,92.57,5454.718384,100
15,-1,92.54,92.57,5454.719178,100
100,-1,92.54,92.56,5454.759219,100
100,-1,92.54,92.56,5454.759374,100
100,1,92.55,92.5,5454.773267,200
97,1,92.54,92.5,5454.814275,100
3,1,92.57,92.48,5458.389425,100
300,1,92.57,92.5,5458.426758,200
100,-1,92.52,92.57,5474.072292,100
50,-1,92.52,92.55,5474.255945,200
50,-1,92.52,92.55,5475.006292,200
100,-1,92.52,92.55,5475.006394,200
100,-1,92.52,92.55,5475.006988,200
100,-1,92.52,92.55,5475.007864,200
100,-1,92.52,92.55,5475.007955,200
100,-1,92.52,92.54,5475.008061,200
72,-1,92.5,92.55,5475.195597,100
28,-1,92.5,92.55,5475.195709,100
31,1,92.54,92.49,5475.233054,100
100,-1,92.49,92.54,5475.611113,100
2,1,92.54,92.49,5478.899206,200
98,1,92.54,92.49,5479.657239,200
100,-1,92.49,92.53,5483.366576,100
100,1,92.53,92.49,5483.404142,200
100,-1,92.48,92.52,5485.689875,100
100,-1,92.48,92.52,5485.690416,100
4,-1,92.47,92.51,5485.692161,100
100,1,92.47,92.44,5485.709435,100
100,1,92.48,92.43,5485.735617,100
100,1,92.49,92.45,5487.009909,100
131,1,92.5,92.45,5487.010035,100
69,1,92.52,92.46,5487.091482,100
100,1,92.53,92.48,5488.792576,200
100,1,92.53,92.48,5488.794085,200
31,1,92.53,92.48,5510.986511,200
100,1,92.53,92.48,5510.986538,100
100,1,92.53,92.49,5510.986558,100
100,1,92.53,92.49,5510.986583,100
19,1,92.54,92.49,5510.986614,100
87,1,92.54,92.49,5510.986634,100
76,1,92.55,92.49,5510.986665,100
20,1,92.55,92.5,5510.991184,100
5,1,92.55,92.5,5510.993242,100
22,1,92.56,92.52,5511.052988,200
50,1,92.55,92.52,5528.260695,100
34,1,92.56,92.52,5528.941743,300
200,1,92.56,92.53,5528.941862,300
2,1,92.57,92.53,5534.396081,100
100,-1,92.55,92.57,5535.736791,100
100,-1,92.55,92.57,5535.84807,100
100,-1,92.55,92.57,5536.73481,100
100,-1,92.54,92.55,5536.741593,100
100,-1,92.54,92.55,5536.74203,100
100,-1,92.54,92.55,5536.742226,100
100,-1,92.54,92.55,5536.744917,100
100,-1,92.52,92.55,5537.298998,100
100,-1,92.52,92.55,5537.306281,100
100,-1,92.52,92.55,5537.309057,100
100,-1,92.52,92.58,5537.90984,100
100,-1,92.52,92.58,5537.92203,100
100,-1,92.52,92.58,5537.932166,100
100,-1,92.52,92.58,5537.943363,100
100,-1,92.52,92.58,5538.011884,100
100,-1,92.5,92.56,5538.066192,100
100,1,92.57,92.5,5540.233924,100
100,-1,92.5,92.57,5543.227768,100
50,1,92.55,92.5,5543.240294,100
50,1,92.57,92.51,5560.453679,200
50,1,92.57,92.51,5560.453771,200
100,-1,92.54,92.57,5563.378842,100
100,1,92.58,92.54,5563.379095,100
40,-1,92.54,92.58,5577.34224,200
60,1,92.59,92.54,5577.343466,100
100,1,92.59,92.54,5577.343741,100
2,-1,92.55,92.59,5577.51548,200
100,1,92.59,92.56,5583.201925,100
100,1,92.59,92.57,5583.20215,100
100,1,92.61,92.56,5584.175297,100
100,-1,92.56,92.61,5585.47943,200
100,1,92.61,92.56,5592.969662,100
100,1,92.62,92.56,5601.345833,100
100,-1,92.58,92.62,5608.907636,100
16,1,92.62,92.58,5610.549144,100
84,1,92.62,92.57,5615.043758,100
22,-1,92.57,92.62,5636.088022,200
78,-1,92.57,92.62,5636.088044,200
4,-1,92.57,92.62,5636.088185,200
96,-1,92.57,92.62,5636.088721,100
4,-1,92.57,92.61,5636.088814,100
96,-1,92.57,92.61,5636.089075,100
100,-1,92.57,92.61,5636.089165,100
50,-1,92.57,92.61,5636.089186,100
50,-1,92.57,92.61,5636.089264,100
50,-1,92.57,92.61,5636.089361,100
100,-1,92.57,92.61,5636.089757,100
15,-1,92.57,92.61,5636.08985,100
20,-1,92.57,92.61,5636.089874,100
20,-1,92.57,92.61,5636.089999,100
5,-1,92.57,92.61,5636.090399,100
30,-1,92.56,92.61,5636.090494,100
100,-1,92.56,92.61,5636.090652,100
50,-1,92.56,92.61,5636.090653,100
30,-1,92.56,92.61,5636.091199,100
5,-1,92.56,92.61,5636.09134,100
10,-1,92.56,92.6,5636.092588,100
10,-1,92.56,92.6,5636.092977,100
165,-1,92.56,92.6,5636.094836,100
5,-1,92.56,92.58,5636.098846,100
100,-1,92.54,92.58,5636.099688,100
25,-1,92.54,92.58,5636.100573,100
5,-1,92.54,92.58,5636.101629,100
10,-1,92.54,92.58,5636.102041,100
100,-1,92.54,92.58,5636.102833,100
95,-1,92.54,92.58,5636.102988,100
100,-1,92.54,92.58,5636.10332,100
90,-1,92.54,92.58,5636.105069,100
5,1,92.56,92.54,5636.105283,100
5,1,92.56,92.53,5636.108329,100
105,-1,92.53,92.58,5636.132237,100
200,-1,92.53,92.58,5636.132413,100
100,1,92.58,92.53,5636.134837,100
100,-1,92.53,92.56,5638.840309,100
100,-1,92.52,92.55,5639.813543,200
100,1,92.53,92.5,5650.755943,100
5,-1,92.5,92.53,5653.109151,100
100,-1,92.5,92.53,5653.109278,100
100,-1,92.5,92.53,5657.015247,200
100,1,92.53,92.5,5657.015339,100
100,1,92.53,92.51,5657.015643,100
100,1,92.53,92.51,5657.016018,100
100,-1,92.51,92.53,5657.016104,100
20,1,92.53,92.51,5657.016174,100
80,-1,92.53,92.54,5657.016458,100
80,1,92.54,92.52,5657.021523,100
100,1,92.53,92.52,5657.021581,100
2,1,92.54,92.52,5657.021771,100
100,1,92.53,92.52,5657.021935,100
100,1,92.54,92.52,5657.02203,100
100,1,92.54,92.51,5657.091117,100
100,1,92.55,92.52,5657.091485,300
100,1,92.53,92.51,5657.821865,100
178,1,92.54,92.51,5658.736835,100
322,-1,92.51,92.53,5661.325296,100
67,-1,92.51,92.52,5661.744292,100
33,1,92.52,92.5,5661.744521,100
100,1,92.52,92.49,5661.803795,100
100,-1,92.51,92.52,5663.74265,200
100,-1,92.51,92.52,5663.743167,200
30,-1,92.51,92.52,5663.748236,100
70,-1,92.5,92.51,5663.752137,100
30,-1,92.5,92.51,5663.753967,100
70,1,92.51,92.5,5663.800654,100
30,-1,92.51,92.52,5663.815493,100
30,-1,92.51,92.52,5663.8165,100
100,-1,92.5,92.51,5663.819324,100
100,-1,92.5,92.51,5663.820077,100
100,-1,92.5,92.51,5663.820257,100
100,-1,92.47,92.51,5663.85511,100
100,1,92.52,92.47,5663.874895,200
100,1,92.52,92.47,5664.190198,100
2,1,92.52,92.49,5664.860976,200
100,-1,92.49,92.52,5664.914382,100
2,1,92.54,92.49,5665.506114,100
1,-1,92.5,92.54,5669.035494,100
99,1,92.54,92.5,5669.035621,100
1,1,92.54,92.51,5669.035728,100
100,1,92.54,92.51,5669.035773,100
100,1,92.55,92.51,5669.035857,300
1,-1,92.51,92.55,5669.073435,100
100,1,92.55,92.5,5669.099421,300
76,1,92.55,92.5,5669.101272,300
100,1,92.55,92.5,5671.890455,200
100,1,92.55,92.51,5675.097622,200
780,-1,92.51,92.55,5675.100099,100
23,1,92.55,92.5,5675.101043,200
77,1,92.55,92.5,5675.147219,200
23,1,92.55,92.5,5677.093274,100
77,1,92.55,92.51,5677.093368,100
100,1,92.55,92.51,5677.093389,100
100,1,92.55,92.51,5677.093424,100
100,1,92.55,92.51,5677.09347,100
100,1,92.55,92.51,5677.093526,100
100,1,92.56,92.51,5677.093618,200
100,1,92.55,92.53,5677.09813,100
100,1,92.55,92.53,5677.098419,100
100,1,92.56,92.53,5677.101918,200
78,-1,92.51,92.56,5678.598492,100
100,-1,92.51,92.56,5678.60353,100
100,-1,92.51,92.56,5680.091368,100
31,1,92.56,92.51,5680.379093,200
69,1,92.56,92.51,5680.379181,200
80,1,92.56,92.51,5680.379202,100
100,1,92.56,92.51,5680.380459,100
31,1,92.56,92.54,5680.38073,100
20,1,92.57,92.54,5680.404895,400
100,-1,92.54,92.56,5683.837954,100
100,1,92.55,92.53,5683.843486,100
100,-1,92.53,92.55,5683.844183,100
100,1,92.54,92.5,5683.857047,100
100,-1,92.49,92.52,5712.57249,200
82,-1,92.49,92.52,5712.572608,100
100,-1,92.49,92.52,5712.572694,100
18,1,92.52,92.46,5712.609426,300
100,-1,92.46,92.52,5712.617045,100
100,-1,92.46,92.52,5716.335865,200
100,1,92.51,92.47,5717.567351,100
100,-1,92.47,92.51,5718.960581,100
100,-1,92.47,92.51,5718.962178,100
50,-1,92.47,92.51,5720.703163,100
50,1,92.51,92.48,5720.703383,100
100,1,92.51,92.47,5723.464525,100
100,1,92.51,92.47,5724.947526,100
10,1,92.51,92.47,5724.947562,100
100,1,92.51,92.47,5724.947653,100
50,1,92.51,92.47,5724.947892,100
40,1,92.51,92.47,5724.948016,100
5,1,92.51,92.49,5724.948372,100
12,1,92.52,92.49,5724.949512,100
100,1,92.52,92.49,5724.949672,100
90,1,92.53,92.49,5724.950595,100
3,1,92.53,92.49,5724.951182,100
23,1,92.54,92.51,5732.138625,400
100,1,92.53,92.51,5732.164175,100
1,1,92.54,92.51,5732.191518,200
100,-1,92.52,92.54,5736.109723,200
100,1,92.54,92.52,5736.535055,100
14,1,92.55,92.53,5736.535397,100
100,1,92.55,92.53,5737.523498,100
100,-1,92.54,92.56,5739.582022,100
3,-1,92.54,92.56,5739.582117,100
68,1,92.56,92.54,5739.582471,100
2,1,92.57,92.54,5741.552936,100
50,-1,92.54,92.57,5749.448153,200
50,1,92.58,92.54,5754.551147,100
100,-1,92.55,92.58,5755.450875,200
100,-1,92.55,92.58,5755.451271,100
64,-1,92.55,92.57,5755.452114,100
429,-1,92.54,92.56,5755.452975,200
100,-1,92.54,92.56,5756.610089,100
100,1,92.56,92.54,5758.394489,100
100,1,92.57,92.54,5758.539309,100
100,-1,92.54,92.57,5762.426958,100
100,-1,92.54,92.55,5762.427434,100
36,-1,92.52,92.55,5762.455543,200
100,1,92.55,92.51,5766.837753,100
200,-1,92.52,92.54,5766.927205,200
100,1,92.55,92.52,5770.059317,200
100,1,92.55,92.53,5770.09574,100
100,-1,92.52,92.55,5774.090694,100
100,-1,92.52,92.54,5774.106076,100
100,-1,92.52,92.54,5774.106106,100
100,-1,92.51,92.54,5774.106456,200
100,-1,92.5,92.54,5774.108196,100
100,1,92.53,92.48,5774.117545,100
100,1,92.54,92.48,5775.010508,100
100,1,92.54,92.49,5775.010605,100
100,-1,92.49,92.54,5777.115949,200
100,-1,92.5,92.54,5783.935003,100
100,-1,92.5,92.54,5783.938668,100
100,-1,92.49,92.53,5783.939371,300
200,1,92.52,92.49,5785.19983,100
100,1,92.52,92.49,5786.87336,200
100,-1,92.48,92.51,5787.735501,100
5,-1,92.44,92.5,5795.582694,300
50,-1,92.44,92.49,5795.583379,300
50,-1,92.44,92.49,5795.58347,300
100,-1,92.44,92.49,5795.583496,300
85,-1,92.44,92.48,5795.584431,200
100,-1,92.44,92.48,5795.584623,200
100,1,92.48,92.44,5795.588252,100
100,1,92.48,92.44,5795.589431,100
100,1,92.47,92.43,5799.21379,100
100,-1,92.44,92.48,5801.276457,100
1652,-1,92.44,92.48,5801.300118,100
100,-1,92.44,92.48,5801.319687,100
300,-1,92.44,92.48,5801.327024,100
100,-1,92.44,92.48,5801.33142,100
2,-1,92.44,92.48,5801.344698,100
100,1,92.48,92.45,5810.015351,200
100,1,92.48,92.46,5810.01544,100
100,1,92.48,92.46,5810.01547,100
11,1,92.48,92.46,5810.01551,100
100,1,92.5,92.46,5810.015581,100
106,1,92.48,92.47,5810.019711,100
100,1,92.48,92.47,5810.019911,100
100,1,92.48,92.47,5810.019941,100
100,-1,92.47,92.5,5810.020127,200
100,-1,92.47,92.5,5810.022703,200
100,-1,92.45,92.47,5813.298159,100
100,1,92.47,92.45,5813.300983,300
40,-1,92.45,92.48,5814.824994,100
300,1,92.48,92.46,5822.864941,100
200,1,92.48,92.46,5822.865222,100
90,1,92.48,92.46,5822.865315,100
100,1,92.49,92.46,5822.867028,100
100,-1,92.48,92.5,5823.117433,100
100,1,92.51,92.48,5823.117805,400
75,1,92.51,92.48,5823.117923,300
100,1,92.51,92.49,5823.119215,300
90,1,92.51,92.49,5823.119563,100
10,1,92.54,92.5,5828.948084,100
8,1,92.56,92.51,5828.988985,400
100,1,92.56,92.53,5828.990755,200
2,1,92.56,92.53,5828.990887,200
10,-1,92.53,92.56,5828.994472,200
100,-1,92.51,92.57,5833.328661,100
69,-1,92.51,92.57,5833.329063,100
100,-1,92.51,92.54,5833.329409,100
100,-1,92.51,92.53,5833.329838,100
100,1,92.53,92.49,5833.330129,100
20,1,92.53,92.47,5833.334784,200
4,1,92.53,92.48,5833.336684,200
100,1,92.54,92.49,5837.304139,100
100,1,92.54,92.49,5837.304197,100
96,1,92.54,92.49,5837.304476,100
100,1,92.54,92.49,5837.315875,100
4,1,92.57,92.5,5837.482208,200
48,1,92.57,92.5,5837.482328,200
100,1,92.58,92.5,5837.482355,100
100,1,92.58,92.5,5837.73641,100
300,1,92.6,92.51,5856.664935,100
101,-1,92.51,92.61,5869.458141,100
99,1,92.6,92.51,5872.407544,200
100,1,92.56,92.51,5880.516465,100
98,-1,92.51,92.56,5885.701066,300
2,1,92.56,92.51,5885.738787,100
100,-1,92.51,92.56,5885.756036,300
100,-1,92.51,92.56,5885.970403,300
100,-1,92.51,92.56,5885.993774,300
54,1,92.55,92.52,5898.953312,100
100,1,92.54,92.51,5899.832168,100
48,1,92.54,92.51,5899.833952,100
100,1,92.54,92.51,5900.244886,100
5,1,92.56,92.52,5900.306761,100
46,1,92.56,92.52,5902.605426,100
100,1,92.56,92.52,5902.606269,100
100,1,92.56,92.52,5909.460412,100
100,1,92.56,92.52,5912.675959,100
100,-1,92.52,92.56,5914.155998,100
100,-1,92.52,92.56,5914.175106,100
100,-1,92.52,92.56,5914.176013,100
100,-1,92.52,92.56,5914.176195,100
100,-1,92.52,92.56,5914.17656,100
100,-1,92.52,92.56,5914.176905,100
50,-1,92.52,92.56,5914.177002,100
100,-1,92.51,92.55,5914.177369,200
100,-1,92.51,92.55,5914.178448,200
100,-1,92.51,92.55,5914.179196,100
100,1,92.55,92.52,5914.21135,100
100,-1,92.52,92.56,5914.599926,100
100,-1,92.52,92.56,5914.600065,100
50,-1,92.52,92.56,5914.600132,100
50,-1,92.52,92.56,5914.600922,100
50,-1,92.52,92.56,5914.601426,100
100,-1,92.52,92.56,5914.601949,100
100,-1,92.52,92.56,5914.602358,100
500,-1,92.52,92.56,5914.602479,100
4,-1,92.52,92.56,5914.602798,100
100,-1,92.51,92.56,5914.609547,100
100,-1,92.51,92.55,5915.798108,100
8,-1,92.51,92.54,5915.803029,100
292,-1,92.51,92.53,5915.803739,100
100,-1,92.51,92.53,5915.803907,100
100,-1,92.5,92.53,5915.804016,100
100,-1,92.48,92.53,5915.804539,100
3,1,92.54,92.47,5915.836103,100
79,1,92.53,92.46,5918.831551,100
2,-1,92.46,92.53,5919.428714,200
21,-1,92.46,92.53,5919.429119,200
100,1,92.52,92.46,5921.242742,100
8,1,92.53,92.46,5922.340054,100
100,-1,92.51,92.53,5927.880935,100
100,1,92.51,92.48,5927.884462,100
100,1,92.53,92.5,5931.016364,200
92,1,92.53,92.5,5931.018593,100
100,-1,92.49,92.53,5932.985539,100
50,1,92.54,92.48,5937.453549,100
50,1,92.54,92.48,5937.453676,100
8,1,92.51,92.46,5949.772632,200
92,-1,92.46,92.51,5968.951654,100
8,-1,92.46,92.51,5968.951761,100
100,-1,92.46,92.51,5968.951935,100
100,-1,92.46,92.51,5968.952328,100
50,-1,92.46,92.51,5968.952871,100
50,-1,92.46,92.51,5968.953044,100
3,-1,92.46,92.51,5968.953203,100
97,-1,92.46,92.51,5968.954607,100
50,-1,92.45,92.49,5968.962938,200
50,-1,92.45,92.49,5968.964603,200
50,1,92.49,92.45,5968.990178,100
100,1,92.49,92.45,5969.020807,100
100,-1,92.45,92.5,5969.141284,200
100,-1,92.45,92.49,5969.15668,100
100,1,92.49,92.45,5969.168631,200
100,-1,92.44,92.49,5973.006002,100
100,-1,92.44,92.49,5973.006212,100
100,-1,92.44,92.49,5973.041777,100
100,-1,92.41,92.49,5974.274047,100
100,1,92.49,92.41,5975.035858,200
100,-1,92.43,92.49,5991.179883,100
100,-1,92.43,92.49,5991.183413,100
100,-1,92.43,92.49,5991.186399,100
100,-1,92.43,92.48,5991.228406,100
186,1,92.47,92.4,5991.663763,100
100,1,92.47,92.4,5991.674243,100
14,1,92.47,92.4,5991.709027,100
100,1,92.47,92.4,5992.869202,100
600,-1,92.4,92.47,5994.077938,200
200,-1,92.42,92.47,5994.662318,100
11,1,92.47,92.4,5999.777885,100
100,1,92.44,92.41,6012.467886,200
39,-1,92.41,92.44,6012.470191,100
50,-1,92.4,92.43,6012.471752,200
11,-1,92.4,92.44,6012.687556,200
100,1,92.41,92.4,6013.172472,100
11,1,92.41,92.4,6013.172909,100
2,1,92.41,92.4,6013.17304,100
500,-1,92.4,92.41,6013.173174,200
6,1,92.41,92.4,6013.173278,100
100,1,92.42,92.4,6013.176437,100
100,-1,92.39,92.42,6013.176898,100
200,1,92.42,92.39,6013.177721,100
100,-1,92.38,92.42,6013.295376,100
100,1,92.4,92.38,6025.977007,100
200,1,92.4,92.38,6025.97712,100
100,-1,92.38,92.39,6025.977331,200
100,-1,92.38,92.39,6025.97743,200
100,-1,92.38,92.39,6025.977629,200
300,1,92.39,92.37,6025.991647,100
100,-1,92.37,92.4,6026.066761,200
100,1,92.4,92.37,6027.157838,100
100,1,92.4,92.37,6027.157866,100
43,1,92.4,92.37,6027.157903,100
57,1,92.4,92.37,6027.157936,100
100,1,92.41,92.38,6027.158126,200
500,1,92.41,92.38,6027.158197,200
4,1,92.42,92.38,6033.193109,100
100,1,92.42,92.38,6033.193209,100
100,1,92.42,92.38,6033.193252,100
100,1,92.42,92.38,6034.117824,100
100,-1,92.38,92.42,6035.188489,100
200,-1,92.38,92.42,6044.366113,100
11,1,92.42,92.39,6049.369191,100
89,1,92.42,92.39,6049.369268,100
100,1,92.42,92.39,6049.369286,100
100,1,92.42,92.39,6049.369362,100
100,1,92.43,92.39,6049.369408,100
50,-1,92.39,92.42,6050.282309,100
50,-1,92.38,92.41,6050.284074,100
100,1,92.42,92.38,6051.09303,300
11,1,92.42,92.38,6053.382165,100
100,1,92.42,92.38,6062.831227,100
100,1,92.42,92.39,6066.469179,100
1000,-1,92.38,92.42,6066.471911,200
100,1,92.42,92.38,6066.990043,200
100,1,92.42,92.39,6076.242949,100
49,1,92.42,92.39,6076.243018,100
100,1,92.42,92.39,6076.243053,100
100,1,92.43,92.4,6076.243428,100
30,1,92.42,92.4,6076.246623,200
100,1,92.42,92.4,6076.246803,200
5,-1,92.4,92.43,6076.262544,1600
95,-1,92.4,92.43,6077.086444,100
100,1,92.44,92.38,6086.000287,100
100,1,92.44,92.39,6088.384357,100
500,1,92.45,92.39,6088.384438,200
100,1,92.45,92.39,6088.38447,200
100,1,92.45,92.39,6088.384555,200
100,1,92.47,92.41,6129.375856,100
100,1,92.47,92.42,6129.80716,100
42,1,92.47,92.42,6129.808022,100
58,1,92.47,92.43,6129.808243,100
100,1,92.49,92.43,6129.819708,100
100,1,92.5,92.43,6129.819924,200
100,1,92.5,92.44,6129.861953,100
100,1,92.51,92.45,6129.914487,100
100,1,92.54,92.48,6135.571057,100
100,1,92.54,92.48,6137.885052,100
100,-1,92.5,92.54,6140.541191,100
100,1,92.54,92.5,6141.276985,200
100,-1,92.5,92.54,6143.282969,200
100,-1,92.5,92.54,6143.493394,200
100,-1,92.5,92.54,6143.495021,200
100,1,92.54,92.5,6144.089601,100
100,-1,92.51,92.54,6144.124631,100
52,-1,92.52,92.57,6153.690456,600
50,1,92.57,92.52,6163.890207,100
50,1,92.58,92.53,6165.710617,100
52,-1,92.53,92.58,6173.091154,100
148,-1,92.53,92.58,6173.091313,100
50,1,92.58,92.53,6174.093422,200
148,1,92.58,92.53,6180.007495,300
52,-1,92.55,92.58,6181.644406,100
48,1,92.58,92.56,6183.704761,200
10,1,92.59,92.56,6183.704922,400
23,1,92.59,92.56,6183.704948,400
100,1,92.59,92.56,6183.704972,400
134,1,92.59,92.56,6183.704996,400
66,1,92.6,92.57,6188.640296,100
147,1,92.6,92.57,6188.640802,100
147,-1,92.57,92.6,6188.643426,200
100,1,92.6,92.57,6188.648225,200
120,-1,92.57,92.61,6188.754376,100
100,-1,92.57,92.59,6194.153904,200
100,-1,92.57,92.59,6194.153933,200
6,1,92.6,92.57,6194.342541,200
3,-1,92.57,92.6,6195.954052,200
47,1,92.58,92.57,6198.689727,200
100,1,92.58,92.57,6199.524216,200
100,1,92.58,92.57,6199.524356,200
50,1,92.58,92.57,6199.524498,200
100,-1,92.57,92.6,6199.525041,200
100,-1,92.58,92.6,6199.529911,200
100,-1,92.58,92.6,6199.529963,200
100,-1,92.58,92.6,6199.529983,200
100,-1,92.58,92.6,6199.53001,200
100,-1,92.58,92.6,6199.530064,200
100,-1,92.58,92.6,6199.530082,200
100,1,92.58,92.57,6199.533366,100
200,-1,92.57,92.6,6199.948813,200
100,-1,92.57,92.6,6199.949331,100
100,-1,92.57,92.6,6202.019164,100
200,1,92.57,92.56,6202.021116,200
100,1,92.57,92.56,6202.021201,200
300,1,92.57,92.56,6202.021255,200
100,-1,92.56,92.59,6203.989737,200
100,-1,92.56,92.59,6203.989784,200
500,-1,92.56,92.58,6203.990186,100
100,-1,92.55,92.58,6203.990291,100
100,-1,92.55,92.57,6204.726587,100
100,-1,92.56,92.57,6205.062286,100
1340,1,92.57,92.54,6205.079818,100
100,-1,92.54,92.57,6205.904626,100
2369,-1,92.54,92.57,6205.905424,100
100,-1,92.53,92.57,6205.905516,100
400,-1,92.53,92.57,6205.905532,100
47,-1,92.53,92.57,6205.905629,100
100,-1,92.53,92.57,6205.905656,100
100,-1,92.53,92.57,6205.906214,100
100,-1,92.53,92.57,6205.906314,100
100,-1,92.53,92.57,6205.906365,100
100,-1,92.53,92.57,6205.90695,100
10,-1,92.52,92.57,6205.908002,100
100,-1,92.52,92.57,6205.90814,100
100,-1,92.52,92.57,6205.909451,100
2,-1,92.52,92.57,6205.910034,100
100,-1,92.52,92.57,6205.910674,100
94,-1,92.52,92.56,6205.910785,100
2,-1,92.52,92.56,6205.91097,100
100,-1,92.52,92.56,6205.911298,100
100,-1,92.51,92.55,6205.936443,200
3,-1,92.51,92.55,6205.941939,200
100,-1,92.51,92.55,6205.942061,200
95,-1,92.51,92.54,6206.074326,100
100,1,92.52,92.49,6207.65337,100
100,-1,92.49,92.53,6207.932828,600
200,1,92.53,92.49,6210.066587,200
200,1,92.53,92.5,6210.066752,200
50,1,92.53,92.5,6210.066967,200
50,1,92.53,92.5,6210.067356,100
100,1,92.53,92.5,6210.06746,100
100,-1,92.5,92.53,6210.848204,100
100,-1,92.49,92.53,6210.850135,500
2,1,92.53,92.49,6210.854853,100
11,-1,92.5,92.55,6212.887962,900
98,-1,92.49,92.55,6214.140183,500
100,-1,92.49,92.55,6214.140265,500
91,-1,92.49,92.55,6214.140666,500
9,1,92.55,92.49,6222.705187,100
100,1,92.55,92.49,6222.705279,100
91,1,92.57,92.52,6222.705876,100
9,-1,92.52,92.57,6229.045753,300
91,1,92.53,92.52,6229.459635,100
9,-1,92.52,92.57,6229.469357,100
11,-1,92.52,92.57,6229.511344,100
13,-1,92.5,92.55,6235.20371,100
100,-1,92.5,92.55,6235.203897,100
1600,-1,92.49,92.52,6236.109843,100
28,-1,92.48,92.52,6236.109962,100
800,-1,92.48,92.52,6236.109981,100
500,-1,92.48,92.52,6236.110007,100
500,-1,92.48,92.52,6236.110032,100
100,1,92.51,92.45,6239.490656,200
100,1,92.51,92.46,6240.09027,100
100,1,92.51,92.46,6240.090383,100
100,1,92.51,92.46,6240.090405,100
100,1,92.51,92.46,6240.090717,100
100,1,92.51,92.46,6240.090757,100
200,1,92.53,92.47,6240.25815,100
100,1,92.54,92.48,6240.262182,100
37,1,92.54,92.49,6253.536238,200
50,-1,92.5,92.54,6254.629089,100
200,-1,92.49,92.54,6254.63934,600
100,1,92.56,92.5,6256.993235,100
100,1,92.56,92.51,6264.31981,100
200,1,92.56,92.52,6266.116943,100
100,1,92.55,92.52,6281.362664,100
100,-1,92.53,92.57,6281.363025,100
100,-1,92.52,92.57,6281.420565,200
100,1,92.57,92.52,6282.089289,200
100,1,92.59,92.55,6285.031006,200
100,1,92.62,92.55,6296.635035,100
100,-1,92.58,92.62,6298.064105,100
100,-1,92.58,92.62,6298.080414,100
100,-1,92.58,92.62,6298.090506,100
100,-1,92.58,92.62,6298.101404,100
100,-1,92.58,92.62,6298.116106,100
6,1,92.62,92.58,6298.121064,100
100,1,92.62,92.59,6300.388615,100
100,-1,92.59,92.63,6303.896206,100
100,-1,92.58,92.63,6303.900386,100
47,-1,92.58,92.62,6303.903983,100
53,-1,92.58,92.62,6303.904064,100
44,1,92.58,92.53,6304.532126,100
100,-1,92.55,92.59,6306.967477,100
50,-1,92.53,92.58,6306.967806,200
6,-1,92.54,92.59,6307.970536,100
100,-1,92.54,92.59,6307.971465,100
3,-1,92.52,92.57,6314.559145,100
100,1,92.58,92.52,6316.982513,100
100,-1,92.54,92.6,6322.912073,100
100,-1,92.54,92.59,6324.718127,100
100,-1,92.54,92.59,6324.790551,100
100,-1,92.54,92.57,6324.883902,100
1,-1,92.53,92.57,6324.884841,1100
10,1,92.57,92.55,6324.897231,100
100,-1,92.53,92.57,6327.457887,1200
100,-1,92.53,92.56,6329.504989,1200
100,-1,92.5,92.54,6332.445999,100
100,-1,92.49,92.53,6333.725526,100
100,-1,92.49,92.53,6333.725681,100
3,-1,92.49,92.53,6333.725779,100
97,-1,92.49,92.53,6333.726041,100
100,-1,92.49,92.53,6333.726065,100
500,-1,92.49,92.53,6333.726146,100
700,-1,92.49,92.53,6333.726169,100
100,-1,92.46,92.52,6334.003251,200
100,-1,92.46,92.52,6334.003354,200
100,-1,92.46,92.52,6334.003375,200
50,-1,92.46,92.5,6334.00372,200
50,-1,92.45,92.5,6334.704337,100
47,1,92.5,92.45,6335.194972,200
53,1,92.53,92.46,6361.524379,100
100,1,92.53,92.46,6361.524433,100
100,1,92.53,92.47,6368.954098,100
35,1,92.55,92.48,6368.954378,100
30,-1,92.51,92.56,6368.958786,100
35,-1,92.51,92.56,6368.960682,200
100,-1,92.51,92.56,6368.967224,100
5,1,92.56,92.5,6369.723615,100
15,-1,92.5,92.56,6372.766787,500
5,1,92.56,92.51,6389.343991,100
100,-1,92.51,92.56,6389.464592,400
100,-1,92.51,92.56,6389.464639,400
100,1,92.53,92.51,6389.791577,200
100,-1,92.5,92.53,6389.986899,200
7,-1,92.5,92.53,6394.127361,100
100,-1,92.49,92.53,6394.127457,100
100,1,92.52,92.47,6394.168249,200
100,-1,92.47,92.52,6395.859675,100
50,-1,92.46,92.52,6395.860752,100
50,-1,92.46,92.51,6395.860952,100
50,-1,92.46,92.51,6395.861754,100
50,-1,92.46,92.5,6395.864599,100
100,-1,92.46,92.49,6395.864983,100
100,-1,92.44,92.49,6397.014758,100
100,1,92.48,92.44,6399.466299,100
100,1,92.49,92.44,6400.242117,100
100,-1,92.44,92.49,6400.242398,200
9,1,92.49,92.45,6402.167709,100
100,1,92.49,92.45,6402.16782,100
100,1,92.53,92.49,6409.000373,200
200,1,92.53,92.49,6409.001625,200
100,1,92.53,92.49,6419.201333,100
3,1,92.53,92.49,6419.201425,100
2,1,92.53,92.49,6419.201555,100
97,1,92.55,92.5,6419.20235,100
98,1,92.55,92.5,6419.202402,100
2,1,92.53,92.52,6419.206303,100
100,1,92.53,92.52,6419.206418,100
53,1,92.53,92.52,6419.206441,100
2,1,92.55,92.51,6419.345576,100
38,-1,92.51,92.55,6420.298225,300
98,1,92.55,92.51,6420.837403,100
600,1,92.57,92.53,6420.842214,100
1300,1,92.57,92.53,6420.843683,100
100,-1,92.51,92.58,6422.133262,200
100,1,92.58,92.51,6429.196799,100
100,1,92.58,92.51,6429.196861,100
100,1,92.58,92.53,6429.228426,100
100,-1,92.54,92.61,6447.367185,100
100,1,92.61,92.55,6455.817549,100
5,-1,92.55,92.61,6455.821456,400
5,1,92.63,92.56,6457.588044,100
5,1,92.63,92.58,6457.690316,100
12,1,92.63,92.58,6457.776252,100
50,1,92.63,92.58,6459.971595,100
500,1,92.63,92.59,6465.492396,100
500,1,92.65,92.59,6468.84828,300
100,-1,92.61,92.64,6472.81284,200
250,-1,92.61,92.64,6472.81292,200
100,-1,92.61,92.63,6472.81327,200
100,-1,92.61,92.63,6472.813362,100
100,-1,92.6,92.63,6472.813458,100
100,-1,92.6,92.63,6472.813929,100
300,-1,92.6,92.63,6472.815718,100
100,1,92.63,92.6,6472.816836,200
100,-1,92.6,92.63,6472.818752,100
100,1,92.62,92.59,6473.527015,100
100,1,92.6,92.59,6474.779741,100
100,1,92.6,92.59,6474.779816,100
100,-1,92.59,92.6,6474.782169,100
200,-1,92.59,92.6,6474.784705,100
100,-1,92.59,92.6,6474.785996,100
100,-1,92.56,92.6,6474.854895,200
800,-1,92.56,92.58,6474.869549,100
20,-1,92.56,92.58,6474.869644,100
100,-1,92.56,92.58,6474.869704,100
100,-1,92.55,92.59,6474.896838,200
5,-1,92.55,92.6,6474.909294,100
100,-1,92.53,92.58,6474.923425,100
100,-1,92.53,92.58,6474.955145,100
200,-1,92.5,92.57,6477.430722,100
100,-1,92.47,92.52,6480.673067,400
100,-1,92.47,92.52,6480.67331,400
100,-1,92.47,92.49,6488.100125,100
100,1,92.49,92.44,6488.100679,200
14,1,92.49,92.43,6488.244394,100
100,-1,92.42,92.5,6491.753515,2400
100,1,92.5,92.43,6491.754943,100
4,-1,92.43,92.5,6496.273807,200
150,1,92.5,92.44,6497.693362,200
150,1,92.5,92.44,6497.693784,200
200,-1,92.44,92.5,6497.693806,2400
200,-1,92.44,92.5,6497.6939,2400
100,-1,92.44,92.5,6497.693923,2400
100,1,92.5,92.44,6497.693943,200
100,1,92.5,92.44,6497.693968,200
100,-1,92.44,92.5,6497.693993,2400
100,-1,92.44,92.5,6497.694096,2400
38,1,92.5,92.44,6497.69422,200
100,1,92.5,92.44,6497.694272,200
100,1,92.5,92.44,6497.69438,200
50,1,92.5,92.46,6497.695167,100
50,1,92.5,92.48,6497.695364,100
100,1,92.52,92.48,6497.695511,200
100,1,92.52,92.48,6497.69553,200
100,1,92.52,92.48,6497.695554,200
100,-1,92.48,92.52,6497.699133,100
100,-1,92.49,92.55,6504.523503,100
200,-1,92.49,92.56,6505.959799,400
100,-1,92.49,92.56,6505.960172,400
100,1,92.56,92.49,6506.734528,200
100,1,92.56,92.51,6514.462808,100
100,-1,92.51,92.57,6521.645908,300
4,1,92.52,92.47,6529.190041,100
100,1,92.52,92.47,6529.190388,100
100,-1,92.47,92.52,6537.227658,100
100,-1,92.47,92.52,6541.3316,300
4,-1,92.47,92.52,6541.331751,300
50,-1,92.47,92.52,6541.331775,300
50,-1,92.47,92.52,6541.332246,300
50,-1,92.47,92.52,6541.332359,300
50,-1,92.47,92.52,6541.332495,300
50,-1,92.47,92.52,6541.332519,300
50,-1,92.47,92.52,6541.332544,300
100,-1,92.47,92.52,6541.332638,300
100,-1,92.47,92.52,6541.33271,300
500,-1,92.47,92.52,6541.332977,300
100,-1,92.47,92.52,6541.333003,300
2,-1,92.47,92.52,6541.333115,300
100,-1,92.47,92.52,6541.333178,300
100,-1,92.47,92.52,6541.333221,300
52,-1,92.47,92.52,6541.333248,300
52,-1,92.47,92.52,6541.333744,300
98,-1,92.47,92.52,6541.333907,300
98,-1,92.47,92.51,6541.335693,100
2,-1,92.47,92.51,6541.335914,100
5,-1,92.47,92.51,6541.335915,100
25,1,92.48,92.43,6550.916795,100
50,1,92.48,92.44,6550.916861,100
48,1,92.48,92.44,6550.91691,100
52,1,92.48,92.44,6550.916982,100
48,1,92.49,92.44,6550.91701,100
4,1,92.49,92.44,6550.917075,100
100,1,92.51,92.46,6550.926979,100
100,1,92.51,92.45,6550.931234,100
52,1,92.51,92.45,6550.946259,200
48,-1,92.45,92.51,6552.75001,100
100,-1,92.45,92.49,6552.793547,100
100,-1,92.45,92.49,6552.793753,100
100,1,92.49,92.41,6562.879732,100
145,1,92.49,92.41,6562.87978,100
100,1,92.49,92.42,6562.879874,100
100,-1,92.45,92.49,6565.041336,100
100,-1,92.45,92.49,6566.899376,100
100,-1,92.45,92.49,6566.899565,100
3,-1,92.44,92.49,6566.899715,200
20,-1,92.44,92.49,6566.900403,200
100,-1,92.44,92.49,6566.912536,200
100,-1,92.43,92.49,6567.157934,100
80,1,92.46,92.44,6581.174266,100
100,1,92.47,92.44,6581.175537,100
100,1,92.47,92.46,6581.17587,100
2,-1,92.46,92.48,6581.186828,100
46,-1,92.45,92.47,6581.824507,100
54,-1,92.44,92.47,6581.969165,300
100,1,92.46,92.44,6581.970144,100
48,1,92.46,92.44,6582.232234,100
100,-1,92.45,92.47,6586.578616,100
50,-1,92.46,92.49,6586.590627,100
100,-1,92.44,92.46,6587.321357,300
50,1,92.46,92.44,6588.399708,300
50,1,92.46,92.44,6588.399764,300
500,1,92.46,92.44,6588.400013,200
100,1,92.46,92.44,6588.400363,200
1100,1,92.46,92.44,6590.103798,200
1200,1,92.46,92.44,6590.386527,100
100,1,92.47,92.44,6590.386838,100
69,1,92.46,92.44,6591.467137,200
100,1,92.46,92.44,6592.71668,200
632,1,92.46,92.44,6592.717238,100
100,1,92.46,92.44,6592.718032,100
200,1,92.46,92.44,6592.718187,100
100,1,92.47,92.44,6598.100801,100
100,1,92.44,92.42,6607.622561,100
200,1,92.44,92.42,6607.622954,200
100,1,92.44,92.42,6607.6233,200
100,1,92.43,92.4,6607.646867,200
100,1,92.42,92.41,6607.704321,100
100,1,92.42,92.41,6607.704392,100
100,-1,92.41,92.43,6607.704443,200
81,1,92.46,92.4,6608.204571,100
100,1,92.49,92.42,6610.7331,300
200,-1,92.42,92.48,6624.769785,2500
100,1,92.5,92.45,6632.909709,100
100,-1,92.49,92.52,6655.757619,100
3,-1,92.48,92.52,6655.758571,400
100,1,92.51,92.48,6668.128262,300
200,-1,92.48,92.51,6682.276427,200
100,-1,92.48,92.5,6682.276869,200
100,-1,92.48,92.5,6682.277621,200
100,-1,92.48,92.5,6682.277728,200
3,1,92.49,92.44,6682.280712,200
200,1,92.47,92.46,6688.238571,100
100,1,92.46,92.44,6700.273223,100
100,1,92.47,92.44,6700.273264,200
100,-1,92.45,92.47,6700.27369,100
48,1,92.48,92.44,6714.369126,100
50,1,92.48,92.44,6714.369193,100
52,-1,92.45,92.51,6733.643086,100
48,-1,92.45,92.51,6733.64329,100
50,-1,92.45,92.51,6733.643825,100
2,1,92.46,92.45,6735.344394,100
100,1,92.46,92.45,6735.344612,100
100,-1,92.45,92.5,6735.344706,200
80,-1,92.45,92.5,6735.344726,200
20,-1,92.45,92.5,6735.344842,200
100,1,92.51,92.48,6745.631932,100
100,1,92.51,92.48,6745.632436,100
54,1,92.51,92.48,6745.634888,100
46,1,92.52,92.51,6745.692643,100
100,1,92.52,92.51,6745.692772,100
2,1,92.52,92.51,6745.696103,100
2,-1,92.51,92.53,6745.696223,400
400,-1,92.51,92.53,6745.71591,100
100,1,92.52,92.5,6745.721994,100
200,1,92.52,92.5,6745.724099,200
100,1,92.52,92.5,6745.724263,200
100,1,92.52,92.51,6745.724532,200
100,1,92.52,92.51,6745.724632,200
700,1,92.52,92.51,6745.724658,200
100,1,92.53,92.51,6747.868827,100
17,1,92.54,92.51,6747.869054,100
1,-1,92.51,92.54,6748.912621,100
99,-1,92.51,92.54,6748.918446,100
1,1,92.54,92.53,6753.436302,100
100,-1,92.53,92.57,6753.43635,100
500,-1,92.53,92.57,6753.436391,100
500,-1,92.53,92.54,6753.733912,100
500,1,92.54,92.52,6756.546846,100
2,-1,92.53,92.57,6756.555242,100
100,-1,92.53,92.57,6761.835805,200
100,1,92.58,92.53,6768.48016,100
100,-1,92.53,92.57,6774.315627,100
300,-1,92.54,92.59,6774.315931,100
400,1,92.63,92.56,6783.383005,100
100,-1,92.56,92.6,6787.794333,200
100,-1,92.56,92.6,6787.794754,200
100,-1,92.56,92.6,6787.795598,200
100,-1,92.56,92.6,6787.797577,200
100,-1,92.56,92.6,6787.798057,100
100,-1,92.56,92.6,6787.798162,100
100,-1,92.56,92.6,6787.798182,100
7,-1,92.56,92.6,6787.798267,100
100,-1,92.56,92.6,6787.798322,100
100,-1,92.56,92.6,6787.798356,100
100,-1,92.56,92.6,6787.79844,100
100,-1,92.56,92.6,6787.798585,100
5,-1,92.56,92.6,6787.798708,100
100,-1,92.56,92.6,6787.798806,100
100,-1,92.56,92.6,6787.798855,100
100,-1,92.53,92.59,6787.799019,200
8,1,92.58,92.54,6787.803904,100
100,1,92.58,92.54,6787.804123,100
100,1,92.59,92.54,6806.830224,200
100,1,92.59,92.54,6819.007278,200
100,1,92.59,92.56,6832.607688,100
31,1,92.59,92.56,6834.183495,100
100,1,92.59,92.56,6834.183894,100
69,1,92.59,92.56,6834.184448,100
31,-1,92.57,92.61,6834.184692,200
69,1,92.61,92.58,6834.184794,100
31,1,92.61,92.58,6834.184842,100
69,1,92.61,92.58,6846.5783,100
46,1,92.61,92.58,6846.603009,200
8,-1,92.6,92.61,6848.945981,100
38,-1,92.6,92.61,6849.069734,100
100,-1,92.6,92.63,6850.600693,100
100,-1,92.6,92.63,6850.600784,100
62,-1,92.6,92.62,6853.594251,100
37,-1,92.59,92.6,6853.609522,100
2,-1,92.59,92.6,6853.610239,100
6,-1,92.59,92.6,6853.610398,100
100,-1,92.58,92.6,6853.610802,100
100,-1,92.58,92.6,6853.611769,100
100,-1,92.57,92.6,6853.612149,400
100,-1,92.57,92.6,6853.614637,400
100,-1,92.57,92.6,6853.61479,400
100,-1,92.57,92.6,6853.621833,300
100,-1,92.57,92.6,6853.831238,300
100,-1,92.57,92.6,6854.002813,100
61,-1,92.56,92.59,6854.710002,100
100,-1,92.54,92.59,6854.710107,200
39,1,92.59,92.54,6865.252623,100
100,1,92.62,92.56,6881.679117,100
100,-1,92.56,92.62,6884.037097,200
100,-1,92.56,92.62,6884.037211,200
40,-1,92.57,92.59,6887.302913,100
100,-1,92.57,92.59,6887.303201,100
100,-1,92.56,92.57,6890.036832,100
100,1,92.57,92.56,6892.792773,100
60,1,92.57,92.56,6892.793024,100
100,-1,92.56,92.59,6892.793112,100
100,-1,92.57,92.62,6892.796399,300
100,-1,92.58,92.62,6894.433471,100
100,-1,92.56,92.6,6910.969829,200
100,-1,92.56,92.6,6910.969927,200
100,-1,92.56,92.6,6912.008047,100
100,-1,92.56,92.6,6912.008151,100
100,-1,92.55,92.56,6912.027357,100
100,1,92.56,92.53,6912.027464,200
100,-1,92.5,92.55,6926.906485,200
200,-1,92.5,92.55,6926.907659,200
100,-1,92.5,92.55,6926.908027,200
100,-1,92.5,92.55,6926.908272,200
100,-1,92.5,92.54,6926.909034,200
100,-1,92.5,92.54,6926.909908,200
150,-1,92.5,92.54,6926.910558,200
100,-1,92.5,92.54,6926.911121,200
100,-1,92.49,92.54,6927.104451,100
100,1,92.54,92.47,6929.103246,200
100,-1,92.47,92.54,6930.634359,100
150,-1,92.47,92.54,6930.634434,100
3,-1,92.47,92.54,6930.635291,100
100,1,92.51,92.45,6946.737929,100
147,1,92.51,92.45,6946.738034,100
100,1,92.51,92.45,6946.738094,100
100,1,92.51,92.46,6946.739298,100
100,1,92.52,92.46,6946.752644,100
100,1,92.52,92.47,6946.814273,100
100,1,92.52,92.47,6946.950517,100
100,1,92.55,92.47,6947.915369,100
220,1,92.55,92.48,6947.917172,100
100,1,92.55,92.48,6951.582084,100
1,1,92.55,92.48,6951.586093,100
100,1,92.55,92.48,6951.586183,100
100,-1,92.48,92.56,6951.586559,200
100,-1,92.51,92.59,6953.79012,900
30,-1,92.51,92.59,6953.790277,900
100,1,92.59,92.53,6964.947153,200
30,1,92.59,92.53,6964.947427,200
70,1,92.62,92.54,6975.002754,300
100,1,92.62,92.55,6977.249403,200
100,1,92.62,92.55,6980.821089,200
100,1,92.62,92.55,6985.20275,200
71,1,92.62,92.55,6985.203185,100
31,1,92.62,92.58,6987.180092,100
19,1,92.62,92.58,6987.18106,100
19,1,92.62,92.59,6988.933646,100
50,1,92.62,92.59,6988.933667,100
50,1,92.62,92.59,6988.933747,100
12,1,92.62,92.59,6988.933795,100
50,1,92.63,92.59,6988.934306,100
19,-1,92.59,92.63,6992.589666,100
81,-1,92.59,92.63,7001.612186,200
69,-1,92.59,92.63,7001.612294,200
100,-1,92.59,92.63,7001.612393,200
100,-1,92.59,92.63,7001.612569,200
100,-1,92.59,92.62,7001.612902,200
100,-1,92.59,92.62,7001.612989,200
100,-1,92.59,92.62,7001.613092,200
100,1,92.62,92.59,7001.613113,100
100,1,92.62,92.59,7001.613273,100
100,-1,92.59,92.62,7001.613432,200
31,-1,92.59,92.62,7001.61354,200
100,-1,92.59,92.62,7001.614187,100
100,-1,92.56,92.61,7005.447323,100
40,-1,92.56,92.6,7026.730465,100
50,1,92.6,92.56,7026.731718,100
10,-1,92.56,92.6,7027.176795,100
50,-1,92.56,92.6,7027.176978,100
50,1,92.6,92.56,7029.91969,100
200,-1,92.56,92.6,7031.172594,100
100,-1,92.56,92.6,7031.174959,100
100,-1,92.56,92.6,7031.175052,100
100,-1,92.56,92.6,7031.175176,100
100,-1,92.56,92.6,7031.175353,100
100,-1,92.54,92.6,7031.175942,600
100,-1,92.54,92.6,7031.17602,600
200,-1,92.54,92.6,7031.176114,600
100,-1,92.54,92.6,7031.176205,600
3,-1,92.54,92.6,7031.176227,600
100,-1,92.54,92.58,7031.179718,600
100,-1,92.54,92.58,7031.201175,600
600,-1,92.54,92.58,7033.182906,100
100,-1,92.54,92.58,7033.182989,100
100,1,92.58,92.54,7033.511334,200
1,1,92.58,92.54,7035.117525,100
99,1,92.57,92.54,7040.75274,100
100,1,92.57,92.54,7040.752854,100
100,1,92.57,92.54,7040.753837,100
100,1,92.57,92.54,7040.75427,100
5,1,92.57,92.54,7040.754416,100
60,1,92.59,92.56,7040.763574,100
40,-1,92.55,92.59,7043.413546,200
40,1,92.59,92.55,7043.415018,100
100,1,92.6,92.55,7046.683557,100
100,-1,92.54,92.59,7062.929149,100
50,-1,92.54,92.59,7062.930026,100
50,1,92.58,92.54,7074.002452,200
100,1,92.58,92.54,7082.924538,100
100,1,92.6,92.55,7082.924921,100
100,1,92.6,92.56,7090.791588,100
100,1,92.62,92.56,7090.791678,100
100,1,92.63,92.57,7090.791778,100
100,-1,92.58,92.63,7090.796894,100
100,1,92.62,92.58,7102.640369,100
100,1,92.64,92.58,7113.158445,100
100,1,92.65,92.61,7114.399383,100
100,1,92.65,92.61,7114.399569,100
40,-1,92.62,92.65,7114.420187,100
17,1,92.65,92.6,7120.313264,200
43,1,92.65,92.6,7122.754957,100
100,-1,92.62,92.67,7133.244978,200
100,1,92.66,92.61,7136.318719,100
100,-1,92.61,92.66,7138.059611,200
100,-1,92.61,92.63,7139.171232,100
100,-1,92.6,92.63,7139.171613,100
8,-1,92.6,92.63,7139.171697,100
1,1,92.63,92.6,7144.372415,100
91,1,92.63,92.6,7147.431394,100
100,1,92.63,92.6,7147.43143,100
25,1,92.63,92.6,7150.201285,200
275,1,92.63,92.6,7160.404598,200
100,1,92.63,92.6,7170.51211,300
6,1,92.63,92.6,7172.20158,300
100,1,92.63,92.6,7182.191133,300
100,1,92.63,92.6,7182.191231,300
86,1,92.63,92.6,7182.191427,300
14,1,92.63,92.6,7182.191616,300
100,1,92.63,92.6,7182.191887,300
100,1,92.63,92.6,7182.192069,200
100,1,92.66,92.61,7182.193117,100
75,1,92.66,92.62,7182.193264,100
2,1,92.66,92.62,7182.198496,100
400,1,92.66,92.62,7182.1986,100
2,-1,92.62,92.66,7182.199291,300
100,-1,92.62,92.66,7182.200531,2700
54,-1,92.63,92.66,7182.215434,100
46,1,92.68,92.64,7182.218125,100
27,-1,92.64,92.68,7187.634595,100
23,-1,92.64,92.68,7188.300872,200
4,-1,92.65,92.68,7197.262364,200
3,-1,92.65,92.68,7197.263805,200
400,1,92.68,92.66,7201.683565,200
20,1,92.68,92.66,7201.683807,200
100,1,92.7,92.66,7201.688143,100
97,1,92.7,92.66,7201.688335,100
100,-1,92.65,92.7,7202.427008,200
100,1,92.71,92.66,7205.455015,100
100,-1,92.69,92.71,7214.7578,200
100,-1,92.69,92.71,7214.757884,200
200,-1,92.69,92.71,7214.757999,200
100,-1,92.69,92.71,7214.758833,200
100,-1,92.67,92.7,7216.149002,200
50,-1,92.67,92.69,7216.149116,200
50,-1,92.67,92.69,7219.616479,200
100,-1,92.66,92.67,7219.619128,200
100,-1,92.66,92.67,7219.620037,200
15,1,92.66,92.64,7219.651423,200
100,1,92.66,92.64,7230.783832,200
100,1,92.66,92.64,7234.120042,200
80,1,92.66,92.64,7234.120186,200
100,-1,92.65,92.67,7234.120467,100
100,1,92.66,92.64,7234.306859,100
100,1,92.67,92.64,7234.977551,100
100,1,92.65,92.64,7238.40765,100
120,1,92.65,92.64,7238.407951,100
80,1,92.65,92.64,7238.410073,100
100,1,92.67,92.64,7240.485548,100
100,1,92.7,92.64,7249.295125,100
50,-1,92.66,92.7,7265.743523,100
50,1,92.7,92.65,7271.890324,100
45,-1,92.65,92.7,7279.263474,200
55,-1,92.65,92.7,7279.269655,200
150,-1,92.65,92.66,7279.409082,100
50,-1,92.65,92.66,7279.95852,100
100,1,92.66,92.65,7281.098588,100
100,1,92.66,92.65,7281.098873,100
300,-1,92.65,92.66,7285.442101,100
11,-1,92.65,92.66,7286.682602,100
50,1,92.65,92.63,7286.682846,100
39,-1,92.61,92.65,7286.753874,100
11,1,92.65,92.6,7293.355413,200
20,1,92.65,92.63,7298.465756,100
80,1,92.66,92.63,7298.465832,100
20,1,92.66,92.63,7298.465874,100
80,1,92.66,92.63,7298.465948,100
20,1,92.66,92.63,7298.465969,100
80,-1,92.65,92.68,7298.469209,200
100,-1,92.65,92.68,7298.469285,200
100,-1,92.66,92.71,7298.6004,100
20,1,92.7,92.67,7304.179377,100
7,1,92.71,92.68,7327.434343,100
80,1,92.71,92.68,7327.434434,100
20,1,92.71,92.68,7327.434456,100
80,1,92.71,92.68,7327.434518,100
5,1,92.71,92.69,7327.434582,100
100,1,92.71,92.69,7327.434603,100
22,1,92.71,92.69,7327.434674,100
1,-1,92.7,92.73,7329.293937,200
9,1,92.73,92.71,7338.002495,100
100,1,92.73,92.71,7338.005575,100
100,1,92.73,92.72,7339.084231,100
100,-1,92.73,92.76,7339.296116,100
191,-1,92.73,92.76,7343.442639,200
100,-1,92.73,92.76,7343.450213,200
50,-1,92.73,92.76,7343.451625,100
50,-1,92.73,92.74,7344.809576,100
50,-1,92.73,92.74,7344.809731,100
50,-1,92.73,92.74,7344.810715,100
50,-1,92.73,92.74,7344.811147,100
64,1,92.74,92.72,7347.105425,100
100,1,92.74,92.72,7347.106846,100
15,1,92.74,92.72,7349.642987,200
4,-1,92.72,92.75,7349.643656,100
20,1,92.75,92.72,7367.547283,100
45,1,92.75,92.74,7367.549132,100
80,1,92.75,92.74,7367.549286,100
11,-1,92.74,92.76,7367.549977,100
1,-1,92.75,92.76,7367.550539,100
49,-1,92.75,92.76,7367.570271,100
48,1,92.75,92.73,7373.171204,100
3,1,92.76,92.73,7374.155541,100
46,-1,92.73,92.75,7375.053801,200
54,1,92.75,92.73,7375.45972,100
46,1,92.75,92.74,7376.670868,100
200,1,92.76,92.75,7376.674773,100
100,1,92.76,92.75,7376.674906,100
2,-1,92.76,92.78,7378.137718,200
2,-1,92.76,92.78,7381.637106,200
100,1,92.78,92.76,7381.81053,100
99,-1,92.76,92.78,7381.81058,200
52,1,92.78,92.77,7381.810971,100
100,1,92.78,92.77,7381.811022,100
200,1,92.78,92.77,7381.811078,100
96,1,92.78,92.77,7381.811101,100
4,-1,92.78,92.8,7392.455293,300
46,-1,92.78,92.8,7392.455409,300
50,-1,92.78,92.8,7392.455652,300
4,-1,92.78,92.8,7392.455734,300
100,-1,92.78,92.8,7392.455834,300
100,-1,92.78,92.8,7392.455857,300
100,-1,92.78,92.79,7392.456109,300
100,-1,92.78,92.79,7392.456215,300
100,-1,92.78,92.79,7392.456237,300
3,1,92.78,92.75,7392.458792,200
300,1,92.78,92.75,7392.461561,200
200,1,92.78,92.75,7392.532521,100
39,-1,92.73,92.78,7394.114347,100
200,1,92.78,92.74,7394.242626,100
61,1,92.8,92.76,7395.038696,100
88,1,92.8,92.77,7395.039595,100
300,1,92.81,92.77,7395.039774,100
12,1,92.81,92.76,7395.040324,100
100,1,92.8,92.76,7407.956366,100
12,1,92.8,92.76,7407.95655,100
3,-1,92.78,92.81,7409.185267,100
9,-1,92.78,92.81,7409.887533,100
76,1,92.81,92.78,7413.676891,100
24,1,92.81,92.79,7413.677126,100
300,-1,92.79,92.85,7413.67722,100
100,1,92.82,92.75,7424.980709,200
100,1,92.81,92.77,7433.73111,100
100,1,92.81,92.77,7433.731221,100
100,1,92.84,92.79,7461.613641,100
50,1,92.85,92.79,7473.804163,100
50,-1,92.79,92.85,7474.508464,400
5,-1,92.81,92.83,7481.525238,100
100,-1,92.81,92.83,7481.525336,100
100,-1,92.81,92.83,7481.525425,100
9,1,92.81,92.79,7481.526237,100
91,-1,92.79,92.81,7482.015567,200
9,-1,92.79,92.81,7482.015779,200
9,-1,92.79,92.8,7482.016023,100
91,1,92.8,92.77,7482.118298,200
100,-1,92.77,92.8,7483.973119,400
100,-1,92.76,92.8,7486.668458,100
35,1,92.78,92.73,7486.679583,100
92,1,92.78,92.73,7486.679696,100
100,-1,92.78,92.79,7487.008366,100
48,1,92.79,92.76,7487.010092,200
60,1,92.79,92.76,7487.010988,200
100,1,92.8,92.76,7487.326508,100
12,1,92.8,92.76,7487.32656,100
100,1,92.8,92.76,7498.208692,100
50,1,92.8,92.77,7498.208776,100
100,1,92.8,92.77,7498.208813,100
100,1,92.81,92.77,7498.208912,100
100,1,92.81,92.78,7498.209727,100
100,1,92.82,92.78,7498.209862,100
100,1,92.81,92.79,7498.235417,100
53,1,92.82,92.78,7499.711851,100
47,-1,92.79,92.82,7506.566313,400
47,-1,92.79,92.82,7506.568075,400
100,-1,92.79,92.82,7506.569806,400
100,-1,92.79,92.82,7506.572116,400
100,-1,92.8,92.85,7514.053046,100
100,1,92.85,92.8,7517.979217,200
76,-1,92.8,92.85,7519.140122,200
100,-1,92.8,92.85,7519.85979,200
100,-1,92.8,92.85,7519.860772,200
100,-1,92.8,92.85,7519.860823,200
23,-1,92.8,92.85,7519.860871,200
50,-1,92.8,92.85,7519.860921,200
100,-1,92.8,92.85,7519.861073,200
58,-1,92.8,92.84,7519.861182,200
83,-1,92.8,92.84,7519.861274,200
2,-1,92.76,92.81,7519.866051,200
48,-1,92.76,92.81,7519.870606,200
52,1,92.82,92.76,7519.873771,100
122,-1,92.76,92.82,7519.873995,100
78,1,92.82,92.76,7520.27659,100
8,1,92.83,92.76,7521.65856,100
5,1,92.8,92.78,7532.399865,100
100,1,92.81,92.78,7532.399995,100
100,-1,92.78,92.81,7533.939655,400
100,-1,92.78,92.81,7534.167915,400
100,-1,92.78,92.81,7534.168505,200
2,-1,92.78,92.79,7534.177196,200
100,-1,92.78,92.79,7534.177533,100
100,1,92.79,92.74,7534.190726,100
5,-1,92.75,92.78,7542.469941,500
100,-1,92.75,92.78,7542.47037,500
100,-1,92.75,92.78,7542.473577,500
5,-1,92.75,92.77,7542.571334,400
100,-1,92.75,92.77,7542.645743,400
200,-1,92.75,92.77,7542.646447,400
1,-1,92.74,92.76,7542.646638,400
100,-1,92.74,92.75,7542.646748,400
100,-1,92.74,92.75,7542.64854,100
300,-1,92.74,92.75,7542.776572,100
100,1,92.74,92.73,7542.777777,200
100,-1,92.73,92.74,7542.779137,100
100,-1,92.73,92.74,7542.779879,100
100,-1,92.73,92.74,7542.781765,100
100,-1,92.73,92.74,7542.782013,100
100,1,92.73,92.72,7542.87293,100
100,-1,92.73,92.8,7542.874122,100
15,-1,92.73,92.78,7542.877481,400
20,-1,92.71,92.78,7546.055763,200
20,-1,92.71,92.78,7546.055997,200
19,-1,92.69,92.76,7551.515965,100
26,1,92.73,92.7,7585.232171,200
100,1,92.73,92.7,7585.23226,200
5,1,92.73,92.71,7585.232364,200
2,1,92.73,92.71,7585.232383,200
35,1,92.73,92.71,7585.232459,200
4,1,92.73,92.71,7585.232484,200
100,1,92.73,92.72,7585.23255,200
100,1,92.73,92.72,7585.232612,200
67,1,92.73,92.72,7585.232739,200
26,-1,92.73,92.75,7585.233636,100
90,1,92.76,92.73,7585.234465,100
3,-1,92.73,92.76,7585.234569,200
76,-1,92.74,92.76,7585.234923,200
15,-1,92.74,92.76,7585.238176,200
78,-1,92.74,92.76,7585.238909,200
22,-1,92.73,92.76,7585.240596,200
37,-1,92.76,92.77,7586.035445,300
20,-1,92.76,92.81,7589.004456,500
3,-1,92.76,92.81,7589.00457,500
5,-1,92.74,92.81,7605.0132,2900
5,-1,92.74,92.81,7605.013415,2900
5,-1,92.74,92.81,7605.014087,2900
10,-1,92.74,92.81,7605.020495,2900
100,-1,92.75,92.81,7608.859419,200
88,-1,92.75,92.8,7620.583312,200
12,1,92.81,92.78,7634.216901,100
12,1,92.81,92.78,7634.216998,100
88,-1,92.78,92.83,7634.217016,100
100,1,92.83,92.78,7634.217051,100
50,-1,92.81,92.83,7643.011978,400
50,-1,92.82,92.83,7643.908012,200
100,-1,92.83,92.85,7645.310968,100
100,-1,92.83,92.85,7645.311066,200
4,1,92.85,92.83,7653.469938,100
100,1,92.85,92.83,7653.470164,100
100,1,92.86,92.82,7653.477356,100
100,1,92.86,92.82,7663.722778,100
100,1,92.85,92.83,7672.320291,100
100,1,92.86,92.84,7672.858007,200
40,1,92.86,92.84,7672.858221,200
100,1,92.86,92.84,7672.858927,200
100,1,92.86,92.84,7672.859083,200
800,1,92.88,92.85,7673.431826,100
100,1,92.88,92.86,7673.432,100
100,1,92.89,92.87,7673.432287,200
4,-1,92.86,92.89,7679.045837,200
100,-1,92.86,92.89,7679.051106,200
1,1,92.91,92.87,7687.420691,100
100,1,92.9,92.87,7691.328816,100
100,-1,92.87,92.9,7692.40119,100
7,-1,92.87,92.9,7692.40135,100
6,-1,92.87,92.9,7692.401373,100
7,-1,92.87,92.9,7692.401425,100
100,-1,92.86,92.89,7692.402633,200
100,-1,92.86,92.89,7692.402734,100
100,-1,92.86,92.89,7692.403732,100
100,1,92.86,92.85,7692.403985,100
100,-1,92.85,92.86,7692.404468,300
71,-1,92.85,92.86,7692.404583,200
100,-1,92.85,92.86,7692.4046,200
100,1,92.86,92.85,7692.406212,200
100,1,92.86,92.85,7692.410707,200
28,1,92.89,92.83,7692.448828,300
1,1,92.88,92.83,7693.203385,100
100,1,92.89,92.83,7700.827388,100
100,-1,92.83,92.88,7717.406736,200
100,-1,92.83,92.85,7738.139518,300
57,-1,92.83,92.85,7745.359188,300
100,-1,92.83,92.85,7745.35929,300
100,-1,92.83,92.84,7745.359764,200
1,-1,92.83,92.84,7745.359887,200
100,-1,92.82,92.84,7745.366745,100
38,1,92.82,92.81,7745.388029,200
62,-1,92.81,92.82,7745.388845,300
138,-1,92.8,92.82,7745.393457,300
3,-1,92.8,92.82,7745.393526,300
62,-1,92.8,92.82,7745.393677,300
100,1,92.83,92.8,7749.116789,100
62,-1,92.82,92.83,7749.673097,100
38,-1,92.82,92.83,7749.673196,100
62,1,92.83,92.82,7749.673216,100
4,1,92.83,92.82,7749.673276,100
6,1,92.84,92.82,7749.673331,100
100,-1,92.8,92.85,7762.616572,200
29,1,92.85,92.81,7767.140805,100
100,1,92.85,92.81,7767.140894,100
100,1,92.85,92.81,7767.140969,100
200,1,92.85,92.81,7767.141047,100
4,1,92.85,92.81,7767.141122,100
200,1,92.85,92.81,7767.141364,100
100,1,92.85,92.81,7767.141493,100
100,1,92.85,92.81,7767.141605,100
100,1,92.87,92.81,7767.142322,100
100,1,92.87,92.81,7767.142445,100
100,1,92.87,92.81,7767.142473,100
100,1,92.85,92.84,7768.274329,200
100,1,92.85,92.84,7768.275013,200
100,-1,92.84,92.87,7768.27525,600
200,-1,92.85,92.87,7768.279498,100
200,-1,92.84,92.87,7773.414304,700
2,-1,92.84,92.87,7775.33497,700
300,-1,92.84,92.87,7786.574614,200
100,1,92.85,92.84,7787.970751,100
100,-1,92.85,92.87,7788.027953,400
100,-1,92.85,92.87,7788.031619,400
100,-1,92.85,92.87,7788.040168,400
100,-1,92.85,92.87,7788.044275,300
100,-1,92.85,92.87,7788.147052,300
100,1,92.88,92.85,7796.646493,200
100,-1,92.85,92.88,7832.648831,200
300,-1,92.85,92.87,7832.649488,100
200,-1,92.85,92.87,7832.649899,100
100,-1,92.85,92.86,7832.651978,100
500,-1,92.83,92.85,7832.664429,100
3600,-1,92.83,92.85,7832.664651,100
100,1,92.86,92.81,7836.064205,200
700,1,92.86,92.81,7836.066622,200
4,1,92.85,92.81,7839.361345,100
31,1,92.85,92.82,7839.361652,100
100,-1,92.82,92.85,7839.465642,200
215,-1,92.82,92.84,7839.465974,100
300,-1,92.82,92.84,7839.466068,100
100,-1,92.81,92.85,7841.120374,100
100,-1,92.8,92.85,7841.812473,200
100,-1,92.8,92.85,7841.812526,200
100,-1,92.8,92.84,7841.812668,200
100,-1,92.8,92.84,7841.812697,200
100,-1,92.8,92.84,7841.812727,200
100,-1,92.8,92.84,7841.812865,200
100,-1,92.8,92.84,7841.812925,200
100,-1,92.8,92.84,7841.81301,200
100,-1,92.8,92.84,7841.813065,200
200,-1,92.8,92.84,7841.813091,200
100,-1,92.8,92.84,7841.81317,200
100,-1,92.8,92.84,7841.813371,100
100,-1,92.8,92.84,7841.813435,100
100,-1,92.8,92.84,7841.81356,100
100,-1,92.8,92.84,7841.813659,100
100,-1,92.8,92.81,7841.813776,100
50,-1,92.8,92.81,7841.813777,100
100,-1,92.8,92.81,7841.813935,100
100,-1,92.8,92.81,7841.814021,100
100,-1,92.8,92.81,7841.814022,100
100,-1,92.79,92.81,7841.81479,400
100,-1,92.79,92.81,7841.814901,400
100,-1,92.79,92.81,7841.814902,400
100,-1,92.79,92.81,7841.815772,400
100,-1,92.79,92.81,7841.817372,300
1100,-1,92.79,92.81,7841.818129,300
500,-1,92.79,92.82,7841.846062,200
1000,-1,92.78,92.82,7843.793539,400
100,-1,92.78,92.82,7843.793705,300
100,1,92.82,92.78,7857.594003,200
100,1,92.82,92.79,7857.595077,200
300,1,92.82,92.8,7857.595718,200
18,1,92.82,92.8,7857.596839,200
100,1,92.85,92.81,7863.290709,100
100,-1,92.81,92.85,7870.058577,300
100,-1,92.81,92.85,7870.07403,300
100,-1,92.81,92.85,7870.077088,200
100,1,92.85,92.82,7886.672677,100
100,1,92.85,92.82,7889.24555,100
100,1,92.87,92.83,7901.200826,100
100,1,92.9,92.84,7911.874027,100
100,-1,92.84,92.91,7912.246325,200
100,1,92.85,92.84,7913.442466,100
100,-1,92.84,92.88,7914.688025,200
100,-1,92.84,92.89,7921.429771,100
300,-1,92.84,92.89,7921.429871,100
100,-1,92.84,92.89,7921.429914,100
100,-1,92.84,92.89,7921.429973,100
800,-1,92.84,92.89,7921.430016,100
100,-1,92.84,92.89,7921.430041,100
100,-1,92.84,92.89,7921.430073,100
1,-1,92.84,92.89,7921.430116,100
200,-1,92.84,92.89,7921.430142,100
100,-1,92.84,92.89,7921.430278,100
100,-1,92.84,92.89,7921.430468,100
100,-1,92.84,92.89,7921.430647,100
100,-1,92.84,92.89,7921.430769,100
100,1,92.9,92.84,7935.62804,100
100,1,92.91,92.86,7937.254941,100
100,1,92.92,92.87,7942.141697,100
100,-1,92.87,92.92,7942.251559,200
100,-1,92.87,92.91,7946.070609,100
2,-1,92.87,92.91,7946.075577,100
100,-1,92.85,92.9,7946.080141,100
100,-1,92.85,92.89,7946.081338,100
9,-1,92.85,92.89,7946.088453,100
200,-1,92.85,92.88,7946.126302,100
100,-1,92.84,92.88,7946.126332,400
100,-1,92.84,92.88,7946.332561,400
100,-1,92.84,92.88,7946.333379,400
38,1,92.84,92.82,7949.964775,100
223,1,92.84,92.82,7949.965423,100
177,-1,92.82,92.84,7949.966922,600
623,-1,92.82,92.84,7949.967072,600
40,-1,92.82,92.84,7949.967222,600
19,-1,92.82,92.84,7949.96851,600
49,-1,92.82,92.84,7949.970457,600
100,-1,92.82,92.84,7949.979674,600
100,-1,92.81,92.83,7950.021031,300
97,-1,92.81,92.83,7950.021858,100
3,-1,92.81,92.83,7950.03291,100
100,1,92.83,92.81,7950.044029,100
100,1,92.83,92.81,7950.044055,100
82,1,92.83,92.81,7950.044081,100
3,1,92.83,92.81,7950.044104,100
100,1,92.83,92.81,7950.044132,100
100,1,92.83,92.81,7950.044207,100
100,1,92.83,92.81,7950.044231,100
100,-1,92.8,92.83,7950.059989,300
200,-1,92.8,92.83,7950.062414,300
200,-1,92.8,92.83,7950.062795,300
200,-1,92.8,92.83,7950.063201,300
100,-1,92.8,92.83,7950.063947,300
100,-1,92.8,92.83,7950.064271,300
100,1,92.83,92.79,7950.350163,100
300,1,92.83,92.79,7950.371709,100
100,1,92.83,92.78,7950.561454,100
100,1,92.82,92.78,7950.561888,100
100,-1,92.78,92.82,7967.334429,200
300,1,92.81,92.76,7976.145873,100
100,1,92.81,92.76,7976.14671,100
4,1,92.81,92.76,7976.612354,100
100,-1,92.76,92.81,7977.064558,100
100,-1,92.76,92.81,7979.520732,100
100,1,92.81,92.76,7981.24372,200
100,-1,92.76,92.81,7981.85303,100
100,1,92.81,92.77,7987.442213,200
100,-1,92.78,92.81,7988.417034,100
100,1,92.79,92.74,7990.726817,100
2,1,92.79,92.74,7990.726968,100
2,1,92.8,92.74,7992.474046,100
100,1,92.8,92.74,7992.474171,100
100,1,92.8,92.74,7992.474225,100
6,1,92.81,92.74,7992.474312,100
28,1,92.81,92.76,7992.474621,100
100,1,92.81,92.77,7997.543927,100
100,-1,92.79,92.81,7998.294964,100
100,-1,92.79,92.81,7998.295052,100
100,-1,92.79,92.81,7998.295157,100
11,1,92.81,92.79,7998.295277,100
100,1,92.81,92.77,7998.296011,100
100,1,92.81,92.77,7998.296064,100
100,-1,92.76,92.81,8002.100936,100
100,1,92.81,92.76,8002.462209,100
200,1,92.81,92.76,8002.463129,100
100,-1,92.76,92.79,8003.147232,100
100,1,92.79,92.76,8006.004263,100
100,1,92.79,92.76,8006.004365,100
100,1,92.79,92.77,8021.010647,100
100,1,92.79,92.77,8032.010328,200
300,1,92.79,92.77,8046.057247,200
91,-1,92.77,92.79,8046.075033,200
1,-1,92.77,92.79,8046.087011,200
100,-1,92.77,92.79,8048.249698,200
100,-1,92.77,92.79,8048.249742,200
100,-1,92.77,92.78,8048.25009,100
100,1,92.78,92.77,8048.250135,100
100,-1,92.77,92.78,8048.250182,100
100,1,92.78,92.74,8048.250281,200
100,-1,92.73,92.77,8060.307369,100
50,1,92.77,92.73,8060.307406,100
93,-1,92.73,92.77,8060.30749,100
100,1,92.76,92.73,8060.308273,100
3,1,92.76,92.73,8060.321396,100
100,1,92.76,92.73,8061.201738,100
1,1,92.76,92.74,8061.201864,100
5,1,92.77,92.74,8061.201964,100
100,-1,92.76,92.78,8061.202671,100
114,-1,92.75,92.78,8064.510849,100
100,1,92.77,92.74,8066.129256,100
11,1,92.77,92.74,8066.129377,100
100,-1,92.73,92.77,8067.391359,100
300,-1,92.73,92.77,8067.392726,100
100,1,92.77,92.73,8067.395912,300
100,-1,92.7,92.77,8083.014119,100
80,-1,92.7,92.77,8083.014338,100
100,1,92.77,92.69,8083.028832,100
48,1,92.77,92.69,8083.084648,100
50,1,92.76,92.7,8083.494783,100
50,-1,92.75,92.76,8088.461093,100
100,1,92.75,92.72,8088.918703,100
100,1,92.75,92.72,8088.91885,100
100,1,92.75,92.72,8088.919169,100
14,1,92.75,92.7,8088.919345,100
60,1,92.75,92.7,8088.919366,100
100,1,92.75,92.7,8088.922636,100
26,-1,92.7,92.75,8092.416904,100
4,-1,92.73,92.75,8096.366242,100
100,1,92.75,92.73,8097.187004,100
4,1,92.76,92.73,8097.187268,100
3,1,92.76,92.73,8097.187366,100
93,1,92.76,92.74,8097.189976,100
100,1,92.76,92.74,8097.190049,100
100,1,92.76,92.74,8097.190531,100
500,1,92.77,92.75,8097.191544,100
200,1,92.76,92.72,8107.457738,100
100,1,92.76,92.72,8107.457816,100
100,1,92.77,92.75,8107.457918,100
4,1,92.77,92.75,8107.45813,100
4,-1,92.72,92.77,8107.492759,100
100,1,92.77,92.72,8108.198009,100
100,1,92.77,92.72,8108.198373,100
47,-1,92.72,92.77,8108.208474,100
200,-1,92.7,92.77,8112.08163,200
200,1,92.77,92.71,8113.388342,100
100,-1,92.7,92.77,8114.964013,100
100,-1,92.7,92.77,8120.916256,100
20,1,92.77,92.71,8128.451423,100
100,-1,92.72,92.76,8140.594099,100
100,1,92.76,92.71,8142.766191,100
100,1,92.75,92.72,8142.772166,100
100,1,92.76,92.71,8145.421553,100
100,1,92.76,92.72,8149.585265,100
100,1,92.76,92.72,8149.585357,100
100,1,92.76,92.72,8149.585374,100
26,1,92.76,92.72,8149.585477,100
100,1,92.76,92.73,8149.585949,100
100,1,92.77,92.73,8149.586049,100
74,1,92.79,92.74,8149.683419,100
100,1,92.79,92.75,8181.207986,100
100,1,92.79,92.76,8181.365831,200
26,1,92.79,92.76,8182.202983,100
100,1,92.79,92.76,8182.621384,100
100,1,92.82,92.76,8182.621556,100
100,1,92.82,92.77,8182.622791,100
100,1,92.82,92.78,8182.623986,100
100,-1,92.78,92.82,8183.347387,100
3,1,92.82,92.78,8191.437003,100
82,-1,92.78,92.82,8191.437047,100
82,1,92.82,92.78,8191.437309,100
18,-1,92.78,92.82,8191.43831,100
18,-1,92.78,92.82,8191.438649,100
95,-1,92.78,92.82,8191.444002,100
5,-1,92.78,92.82,8191.607224,100
95,-1,92.79,92.82,8215.966267,100
100,1,92.82,92.79,8216.237628,200
5,-1,92.79,92.82,8219.322741,100
95,-1,92.79,92.82,8219.322772,100
100,-1,92.79,92.82,8219.322881,100
5,1,92.81,92.77,8219.324214,100
100,1,92.81,92.76,8219.33729,100
100,1,92.79,92.76,8253.672707,100
95,1,92.8,92.77,8264.793952,100
5,1,92.81,92.77,8264.793986,100
100,1,92.82,92.77,8264.794118,100
100,1,92.82,92.77,8264.794145,100
100,-1,92.8,92.82,8264.794545,100
1,1,92.83,92.8,8264.846099,100
100,-1,92.8,92.83,8264.895217,100
100,1,92.85,92.81,8265.109788,200
100,1,92.85,92.81,8265.109883,200
100,-1,92.81,92.85,8279.022653,100
100,1,92.85,92.81,8286.174481,100
100,-1,92.81,92.84,8286.175241,100
100,-1,92.81,92.83,8286.459734,100
240,-1,92.81,92.83,8286.459774,100
50,-1,92.81,92.83,8286.459838,100
50,-1,92.81,92.83,8286.459865,100
100,1,92.83,92.81,8286.47157,200
50,1,92.83,92.81,8288.451866,100
50,1,92.83,92.82,8296.702138,100
260,-1,92.83,92.85,8296.703453,100
100,-1,92.83,92.84,8296.70759,300
100,-1,92.83,92.84,8297.213702,100
67,1,92.85,92.82,8299.792152,200
33,-1,92.83,92.85,8300.89702,100
100,1,92.85,92.83,8316.521989,100
50,1,92.85,92.83,8334.253959,100
67,1,92.85,92.84,8334.254683,100
100,1,92.87,92.85,8335.480111,100
100,-1,92.85,92.87,8335.480236,300
100,-1,92.85,92.87,8335.481601,300
100,1,92.88,92.85,8337.294342,200
100,-1,92.85,92.87,8338.918323,300
100,-1,92.85,92.87,8338.918729,100
100,-1,92.85,92.87,8338.918841,100
100,-1,92.85,92.87,8338.918864,100
100,-1,92.85,92.86,8338.919768,100
100,-1,92.83,92.86,8338.931745,100
100,1,92.85,92.82,8338.935347,100
5,1,92.85,92.82,8338.935772,100
100,1,92.85,92.82,8338.935841,100
100,1,92.86,92.82,8339.028887,200
32,1,92.86,92.82,8339.03668,200
2,1,92.86,92.82,8339.231038,200
68,-1,92.83,92.86,8349.433577,100
32,1,92.87,92.83,8386.124675,100
68,1,92.87,92.83,8386.124727,100
131,1,92.87,92.84,8386.124775,100
100,1,92.89,92.84,8386.124846,100
100,-1,92.86,92.9,8410.641713,300
100,-1,92.86,92.89,8426.174747,200
100,-1,92.86,92.89,8426.17509,200
5,-1,92.86,92.88,8426.17529,200
200,-1,92.86,92.88,8426.175476,200
28,-1,92.82,92.86,8426.18757,100
100,-1,92.82,92.89,8426.203415,100
100,1,92.89,92.82,8426.206136,100
100,1,92.89,92.82,8426.206381,100
100,1,92.88,92.82,8426.272648,200
100,1,92.85,92.82,8436.634616,200
200,-1,92.82,92.85,8440.700744,100
100,-1,92.82,92.84,8449.605446,100
100,-1,92.81,92.84,8449.605922,100
100,-1,92.81,92.84,8449.60601,100
100,1,92.82,92.81,8449.606598,100
100,-1,92.8,92.82,8449.610251,100
100,1,92.82,92.8,8450.336575,100
100,-1,92.8,92.82,8454.092939,200
100,-1,92.8,92.83,8456.815401,100
100,-1,92.8,92.83,8456.815639,100
100,-1,92.81,92.85,8456.824737,200
100,-1,92.81,92.85,8456.833152,100
100,1,92.84,92.82,8462.361045,100
100,1,92.85,92.82,8464.616722,300
100,1,92.85,92.83,8465.273177,300
100,1,92.85,92.83,8465.273677,300
4,1,92.85,92.84,8465.274208,300
20,1,92.85,92.84,8465.274243,300
15,1,92.85,92.84,8465.274338,100
100,-1,92.85,92.87,8465.278391,100
65,1,92.86,92.84,8465.280039,100
32,1,92.87,92.83,8476.625564,100
35,1,92.87,92.83,8476.74857,100
5,1,92.89,92.83,8476.74956,100
5,-1,92.85,92.9,8491.58349,100
23,-1,92.85,92.86,8503.765446,100
77,1,92.86,92.83,8503.765518,100
100,1,92.86,92.83,8503.771576,100
100,1,92.86,92.83,8503.790091,100
3,-1,92.82,92.86,8503.902106,200
100,1,92.86,92.82,8504.037043,100
100,1,92.86,92.83,8508.184538,200
100,1,92.86,92.83,8508.184675,200
1700,1,92.86,92.83,8508.186272,200
100,1,92.86,92.83,8512.133086,200
47,1,92.86,92.84,8535.31338,100
253,1,92.87,92.84,8535.55933,100
100,-1,92.86,92.89,8539.036779,400
100,-1,92.86,92.89,8539.037858,400
100,-1,92.86,92.88,8539.040249,300
65,-1,92.86,92.89,8550.65177,100
100,-1,92.86,92.87,8550.651978,100
100,-1,92.82,92.86,8550.65293,100
100,-1,92.82,92.86,8550.653013,100
1100,1,92.85,92.82,8550.708927,200
725,1,92.85,92.82,8550.75922,200
100,1,92.85,92.82,8551.019711,200
100,-1,92.83,92.85,8551.019903,100
100,1,92.85,92.84,8551.020069,200
100,1,92.85,92.84,8551.020164,100
100,-1,92.82,92.86,8551.429328,100
100,-1,92.82,92.86,8551.429745,100
195,-1,92.82,92.86,8551.429812,100
100,-1,92.82,92.86,8551.430262,100
5,-1,92.82,92.86,8551.430776,100
100,-1,92.82,92.86,8551.430903,100
100,-1,92.82,92.86,8551.433091,100
100,-1,92.81,92.85,8552.321307,300
100,-1,92.81,92.84,8552.32183,300
100,-1,92.81,92.84,8552.321951,300
100,-1,92.81,92.84,8553.3727,300
50,-1,92.81,92.84,8553.37317,300
50,1,92.84,92.81,8557.446397,200
50,-1,92.81,92.84,8559.272038,200
50,-1,92.81,92.84,8559.272138,200
100,-1,92.81,92.84,8559.272164,200
100,1,92.83,92.81,8559.272426,100
300,-1,92.81,92.83,8559.272527,200
100,-1,92.81,92.83,8559.272544,200
1,-1,92.81,92.83,8559.272624,200
3,-1,92.81,92.83,8559.272668,200
107,-1,92.81,92.83,8559.272699,200
93,-1,92.81,92.83,8559.272742,200
100,-1,92.81,92.83,8559.273023,200
7,-1,92.8,92.83,8559.273732,100
7,-1,92.8,92.83,8559.273823,100
7,-1,92.79,92.83,8559.273911,200
28,-1,92.79,92.83,8559.273912,200
6,-1,92.79,92.83,8559.274766,200
100,-1,92.8,92.83,8559.276095,100
50,1,92.83,92.8,8559.276438,400
50,-1,92.8,92.83,8559.276554,100
100,1,92.83,92.8,8559.277144,400
100,1,92.83,92.79,8559.279519,200
100,1,92.83,92.79,8559.281166,200
100,-1,92.79,92.83,8559.2902,200
50,1,92.83,92.79,8559.434907,200
50,-1,92.79,92.83,8559.434969,200
100,1,92.83,92.81,8559.435369,100
50,-1,92.8,92.83,8559.639438,100
42,1,92.83,92.8,8560.338821,100
200,-1,92.79,92.83,8561.813549,100
8,-1,92.79,92.82,8569.782862,100
92,1,92.82,92.79,8573.928506,100
100,1,92.82,92.79,8573.928642,100
3,1,92.82,92.79,8573.928676,100
7,1,92.82,92.79,8573.92879,100
43,1,92.82,92.81,8573.933089,100
43,1,92.83,92.81,8574.127988,100
4,-1,92.8,92.83,8582.901513,100
100,1,92.83,92.8,8582.906382,300
3,1,92.83,92.81,8584.795559,200
100,1,92.83,92.81,8584.7956,200
1,1,92.83,92.81,8584.795642,200
90,1,92.83,92.81,8584.7957,200
10,1,92.83,92.81,8586.041794,100
10,-1,92.82,92.83,8586.340444,100
3,1,92.83,92.81,8588.193021,100
1,1,92.83,92.81,8588.193116,100
100,1,92.83,92.81,8588.193136,100
100,1,92.84,92.82,8588.193214,100
32,-1,92.82,92.84,8588.212656,200
100,-1,92.82,92.84,8588.212705,200
68,-1,92.82,92.84,8588.212806,200
32,-1,92.82,92.83,8588.212939,200
1,-1,92.82,92.83,8588.212958,200
100,1,92.81,92.79,8588.21762,100
4,-1,92.8,92.84,8591.079001,100
100,-1,92.79,92.83,8601.979808,200
200,1,92.82,92.79,8603.043381,200
100,-1,92.79,92.82,8605.645682,100
100,-1,92.79,92.82,8605.64668,100
100,-1,92.79,92.81,8605.646845,100
68,-1,92.79,92.81,8605.646887,100
32,-1,92.79,92.81,8605.646996,100
100,-1,92.79,92.81,8605.677045,100
100,-1,92.79,92.81,8605.67756,100
100,-1,92.79,92.81,8605.694642,100
21,-1,92.79,92.81,8605.984127,100
3,1,92.81,92.78,8605.99879,200
100,1,92.8,92.75,8619.961613,200
79,-1,92.77,92.8,8622.897863,100
21,-1,92.77,92.8,8622.898003,100
100,1,92.8,92.77,8625.019978,100
100,1,92.8,92.77,8625.020113,100
100,1,92.8,92.77,8625.020256,100
200,1,92.8,92.77,8625.020277,100
100,1,92.8,92.77,8625.020365,100
100,1,92.8,92.77,8625.020487,100
100,1,92.81,92.79,8634.05802,100
50,-1,92.79,92.81,8647.191281,100
68,1,92.81,92.79,8648.711254,200
100,-1,92.79,92.81,8649.482598,100
100,-1,92.79,92.81,8649.482751,100
100,-1,92.79,92.81,8651.415129,100
100,1,92.8,92.79,8651.783968,100
100,1,92.8,92.79,8652.64261,100
100,1,92.8,92.79,8652.642864,100
4,1,92.81,92.79,8652.644277,100
96,-1,92.79,92.81,8659.756716,100
4,-1,92.79,92.8,8659.756795,100
79,-1,92.79,92.8,8659.756814,100
68,1,92.8,92.79,8659.756915,100
32,-1,92.79,92.8,8659.756939,100
100,-1,92.79,92.8,8659.756961,100
100,1,92.8,92.78,8659.757038,100
90,-1,92.76,92.78,8661.956533,100
100,1,92.8,92.76,8661.958942,100
100,1,92.8,92.76,8663.1602,100
4,1,92.8,92.76,8663.160285,100
2,1,92.8,92.76,8663.1648,100
25,1,92.81,92.76,8665.666754,200
200,1,92.81,92.78,8665.677237,200
27,-1,92.78,92.81,8670.593012,200
73,-1,92.76,92.8,8680.939292,100
5,-1,92.75,92.79,8680.939799,300
100,-1,92.75,92.79,8680.950938,100
5,1,92.79,92.75,8681.069701,200
15,-1,92.75,92.79,8682.781031,100
7,-1,92.73,92.79,8684.021511,200
3,1,92.77,92.73,8684.129528,200
5,-1,92.73,92.77,8685.121489,100
100,-1,92.73,92.76,8685.121832,100
100,-1,92.72,92.76,8685.121958,100
100,-1,92.72,92.76,8685.121977,100
100,-1,92.72,92.76,8685.122001,100
100,-1,92.71,92.75,8685.12859,100
100,-1,92.71,92.75,8685.324833,100
100,-1,92.71,92.75,8685.32506,100
7,-1,92.68,92.71,8692.137789,100
100,1,92.71,92.68,8695.03416,200
100,1,92.71,92.68,8695.055556,100
100,1,92.71,92.7,8695.055916,100
100,-1,92.7,92.72,8695.055993,100
100,-1,92.68,92.71,8696.401925,100
100,-1,92.68,92.71,8696.402795,100
100,-1,92.68,92.71,8696.40285,100
100,-1,92.68,92.71,8696.403287,100
100,-1,92.68,92.71,8696.403535,100
5,-1,92.68,92.7,8696.404979,100
1,1,92.7,92.67,8696.513563,100
100,1,92.7,92.67,8696.513704,100
100,1,92.71,92.66,8696.612212,200
100,1,92.71,92.67,8696.711301,200
100,-1,92.66,92.7,8697.255677,100
100,1,92.7,92.67,8697.308116,100
200,1,92.7,92.67,8697.308161,100
100,1,92.71,92.67,8697.308244,200
100,1,92.71,92.67,8697.308267,200
300,1,92.71,92.67,8697.310105,200
100,-1,92.67,92.71,8697.370469,100
102,1,92.7,92.66,8697.435126,100
18,1,92.7,92.69,8697.435192,100
200,-1,92.69,92.7,8697.435403,100
30,1,92.7,92.69,8697.435501,100
100,-1,92.69,92.71,8697.435548,100
100,-1,92.69,92.71,8697.435655,100
200,-1,92.69,92.71,8697.435691,100
21,1,92.7,92.67,8697.457769,100
200,1,92.7,92.68,8706.541409,100
100,-1,92.68,92.71,8706.541654,100
100,1,92.71,92.68,8706.541763,300
200,1,92.71,92.68,8706.541784,300
99,-1,92.68,92.71,8706.542426,100
2,1,92.7,92.67,8707.139762,100
40,1,92.71,92.67,8707.139919,300
100,1,92.71,92.69,8708.497602,300
100,1,92.71,92.69,8708.516651,300
100,1,92.71,92.69,8708.517116,300
200,1,92.71,92.69,8708.529263,200
100,1,92.71,92.69,8708.529362,100
100,1,92.72,92.69,8708.565393,200
100,-1,92.7,92.72,8709.208418,100
200,-1,92.7,92.72,8712.825036,100
200,1,92.71,92.69,8725.684087,200
100,1,92.71,92.69,8725.686968,200
267,1,92.71,92.69,8725.710619,200
400,1,92.71,92.69,8727.189115,100
100,1,92.71,92.69,8732.148636,100
100,1,92.71,92.69,8732.148724,100
100,1,92.74,92.69,8732.22616,100
1,1,92.74,92.69,8732.226472,100
100,1,92.74,92.69,8754.223735,100
99,-1,92.7,92.72,8764.902025,100
100,-1,92.7,92.72,8764.902144,100
100,-1,92.7,92.72,8764.902173,100
2,-1,92.7,92.72,8764.903526,100
100,-1,92.71,92.72,8766.646208,100
100,1,92.71,92.69,8766.648874,100
100,-1,92.69,92.72,8766.895367,100
50,-1,92.69,92.7,8766.89739,100
50,-1,92.69,92.72,8769.854133,100
100,1,92.72,92.69,8777.335037,200
100,1,92.72,92.7,8777.335131,200
100,1,92.72,92.7,8777.335165,200
26,1,92.72,92.7,8777.335414,200
100,1,92.72,92.7,8777.33545,200
100,1,92.72,92.7,8777.335612,100
100,1,92.72,92.7,8777.335751,100
100,1,92.72,92.7,8777.335846,100
100,1,92.72,92.7,8777.335944,100
100,1,92.73,92.7,8777.341808,100
100,1,92.72,92.7,8777.342806,100
100,1,92.72,92.7,8777.422439,100
100,1,92.72,92.71,8780.665229,100
100,-1,92.71,92.74,8780.665375,100
200,-1,92.72,92.74,8780.66586,100
200,-1,92.72,92.74,8780.66598,100
100,-1,92.72,92.75,8780.673552,400
5,-1,92.69,92.74,8801.105728,100
3,-1,92.68,92.74,8801.106018,100
12,-1,92.68,92.74,8801.10619,100
12,-1,92.68,92.74,8801.106288,100
100,-1,92.68,92.74,8801.106367,100
100,-1,92.67,92.72,8801.108109,100
100,1,92.72,92.67,8801.148978,200
100,1,92.7,92.66,8802.347179,200
100,-1,92.69,92.71,8810.66884,100
100,-1,92.68,92.71,8810.66914,100
100,1,92.67,92.65,8816.358198,100
40,-1,92.65,92.69,8821.080618,100
60,-1,92.65,92.68,8821.08097,100
40,-1,92.65,92.68,8821.081067,100
50,-1,92.65,92.68,8821.081119,100
100,-1,92.64,92.68,8821.081494,100
100,-1,92.63,92.67,8821.081695,100
100,-1,92.63,92.67,8821.082127,100
100,-1,92.62,92.66,8821.11291,400
100,-1,92.62,92.66,8821.282418,400
2,-1,92.6,92.65,8823.412472,100
100,-1,92.58,92.62,8827.788203,200
100,1,92.62,92.58,8827.788239,200
100,1,92.61,92.58,8828.727711,100
100,1,92.62,92.58,8835.731992,100
100,1,92.62,92.58,8835.732061,100
100,1,92.62,92.58,8835.732087,100
200,1,92.63,92.58,8835.732158,200
100,1,92.63,92.58,8835.732179,200
100,1,92.63,92.58,8835.732421,200
100,1,92.63,92.58,8835.73449,100
100,1,92.63,92.58,8835.734619,100
100,-1,92.6,92.63,8861.210057,100
100,1,92.63,92.6,8861.923986,100
533,1,92.64,92.61,8861.930758,100
100,1,92.64,92.62,8861.946003,100
100,1,92.65,92.63,8861.949239,100
197,1,92.67,92.63,8863.510262,200
403,1,92.67,92.65,8865.89378,100
100,1,92.69,92.65,8865.895218,100
100,-1,92.66,92.69,8865.897919,200
100,-1,92.66,92.69,8887.26805,200
900,-1,92.66,92.69,8887.268177,200
18,-1,92.66,92.69,8887.268197,200
188,-1,92.66,92.69,8887.268259,200
12,-1,92.66,92.69,8887.268367,200
100,-1,92.65,92.66,8887.269107,200
100,-1,92.65,92.66,8887.26921,200
3,-1,92.64,92.65,8887.290577,100
97,1,92.64,92.63,8887.293653,200
50,-1,92.63,92.65,8887.316174,100
100,1,92.64,92.63,8887.369188,100
50,1,92.68,92.62,8889.549006,100
50,1,92.7,92.64,8910.905009,100
100,-1,92.66,92.7,8911.439874,100
100,-1,92.66,92.7,8935.855519,100
100,-1,92.66,92.7,8935.86744,100
9,-1,92.66,92.7,8935.86756,100
100,1,92.67,92.66,8937.782515,100
1,-1,92.66,92.7,8940.879684,100
100,-1,92.66,92.7,8940.879776,100
100,-1,92.66,92.7,8940.879805,100
100,-1,92.65,92.7,8940.88003,300
100,-1,92.66,92.69,8940.883701,100
100,-1,92.65,92.69,8940.883823,100
100,1,92.66,92.65,8940.884428,100
300,-1,92.61,92.67,8945.957875,100
100,-1,92.61,92.67,8945.959076,100
100,1,92.65,92.58,8951.701313,100
100,1,92.66,92.62,8951.710972,100
100,1,92.66,92.62,8951.711081,100
100,1,92.67,92.62,8951.719207,100
100,1,92.67,92.63,8958.762712,100
100,1,92.68,92.62,8971.186861,200
100,1,92.68,92.62,8971.187314,200
243,-1,92.65,92.69,8977.383627,100
1,1,92.68,92.63,8984.891438,200
100,1,92.67,92.63,8998.550558,100
100,-1,92.63,92.67,9011.492654,100
100,1,92.67,92.63,9011.526869,100
100,1,92.68,92.64,9013.168809,100
100,1,92.68,92.64,9013.168917,100
40,1,92.68,92.65,9013.168944,100
50,1,92.68,92.65,9013.168964,100
210,-1,92.64,92.68,9013.202455,100
100,-1,92.64,92.68,9014.056813,200
90,1,92.68,92.64,9014.46039,100
18,1,92.67,92.64,9030.737186,100
100,1,92.67,92.64,9030.737267,100
50,1,92.67,92.64,9030.740326,100
47,1,92.68,92.64,9031.899529,200
50,-1,92.62,92.67,9034.264557,100
100,1,92.67,92.62,9034.500564,300
100,1,92.66,92.62,9058.848744,200
100,1,92.68,92.63,9064.562394,100
50,1,92.68,92.63,9064.562471,100
50,1,92.69,92.65,9064.599206,100
100,-1,92.65,92.69,9064.617752,100
100,1,92.67,92.65,9078.300067,100
14,1,92.67,92.65,9078.300185,100
100,1,92.67,92.65,9078.30033,100
95,-1,92.65,92.69,9078.300626,200
5,-1,92.66,92.69,9078.301124,100
100,-1,92.66,92.69,9078.301283,100
200,-1,92.66,92.69,9078.301379,100
68,-1,92.66,92.69,9078.302177,300
32,1,92.67,92.66,9078.305833,200
100,1,92.67,92.66,9078.357348,100
100,-1,92.66,92.69,9079.272672,100
19,-1,92.66,92.67,9079.273687,100
100,1,92.67,92.64,9079.273853,100
100,-1,92.66,92.67,9079.275594,100
53,1,92.67,92.66,9079.275745,300
3,-1,92.66,92.67,9079.276791,100
47,1,92.67,92.63,9079.279042,100
81,-1,92.63,92.67,9082.651721,200
100,1,92.67,92.63,9082.689404,100
97,1,92.69,92.66,9092.604093,100
7,1,92.69,92.66,9092.604179,100
100,-1,92.65,92.69,9092.717591,200
100,1,92.69,92.63,9096.180422,100
1,1,92.69,92.64,9109.751515,200
100,1,92.69,92.64,9109.751834,200
80,-1,92.63,92.67,9116.139312,200
100,1,92.67,92.63,9117.774251,200
100,-1,92.63,92.67,9129.326898,200
100,-1,92.63,92.67,9136.712636,200
2,-1,92.63,92.66,9156.560832,200
100,-1,92.63,92.65,9156.561362,100
100,-1,92.63,92.65,9156.561449,100
100,-1,92.61,92.65,9156.562936,100
100,1,92.65,92.61,9156.563062,300
100,1,92.65,92.61,9156.563539,300
100,1,92.65,92.61,9190.824194,400
2,-1,92.61,92.65,9199.077343,200
2,-1,92.62,92.65,9205.703584,200
100,-1,92.63,92.65,9217.949698,100
200,-1,92.63,92.65,9222.511734,100
100,-1,92.63,92.65,9226.870846,100
100,-1,92.63,92.65,9245.491161,200
100,-1,92.63,92.64,9248.871522,100
64,1,92.63,92.62,9248.871679,200
100,1,92.63,92.62,9248.8718,200
6,1,92.63,92.62,9248.871821,200
100,-1,92.61,92.63,9248.87253,100
100,-1,92.61,92.63,9248.873163,100
50,-1,92.61,92.64,9248.906299,200
50,1,92.64,92.61,9248.90706,300
100,1,92.64,92.62,9248.909809,300
100,-1,92.61,92.64,9258.364674,200
10,1,92.63,92.62,9262.975068,100
5,1,92.64,92.62,9262.976303,400
3,1,92.64,92.62,9263.042162,400
80,-1,92.62,92.64,9264.879232,200
15,1,92.62,92.61,9265.351215,100
15,1,92.64,92.61,9266.186055,500
200,1,92.64,92.61,9266.186084,500
85,1,92.64,92.63,9266.199711,400
10,-1,92.63,92.64,9266.203022,100
90,1,92.64,92.63,9267.306248,400
15,1,92.64,92.63,9267.306294,400
2,1,92.64,92.63,9267.306332,400
1,1,92.64,92.63,9267.306487,300
100,1,92.64,92.63,9267.306588,100
2,1,92.65,92.63,9267.306615,100
2,1,92.65,92.63,9267.306638,100
100,1,92.65,92.63,9267.306662,100
100,-1,92.64,92.65,9267.311453,200
100,-1,92.64,92.65,9267.31202,200
100,-1,92.64,92.65,9267.312122,100
100,1,92.65,92.63,9267.31772,200
100,-1,92.63,92.66,9267.380415,100
100,1,92.66,92.63,9270.040503,100
100,-1,92.63,92.65,9273.995061,100
100,-1,92.63,92.65,9279.948276,200
100,-1,92.63,92.65,9279.948567,100
22,-1,92.63,92.65,9279.94859,100
100,-1,92.63,92.64,9279.949309,100
100,-1,92.63,92.64,9279.949391,100
57,1,92.64,92.63,9279.949504,100
73,-1,92.61,92.64,9279.95097,100
7,1,92.63,92.62,9279.955318,200
73,-1,92.62,92.63,9279.959895,100
100,1,92.63,92.62,9279.962107,100
100,1,92.64,92.62,9279.96221,200
200,-1,92.62,92.64,9281.007586,100
100,-1,92.62,92.64,9281.007712,100
100,-1,92.62,92.63,9281.007949,100
100,1,92.63,92.62,9281.009818,200
100,1,92.63,92.62,9281.010122,200
50,1,92.63,92.62,9281.017679,200
1,1,92.63,92.62,9281.017721,200
100,1,92.63,92.62,9281.017766,200
100,1,92.63,92.62,9281.017827,200
100,1,92.63,92.62,9281.018216,200
3,1,92.64,92.62,9281.044151,100
50,1,92.65,92.62,9283.073383,100
100,1,92.66,92.63,9285.772766,100
43,-1,92.63,92.66,9294.327927,200
7,1,92.66,92.63,9294.715578,100
200,1,92.67,92.65,9295.520508,100
100,1,92.67,92.65,9295.520732,100
43,1,92.67,92.65,9310.041209,200
57,-1,92.65,92.67,9318.46864,200
43,-1,92.65,92.67,9318.46888,200
57,-1,92.65,92.67,9318.469008,200
1,-1,92.65,92.67,9318.469028,200
3,-1,92.65,92.66,9318.469101,200
1,-1,92.65,92.66,9318.469121,200
100,-1,92.65,92.66,9318.469148,200
100,-1,92.63,92.65,9318.476226,100
100,-1,92.63,92.65,9318.476323,100
5,-1,92.63,92.65,9318.476553,100
40,-1,92.63,92.65,9318.477472,100
6,-1,92.63,92.65,9318.479282,100
50,-1,92.63,92.65,9318.48012,100
35,-1,92.63,92.65,9318.480694,100
15,-1,92.63,92.65,9318.480784,100
100,-1,92.63,92.65,9319.160639,100
2,1,92.65,92.63,9319.160884,100
100,-1,92.63,92.64,9319.161026,100
100,1,92.64,92.63,9319.16326,200
100,-1,92.63,92.64,9319.169269,200
100,-1,92.63,92.64,9319.169357,200
100,-1,92.63,92.64,9319.169377,100
100,1,92.64,92.62,9319.174196,500
100,1,92.64,92.62,9320.310454,200
2,1,92.64,92.62,9320.313525,200
100,1,92.64,92.62,9320.33309,200
100,1,92.64,92.63,9320.333323,100
100,1,92.65,92.63,9320.333411,100
100,1,92.65,92.62,9323.137179,100
100,1,92.65,92.62,9323.142847,100
100,1,92.65,92.63,9323.142951,100
50,1,92.65,92.63,9323.148388,100
50,-1,92.64,92.67,9325.524533,100
50,1,92.65,92.64,9325.530552,100
100,-1,92.66,92.67,9325.557613,100
100,1,92.66,92.65,9325.5962,100
100,-1,92.64,92.66,9330.566302,200
5,-1,92.64,92.66,9330.566607,200
15,-1,92.64,92.66,9330.567245,200
80,-1,92.64,92.66,9330.567396,200
20,1,92.64,92.63,9330.575583,100
100,1,92.67,92.64,9330.600471,100
30,-1,92.63,92.66,9330.919729,200
200,1,92.67,92.64,9336.635942,100
100,-1,92.65,92.67,9336.662431,100
100,1,92.67,92.65,9336.663739,100
100,1,92.67,92.65,9358.105138,100
100,1,92.67,92.66,9358.105312,100
100,1,92.68,92.66,9358.10554,100
100,-1,92.66,92.68,9358.10562,100
100,1,92.68,92.66,9358.106025,100
100,-1,92.66,92.68,9358.106048,200
100,-1,92.66,92.68,9358.106174,200
100,-1,92.66,92.68,9358.106213,200
100,-1,92.65,92.67,9358.106275,200
100,1,92.68,92.66,9362.579853,100
100,1,92.68,92.67,9362.597576,100
100,1,92.69,92.67,9362.597691,100
100,1,92.7,92.68,9362.686325,100
100,1,92.73,92.68,9368.029754,100
100,-1,92.69,92.73,9369.351508,100
100,1,92.73,92.69,9369.351849,100
47,1,92.73,92.7,9386.297255,300
50,-1,92.71,92.73,9394.552928,100
50,-1,92.71,92.73,9394.553318,100
50,1,92.72,92.7,9394.554694,200
100,1,92.72,92.7,9394.602995,200
100,-1,92.7,92.72,9395.575717,300
50,1,92.72,92.7,9395.609361,200
50,1,92.74,92.7,9413.925981,200
100,-1,92.71,92.74,9413.928564,100
100,1,92.76,92.71,9417.205445,200
24,1,92.76,92.73,9422.01434,100
200,1,92.77,92.73,9422.036043,100
92,1,92.77,92.73,9422.036085,100
100,1,92.77,92.73,9422.036138,100
68,1,92.77,92.75,9422.039588,100
100,1,92.79,92.76,9422.077125,100
100,-1,92.76,92.79,9425.241323,200
8,1,92.77,92.76,9425.364045,100
100,-1,92.76,92.77,9425.711524,200
100,1,92.77,92.76,9425.711961,200
100,-1,92.76,92.77,9425.712035,100
100,1,92.76,92.74,9425.712169,100
100,1,92.76,92.74,9425.714672,300
100,1,92.76,92.74,9425.71489,300
58,1,92.76,92.74,9425.718813,300
42,1,92.76,92.75,9425.71931,200
42,1,92.76,92.75,9425.719407,100
42,1,92.76,92.75,9425.719426,100
100,-1,92.76,92.77,9425.719704,200
100,1,92.77,92.76,9425.73115,100
100,-1,92.77,92.8,9425.734288,100
21,-1,92.77,92.78,9425.735777,100
50,-1,92.76,92.79,9427.022488,100
63,1,92.78,92.76,9430.393093,300
29,-1,92.76,92.77,9430.667558,100
50,-1,92.76,92.77,9430.667665,100
7,1,92.77,92.73,9430.667718,200
28,-1,92.75,92.76,9449.184944,100
100,-1,92.74,92.75,9453.246287,100
72,1,92.74,92.73,9453.246408,200
21,1,92.74,92.73,9453.274927,100
100,1,92.74,92.73,9453.275568,100
100,1,92.74,92.73,9453.283895,100
4,-1,92.73,92.76,9453.796327,300
18,-1,92.74,92.76,9462.560387,200
100,1,92.76,92.74,9468.444817,100
100,1,92.77,92.74,9468.444874,200
100,1,92.77,92.74,9468.44494,200
100,1,92.77,92.74,9468.44496,200
100,1,92.77,92.74,9468.444984,200
100,1,92.77,92.74,9468.445846,200
100,1,92.77,92.74,9468.446059,200
100,1,92.77,92.74,9468.446361,200
100,-1,92.73,92.77,9468.4991,400
100,-1,92.75,92.79,9468.779773,100
100,-1,92.75,92.8,9471.249671,100
100,-1,92.75,92.8,9471.261542,100
100,1,92.8,92.75,9472.097596,200
100,1,92.81,92.76,9478.176269,100
100,1,92.8,92.77,9478.291218,100
100,1,92.81,92.76,9478.566626,100
10,-1,92.77,92.8,9479.010113,100
146,1,92.8,92.75,9491.840987,100
41,1,92.8,92.75,9494.85361,100
40,1,92.8,92.75,9494.85371,100
3,-1,92.75,92.79,9506.146365,200
10,1,92.79,92.75,9515.014671,100
90,1,92.79,92.75,9515.01476,100
60,1,92.79,92.75,9522.565239,100
10,-1,92.75,92.79,9537.141756,100
4,-1,92.75,92.79,9537.14213,100
100,-1,92.73,92.77,9537.277098,200
100,1,92.77,92.74,9545.820024,100
100,1,92.78,92.73,9546.4284,100
100,-1,92.73,92.79,9555.763611,300
37,1,92.78,92.74,9569.766602,100
100,1,92.78,92.74,9569.76663,100
100,-1,92.76,92.79,9581.181305,200
10,-1,92.76,92.79,9581.181434,200
49,1,92.79,92.76,9583.006285,100
28,1,92.79,92.76,9587.654397,100
66,-1,92.77,92.8,9596.046321,200
34,1,92.8,92.77,9597.5667,200
66,-1,92.77,92.78,9605.448293,300
40,-1,92.77,92.8,9605.44847,200
235,-1,92.77,92.8,9605.453271,100
8,1,92.8,92.77,9605.76379,100
100,1,92.8,92.77,9618.528003,100
100,1,92.8,92.77,9618.528025,100
12,1,92.8,92.77,9618.52809,100
100,1,92.8,92.77,9618.528107,100
70,1,92.8,92.77,9618.528242,100
100,1,92.8,92.77,9618.528271,100
1000,1,92.8,92.77,9618.528334,100
1000,1,92.8,92.77,9618.528646,100
100,1,92.8,92.77,9618.528962,100
100,1,92.8,92.77,9618.529002,100
115,1,92.8,92.77,9618.529035,100
100,1,92.8,92.78,9618.529095,100
300,1,92.8,92.78,9618.529113,100
100,1,92.8,92.78,9618.529804,100
490,1,92.82,92.79,9618.572167,300
100,-1,92.79,92.82,9619.235376,100
3,-1,92.79,92.82,9619.243589,100
100,1,92.82,92.79,9619.245579,200
300,1,92.82,92.79,9619.246443,200
100,-1,92.79,92.84,9620.311803,200
80,-1,92.79,92.84,9620.805767,100
100,-1,92.79,92.84,9621.3178,100
20,1,92.84,92.81,9634.663495,100
100,1,92.84,92.81,9634.702034,100
170,-1,92.81,92.84,9636.642951,100
100,-1,92.8,92.84,9636.643227,100
100,-1,92.8,92.84,9636.643317,100
100,-1,92.8,92.84,9636.643385,100
100,-1,92.8,92.83,9636.657107,100
5,1,92.83,92.8,9636.657161,300
100,-1,92.8,92.82,9636.657331,100
100,-1,92.8,92.81,9636.661213,100
100,-1,92.79,92.81,9636.702316,200
123,-1,92.79,92.81,9636.738196,200
100,-1,92.79,92.81,9641.043803,100
100,1,92.79,92.78,9641.045208,300
100,-1,92.78,92.79,9642.950557,100
100,-1,92.77,92.79,9643.31586,100
200,-1,92.77,92.78,9643.320316,100
100,-1,92.77,92.78,9643.323714,100
100,-1,92.76,92.78,9643.324195,100
100,-1,92.76,92.78,9643.326216,100
100,-1,92.76,92.78,9643.327751,100
8,-1,92.76,92.77,9646.405663,100
11,-1,92.76,92.77,9646.405837,100
50,1,92.76,92.72,9646.406078,200
5,1,92.76,92.72,9646.406139,200
70,-1,92.73,92.78,9646.412056,100
50,1,92.78,92.73,9646.442289,100
4,1,92.79,92.74,9648.686361,100
40,1,92.79,92.74,9648.686512,100
100,1,92.79,92.74,9648.686617,100
100,1,92.79,92.74,9648.686929,100
100,-1,92.74,92.8,9656.441254,100
100,1,92.81,92.78,9656.478877,100
100,1,92.81,92.79,9679.014983,100
100,1,92.83,92.79,9679.015263,200
100,-1,92.8,92.83,9679.015957,200
100,1,92.83,92.81,9694.34047,100
200,1,92.84,92.81,9694.340612,200
200,-1,92.81,92.84,9694.407078,200
1,-1,92.81,92.84,9695.25242,100
100,1,92.84,92.81,9697.375898,200
100,1,92.84,92.81,9698.535699,200
100,1,92.84,92.81,9698.535763,200
100,1,92.84,92.81,9698.535875,200
200,1,92.84,92.82,9698.536087,100
100,1,92.84,92.82,9698.536173,100
100,1,92.87,92.83,9700.055501,200
100,-1,92.83,92.87,9700.733382,200
100,-1,92.83,92.87,9700.73392,200
100,-1,92.83,92.87,9700.734312,100
172,-1,92.83,92.86,9700.736578,100
100,-1,92.83,92.86,9700.737991,100
100,-1,92.81,92.85,9705.334239,100
100,1,92.85,92.81,9705.371662,300
100,-1,92.81,92.84,9711.150245,100
100,-1,92.81,92.84,9711.150457,100
28,-1,92.8,92.84,9711.151134,200
100,-1,92.8,92.83,9711.151819,200
100,1,92.83,92.8,9711.152038,200
100,-1,92.8,92.83,9711.152343,200
100,-1,92.8,92.83,9711.153339,200
100,-1,92.8,92.83,9711.156251,200
100,-1,92.8,92.82,9711.183948,100
100,-1,92.8,92.82,9711.184049,100
100,-1,92.8,92.81,9711.184093,100
100,1,92.81,92.8,9711.184145,100
100,-1,92.8,92.81,9711.18423,100
100,1,92.8,92.78,9711.18492,100
400,1,92.8,92.79,9711.214883,100
100,-1,92.79,92.8,9711.218771,100
100,1,92.8,92.78,9711.230032,100
100,1,92.8,92.78,9711.252815,100
100,1,92.8,92.78,9711.342028,100
200,1,92.8,92.78,9712.343126,100
100,1,92.8,92.78,9714.135389,100
100,1,92.8,92.79,9714.135627,100
100,-1,92.79,92.83,9714.135723,100
7,1,92.81,92.78,9714.536382,200
100,-1,92.79,92.81,9714.539312,100
100,1,92.8,92.78,9720.003172,100
100,1,92.8,92.78,9721.556772,100
100,1,92.81,92.78,9721.556903,300
200,1,92.8,92.78,9722.638168,200
100,1,92.8,92.79,9722.638591,100
48,-1,92.79,92.81,9722.638704,100
100,1,92.81,92.78,9722.999321,200
100,-1,92.78,92.8,9723.08591,300
100,-1,92.78,92.8,9723.085977,200
100,-1,92.78,92.8,9723.089531,100
100,-1,92.78,92.8,9723.090567,100
100,1,92.8,92.78,9723.745095,100
100,1,92.81,92.78,9725.133139,200
100,1,92.81,92.78,9725.168657,200
100,1,92.81,92.79,9725.227615,100
100,1,92.82,92.79,9725.2277,100
50,-1,92.81,92.82,9725.233817,100
100,1,92.82,92.78,9725.353866,100
100,1,92.82,92.78,9725.644344,100
3,1,92.81,92.79,9729.718611,100
96,-1,92.79,92.81,9730.705665,100
100,1,92.8,92.78,9732.904527,100
1,-1,92.78,92.79,9733.117664,100
73,1,92.79,92.78,9735.631937,100
23,-1,92.78,92.81,9735.632073,200
27,-1,92.78,92.81,9735.632694,200
50,1,92.81,92.78,9741.707828,200
23,1,92.81,92.79,9741.707866,200
1,1,92.81,92.79,9741.708097,100
100,1,92.83,92.79,9741.708216,100
100,1,92.81,92.79,9741.710768,100
100,1,92.82,92.8,9747.846459,100
100,1,92.82,92.8,9747.847913,100
100,1,92.84,92.79,9747.894132,500
50,1,92.84,92.8,9749.755468,200
50,1,92.84,92.8,9749.755586,200
100,1,92.84,92.8,9749.755607,200
50,1,92.84,92.8,9749.755685,200
50,1,92.84,92.8,9749.755788,200
5,1,92.84,92.8,9749.755866,200
45,1,92.84,92.8,9749.755988,200
50,1,92.84,92.83,9749.75632,200
5,1,92.85,92.83,9749.768266,100
45,1,92.85,92.82,9749.809399,100
47,1,92.86,92.84,9757.035341,200
3,1,92.86,92.83,9764.137757,100
100,1,92.86,92.83,9764.140341,100
100,1,92.87,92.83,9765.807378,100
52,-1,92.85,92.88,9776.464238,200
100,-1,92.85,92.88,9776.464549,200
28,-1,92.85,92.88,9776.526974,300
100,1,92.87,92.85,9788.015389,100
100,1,92.87,92.86,9788.019392,100
328,1,92.88,92.85,9803.366356,200
200,-1,92.85,92.88,9814.266185,200
200,-1,92.85,92.88,9816.974868,200
50,-1,92.85,92.88,9826.186999,200
50,-1,92.85,92.88,9826.187111,200
50,-1,92.85,92.88,9826.187135,200
28,-1,92.85,92.88,9826.188088,200
100,-1,92.85,92.88,9826.188247,200
100,-1,92.85,92.88,9826.188334,200
22,-1,92.85,92.88,9826.18913,100
72,-1,92.85,92.88,9826.189298,100
28,-1,92.85,92.88,9826.189457,100
100,1,92.85,92.83,9826.214615,200
100,1,92.85,92.83,9826.327608,200
100,-1,92.84,92.87,9826.38757,100
100,1,92.87,92.83,9836.181154,100
100,-1,92.84,92.88,9837.333016,100
100,-1,92.85,92.87,9839.242906,100
100,1,92.88,92.84,9839.828737,200
100,1,92.88,92.85,9852.288855,100
100,1,92.88,92.85,9852.288889,100
50,1,92.88,92.85,9852.288974,100
50,1,92.88,92.86,9852.289075,100
100,1,92.88,92.86,9852.289246,100
100,1,92.88,92.86,9852.289276,100
100,1,92.89,92.86,9852.289328,100
100,1,92.89,92.86,9852.289366,100
100,1,92.91,92.87,9852.290404,300
100,1,92.91,92.87,9852.291339,200
100,1,92.91,92.87,9852.291419,200
100,-1,92.87,92.91,9853.892311,400
100,1,92.88,92.87,9854.830291,100
100,-1,92.88,92.91,9855.191617,100
100,-1,92.87,92.91,9855.347867,400
100,-1,92.88,92.9,9855.826928,100
100,1,92.91,92.88,9868.309248,300
100,1,92.92,92.88,9869.885904,100
100,1,92.92,92.9,9869.886013,100
100,1,92.92,92.9,9869.886151,100
100,1,92.92,92.9,9869.886222,100
5,1,92.92,92.9,9869.887087,100
100,-1,92.88,92.92,9869.94745,200
203,1,92.93,92.88,9872.830306,100
100,-1,92.89,92.91,9888.482985,100
100,1,92.92,92.89,9890.888869,100
200,1,92.93,92.89,9890.931322,100
100,1,92.95,92.9,9899.870418,200
100,1,92.95,92.9,9899.870481,200
100,1,92.95,92.92,9910.657094,100
100,1,92.95,92.92,9910.657185,100
100,1,92.95,92.92,9910.657208,100
100,1,92.95,92.92,9910.657423,100
100,-1,92.92,92.95,9910.65745,100
100,1,92.95,92.92,9910.657521,100
100,1,92.95,92.92,9910.657538,100
100,1,92.95,92.93,9910.657607,100
100,1,92.95,92.93,9910.657907,100
100,1,92.96,92.94,9911.045102,100
100,1,92.97,92.94,9911.161143,100
100,1,92.99,92.95,9912.255878,200
50,-1,92.95,92.99,9914.699905,200
100,1,92.99,92.96,9929.929473,300
100,1,92.99,92.96,9929.932678,300
100,1,92.99,92.96,9931.014482,300
100,1,92.99,92.96,9931.21609,300
100,-1,92.96,92.98,9931.581393,200
100,-1,92.96,92.98,9931.581752,200
100,1,92.98,92.96,9936.221459,200
30,-1,92.97,92.98,9945.815523,100
17,-1,92.96,92.98,9945.815728,200
70,1,92.98,92.96,9952.903226,200
100,1,92.98,92.97,9952.903335,100
100,1,92.99,92.97,9952.903427,200
100,1,92.99,92.97,9952.905476,100
28,1,92.99,92.97,9953.112091,100
80,-1,92.97,92.98,9954.717723,100
2,-1,92.96,92.98,9954.718142,200
192,-1,92.96,92.98,9955.081393,100
8,-1,92.96,92.98,9955.081504,100
100,-1,92.96,92.98,9955.081688,100
92,-1,92.96,92.98,9955.082007,100
100,-1,92.96,92.98,9955.082338,100
2,-1,92.96,92.98,9955.08275,100
2,-1,92.95,92.98,9955.082851,200
138,1,92.97,92.94,9955.837021,200
48,1,92.97,92.94,9955.890262,200
2,1,92.97,92.94,9956.447168,200
100,-1,92.95,92.96,9962.971314,100
100,1,92.96,92.94,9968.585109,400
100,1,92.96,92.94,9968.585954,400
100,-1,92.95,92.96,9968.586326,100
50,1,92.96,92.94,9971.123461,400
50,1,92.96,92.94,9976.438722,200
50,1,92.96,92.94,9976.439017,100
100,1,92.96,92.94,9976.439368,100
100,1,92.96,92.94,9977.750079,100
100,1,92.96,92.94,9977.750347,100
100,-1,92.96,92.97,9983.702863,100
100,1,92.98,92.96,9989.61068,100
100,-1,92.97,92.98,9990.618532,100
100,-1,92.96,92.98,9991.273422,100
100,-1,92.96,92.98,9991.276993,100
100,1,92.99,92.97,10001.79212,200
100,1,92.99,92.96,10003.67072,200
5,1,92.99,92.96,10003.67075,200
100,1,92.99,92.96,10003.67087,200
5,1,92.99,92.97,10003.67096,100
5,1,93,92.97,10003.67107,200
100,1,93,92.97,10003.67117,200
100,-1,92.98,93.01,10005.66267,200
50,-1,92.97,93.01,10006.22804,200
8,-1,92.98,93.01,10013.12064,300
100,-1,92.98,93.01,10013.12103,300
46,-1,92.98,93.01,10013.12117,300
4,-1,92.98,93.01,10013.12123,300
100,-1,92.98,93.01,10013.12187,300
100,-1,92.98,93.01,10013.12203,300
4,-1,92.98,93.01,10013.12353,300
100,-1,92.98,93.01,10013.12498,300
50,-1,92.95,92.99,10013.13005,100
100,-1,92.95,92.99,10013.19363,200
50,1,92.99,92.95,10013.309,100
50,1,92.99,92.95,10014.90548,100
100,1,93,92.96,10018.01584,100
200,1,93,92.97,10020.11912,100
50,1,93,92.98,10020.11955,100
18,-1,92.99,93,10029.81538,100
32,1,93,92.97,10029.81561,100
68,-1,92.97,92.99,10030.7652,100
32,-1,92.97,92.98,10030.76627,100
68,-1,92.97,92.98,10030.76745,100
32,1,92.99,92.95,10031.45119,100
50,1,92.98,92.94,10031.78859,100
50,-1,92.94,92.98,10075.19538,200
100,1,92.98,92.94,10078.29103,300
50,1,92.98,92.95,10089.89316,100
54,1,92.99,92.95,10089.89324,100
50,-1,92.96,92.99,10091.29295,200
88,-1,92.96,92.99,10091.29344,100
46,-1,92.96,92.99,10091.29362,100
12,-1,92.96,92.99,10091.2947,100
100,-1,92.95,92.99,10091.29592,100
40,-1,92.94,92.99,10092.91379,200
100,1,92.98,92.94,10096.50866,100
100,-1,92.95,92.99,10101.64462,100
100,-1,92.94,92.99,10106.36206,200
100,-1,92.94,92.98,10108.9094,100
100,1,92.97,92.93,10108.90992,100
200,-1,92.93,92.97,10108.91016,100
100,-1,92.93,92.97,10108.91027,100
100,-1,92.92,92.97,10126.66235,200
200,1,92.97,92.92,10133.70022,200
2,1,92.97,92.92,10137.34365,200
100,1,92.97,92.92,10137.34375,200
100,1,92.97,92.92,10137.34378,200
200,1,92.97,92.92,10137.3438,200
100,1,92.97,92.92,10137.34383,200
137,1,92.97,92.92,10137.34439,100
100,1,92.97,92.95,10137.34468,100
91,1,92.99,92.95,10137.3448,100
9,1,92.99,92.97,10140.53128,100
100,-1,92.97,92.99,10147.36553,100
100,-1,92.97,92.99,10147.3685,100
47,1,92.99,92.96,10153.85811,100
100,-1,92.96,92.97,10154.80852,200
100,-1,92.96,92.97,10155.40362,200
100,-1,92.96,92.97,10155.40374,200
100,-1,92.96,92.97,10155.40588,200
100,-1,92.93,92.97,10164.50959,100
41,-1,92.93,92.96,10170.13124,100
59,-1,92.9,92.94,10170.57855,400
100,-1,92.88,92.93,10173.3123,200
100,1,92.92,92.88,10175.89108,100
100,-1,92.9,92.95,10194.36856,100
50,-1,92.91,92.95,10197.10431,200
50,-1,92.91,92.95,10197.16749,200
1000,-1,92.91,92.95,10197.1686,200
9,-1,92.91,92.95,10197.18102,200
100,-1,92.94,92.97,10210.95489,100
95,1,92.97,92.93,10231.83982,100
3,1,92.97,92.93,10243.56027,100
2,-1,92.94,92.97,10249.10307,200
7,-1,92.94,92.96,10249.10319,200
5,1,92.96,92.94,10249.10331,200
5,-1,92.93,92.96,10249.10349,100
100,-1,92.93,92.96,10249.10351,100
100,-1,92.93,92.96,10249.10353,100
100,-1,92.93,92.96,10249.10358,100
45,-1,92.93,92.96,10249.1036,100
100,-1,92.93,92.96,10249.10368,100
100,-1,92.93,92.95,10253.22476,100
50,-1,92.94,92.95,10253.29156,100
100,-1,92.94,92.95,10253.29227,100
50,-1,92.92,92.95,10255.40782,200
50,-1,92.92,92.94,10256.8617,200
100,-1,92.91,92.94,10256.86176,100
100,-1,92.91,92.93,10261.20738,100
55,-1,92.91,92.93,10261.20748,100
100,1,92.92,92.9,10271.9531,300
100,1,92.92,92.9,10271.95318,300
5,1,92.92,92.9,10271.9532,300
100,1,92.92,92.9,10271.95322,300
100,1,92.92,92.9,10271.95324,200
95,1,92.92,92.9,10271.95328,200
100,1,92.92,92.9,10271.95347,100
100,1,92.92,92.9,10271.95349,100
100,1,92.92,92.91,10271.95417,100
2,-1,92.91,92.94,10271.95426,200
100,-1,92.91,92.94,10271.95428,200
50,-1,92.91,92.94,10271.95431,200
100,1,92.94,92.92,10271.95586,200
42,-1,92.92,92.94,10271.95595,200
100,1,92.94,92.92,10271.95641,100
50,-1,92.92,92.94,10271.9565,100
100,-1,92.92,92.94,10271.96001,100
50,1,92.94,92.91,10297.44494,200
6,1,92.94,92.91,10297.44501,200
94,1,92.94,92.91,10297.44504,200
50,1,92.96,92.93,10299.66826,100
52,-1,92.94,92.96,10299.68099,300
98,-1,92.94,92.96,10299.69171,200
2,-1,92.94,92.96,10301.25673,100
100,-1,92.93,92.96,10303.00668,100
100,1,92.96,92.94,10308.05522,100
56,-1,92.94,92.98,10308.05529,100
52,-1,92.94,92.98,10308.05535,100
100,-1,92.94,92.98,10308.06212,300
100,1,92.97,92.96,10322.78399,100
5,-1,92.97,92.99,10322.78734,200
100,1,92.99,92.97,10332.59119,200
100,1,92.99,92.97,10332.59145,200
100,1,92.99,92.98,10332.59196,200
100,1,92.99,92.98,10332.59206,100
100,1,93,92.98,10332.59571,200
100,1,93,92.98,10332.59581,100
100,1,93.01,92.99,10333.10728,100
100,1,93.02,92.99,10333.10779,200
100,1,93.03,93,10337.39083,300
100,1,93.03,93.01,10337.39134,300
100,1,93.03,93.01,10337.39142,300
100,1,93.03,93.01,10337.39144,300
100,-1,93.02,93.05,10341.87,300
100,-1,93.02,93.05,10343.19716,200
100,-1,93.02,93.05,10343.19718,200
100,1,93.04,93.02,10346.83048,100
61,-1,93.03,93.06,10355.5909,200
39,-1,93.03,93.07,10378.21453,300
100,1,93.06,93.03,10378.51003,100
61,1,93.06,93.03,10410.65969,300
100,-1,93.05,93.06,10410.66091,100
100,1,93.06,93.03,10411.4969,200
50,1,93.06,93.03,10413.7426,200
100,1,93.06,93.03,10413.74286,200
100,-1,93.05,93.08,10413.74354,100
39,-1,93.05,93.09,10413.75594,100
13,-1,93.05,93.09,10413.77101,100
50,-1,93.04,93.06,10413.78482,200
37,-1,93.04,93.06,10414.43833,200
13,1,93.07,93.06,10421.83147,100
100,1,93.06,93.05,10423.26468,200
100,-1,93.05,93.06,10423.26646,100
25,-1,93.05,93.06,10423.26659,100
94,-1,93.04,93.05,10423.27221,200
6,-1,93.04,93.05,10423.2724,200
19,-1,93.04,93.05,10423.2725,200
50,-1,93.04,93.05,10423.27252,200
75,1,93.05,93.04,10423.27383,200
50,-1,93.02,93.04,10423.27595,100
75,-1,93.02,93.04,10423.27791,100
100,-1,93.02,93.04,10423.27825,100
100,-1,93.02,93.04,10423.2787,100
60,-1,93.02,93.04,10423.27921,100
4,-1,93.02,93.04,10423.27935,100
100,-1,93.02,93.04,10423.27965,100
28,-1,93.02,93.04,10423.28535,100
100,-1,93.02,93.04,10423.28544,100
1,-1,93.01,93.03,10423.30429,400
72,-1,93.01,93.03,10423.31565,300
100,-1,92.99,93.02,10441.6565,100
100,-1,92.99,93.02,10445.7762,100
100,-1,92.97,93,10446.27809,100
50,-1,92.95,92.99,10446.36951,200
50,-1,92.95,92.99,10446.36962,200
50,-1,92.95,92.98,10449.2359,100
100,-1,92.95,92.98,10452.61464,100
100,-1,92.98,93,10454.63505,100
100,1,93,92.98,10454.63572,100
100,1,93,92.98,10454.63586,100
5,1,93.01,92.99,10454.63956,100
100,-1,92.99,93.02,10457.8573,200
45,-1,92.99,93.02,10459.81531,100
100,-1,92.99,93.02,10459.81536,100
100,-1,92.97,93.01,10470.31426,100
100,-1,92.97,93.01,10470.31438,100
100,-1,92.96,93.01,10470.31444,100
5,-1,92.96,93,10470.31456,100
100,-1,92.95,92.99,10470.3148,100
45,-1,92.95,92.99,10470.31491,100
100,-1,92.95,92.99,10470.316,100
27,-1,92.95,92.99,10470.31642,100
1,-1,92.95,92.97,10470.31678,100
100,-1,92.95,92.97,10470.31691,100
100,-1,92.94,92.97,10470.31754,100
100,-1,92.94,92.97,10470.31766,100
200,1,92.97,92.94,10470.31782,100
100,-1,92.94,92.97,10470.31787,100
100,-1,92.94,92.97,10470.32177,100
100,-1,92.94,92.97,10470.32184,100
100,1,92.97,92.91,10473.29807,100
100,1,92.97,92.91,10473.29842,100
100,1,92.97,92.91,10473.29855,100
100,1,92.97,92.91,10473.29869,100
4,1,92.97,92.91,10473.29889,100
96,1,93,92.94,10474.71083,200
4,-1,92.94,93,10474.72691,200
96,-1,92.94,93,10474.73773,200
50,-1,92.94,93,10474.76425,200
54,-1,92.94,93,10474.77751,200
100,-1,92.94,93,10474.78825,200
46,-1,92.94,93,10474.79929,200
54,-1,92.94,93,10474.81106,200
46,1,93,92.94,10474.81391,100
3,-1,92.94,92.98,10474.831,200
100,-1,92.94,92.98,10474.8449,200
100,-1,92.94,92.98,10474.85694,200
100,-1,92.94,92.98,10474.86313,200
100,-1,92.94,92.98,10474.87221,200
200,-1,92.93,92.98,10474.87396,100
100,-1,92.93,92.97,10474.89201,100
100,-1,92.9,92.96,10474.92384,200
100,1,92.97,92.9,10474.93871,100
1,-1,92.91,92.97,10474.95749,200
20,-1,92.93,92.97,10475.00023,2800
39,-1,92.92,92.96,10475.00853,100
100,-1,92.91,92.96,10475.01175,200
25,-1,92.91,92.95,10475.02827,500
50,-1,92.91,92.95,10475.04372,500
25,-1,92.91,92.95,10475.05903,300
100,-1,92.91,92.95,10475.07242,300
50,-1,92.91,92.95,10475.08773,200
100,-1,92.91,92.95,10475.10555,700
50,1,92.94,92.91,10475.12687,100
100,-1,92.9,92.95,10475.16881,200
100,-1,92.9,92.95,10475.18301,200
100,-1,92.89,92.95,10475.21587,1200
100,1,92.94,92.86,10475.50132,100
100,1,92.95,92.91,10484.7919,200
100,1,92.95,92.91,10484.79205,100
100,1,92.97,92.91,10491.24359,100
2,1,92.97,92.91,10491.24368,100
100,1,92.99,92.92,10491.24457,100
200,-1,92.93,92.99,10496.24766,200
3,-1,92.93,92.99,10496.24793,200
100,-1,92.93,92.99,10496.24916,200
100,-1,92.93,92.99,10496.24981,200
100,-1,92.93,92.99,10496.25039,200
100,-1,92.93,92.99,10496.25392,200
200,1,92.99,92.94,10521.258,100
100,-1,92.94,92.99,10534.86197,200
100,-1,92.94,92.99,10535.45975,200
100,1,93.02,92.96,10541.15031,100
100,1,93.02,92.96,10541.1504,100
100,1,93.05,93.01,10568.79963,100
100,1,93.06,93.02,10568.80013,100
1106,1,93.09,93.03,10569.65128,400
100,1,93.09,93.03,10569.65281,400
15,1,93.09,93.03,10569.65418,300
85,-1,93.04,93.09,10569.66165,100
10,-1,93.03,93.09,10572.03574,100
10,-1,93.03,93.09,10576.45112,200
5,-1,93.03,93.08,10579.32038,200
200,-1,93.03,93.08,10579.32062,200
100,-1,93.03,93.07,10579.32094,200
100,-1,93.03,93.07,10579.32102,200
100,1,93.07,93.03,10579.32105,200
100,-1,93.03,93.07,10579.32117,100
100,-1,93.03,93.07,10579.32119,100
100,-1,93.03,93.07,10579.32122,100
100,-1,93.03,93.07,10579.32143,100
100,-1,93.03,93.06,10579.32263,200
200,-1,93.03,93.06,10579.32591,200
300,-1,93.03,93.06,10579.32599,100
100,1,93.06,93.03,10579.33564,200
148,-1,93.03,93.06,10579.3512,100
52,1,93.06,93.03,10579.4343,200
100,-1,93.03,93.06,10582.25171,100
28,-1,93.03,93.06,10589.07273,100
72,1,93.08,93.04,10602.50113,100
100,-1,93.04,93.08,10607.72097,100
200,1,93.09,93.05,10621.67044,200
5,1,93.09,93.08,10632.00895,100
100,1,93.09,93.08,10632.00898,100
100,1,93.09,93.08,10632.0091,100
100,1,93.09,93.08,10632.00913,100
100,1,93.09,93.08,10632.00928,100
45,1,93.1,93.08,10632.00938,100
200,1,93.1,93.08,10632.00946,100
5,-1,93.09,93.1,10632.09604,100
100,-1,93.09,93.1,10632.09617,100
50,-1,93.09,93.1,10632.09668,100
5,1,93.09,93.08,10632.09676,100
95,1,93.1,93.08,10632.10225,100
55,1,93.1,93.08,10632.98006,100
25,1,93.1,93.08,10635.1057,100
100,-1,93.09,93.12,10635.61905,100
100,1,93.12,93.1,10651.39437,100
20,1,93.12,93.11,10651.3945,100
100,1,93.12,93.11,10651.3946,100
100,1,93.13,93.11,10651.395,100
11,1,93.15,93.11,10652.47956,100
4,1,93.17,93.13,10657.48456,200
96,-1,93.17,93.2,10675.12783,100
1,1,93.21,93.17,10675.13034,100
49,1,93.21,93.18,10675.47783,100
51,-1,93.18,93.21,10678.26552,300
10,-1,93.18,93.21,10678.26603,300
100,-1,93.18,93.21,10694.59611,200
2,-1,93.18,93.19,10694.59722,200
2,-1,93.18,93.19,10694.59724,200
2,-1,93.18,93.19,10694.59754,200
2,-1,93.17,93.18,10694.59886,100
2,-1,93.14,93.16,10694.61336,200
2,-1,93.14,93.15,10695.22368,100
2,-1,93.14,93.15,10695.612,100
2,-1,93.14,93.15,10696.66369,100
2,-1,93.13,93.15,10697.17734,800
2,1,93.17,93.13,10697.82233,200
2,1,93.15,93.13,10701.24312,200
2,-1,93.13,93.15,10711.29897,400
100,-1,93.13,93.15,10711.29922,400
100,1,93.14,93.13,10711.2995,100
100,-1,93.13,93.14,10711.29961,400
5,-1,93.12,93.14,10711.29971,100
2,-1,93.12,93.14,10711.29972,100
100,-1,93.12,93.13,10711.30034,100
100,-1,93.1,93.12,10711.53156,200
100,-1,93.1,93.12,10712.76582,200
100,-1,93.11,93.12,10715.45403,100
1,1,93.12,93.11,10715.45411,100
99,-1,93.11,93.14,10715.45416,100
100,-1,93.12,93.13,10724.77398,300
1,-1,93.12,93.13,10725.10854,200
120,1,93.13,93.12,10725.50338,100
100,1,93.14,93.12,10731.91815,100
100,1,93.14,93.12,10733.12259,200
100,1,93.14,93.12,10733.20109,100
100,-1,93.12,93.13,10734.5695,200
100,-1,93.12,93.13,10734.56959,200
100,-1,93.12,93.13,10734.56988,200
100,-1,93.12,93.13,10734.56999,200
2,-1,93.12,93.13,10734.57015,200
50,-1,93.12,93.13,10734.57024,100
1,-1,93.12,93.13,10734.57031,100
100,-1,93.12,93.13,10734.5704,100
1,-1,93.12,93.13,10734.5705,100
100,1,93.13,93.1,10734.57104,200
100,-1,93.1,93.12,10734.57385,100
100,1,93.12,93.1,10734.57404,100
100,1,93.12,93.1,10734.57414,100
47,1,93.12,93.1,10734.57416,100
100,1,93.12,93.1,10734.57438,100
100,1,93.12,93.1,10734.57468,100
200,1,93.13,93.1,10734.57508,100
100,1,93.14,93.12,10747.76426,100
100,1,93.13,93.12,10755.13561,200
100,-1,93.12,93.15,10755.19548,200
100,-1,93.12,93.13,10755.49185,200
400,1,93.13,93.12,10755.62726,200
100,-1,93.12,93.13,10755.62765,100
100,-1,93.12,93.13,10755.62777,100
100,1,93.13,93.1,10755.62912,200
100,1,93.11,93.1,10756.37501,200
100,1,93.11,93.1,10756.37505,200
100,-1,93.1,93.12,10756.37532,100
100,-1,93.1,93.12,10756.37536,100
50,1,93.11,93.1,10757.47643,100
50,-1,93.1,93.11,10757.60294,100
100,-1,93.1,93.11,10757.60304,100
100,-1,93.1,93.11,10757.60315,100
150,-1,93.1,93.11,10757.60332,100
32,1,93.11,93.08,10757.60471,100
68,1,93.11,93.08,10757.62465,100
32,1,93.11,93.08,10757.62468,100
18,-1,93.08,93.1,10759.47466,100
100,-1,93.08,93.1,10759.47476,100
100,1,93.09,93.08,10759.47669,100
200,-1,93.08,93.12,10759.4771,200
100,-1,93.09,93.12,10759.48151,400
100,-1,93.09,93.12,10759.49237,300
100,-1,93.09,93.12,10766.94888,300
100,-1,93.09,93.11,10767.22981,100
100,1,93.11,93.09,10767.23186,100
100,1,93.11,93.09,10767.23558,100
100,-1,93.09,93.11,10767.24259,100
100,1,93.11,93.09,10767.24266,100
100,-1,93.09,93.12,10767.24472,100
200,1,93.12,93.09,10767.82929,200
100,-1,93.09,93.11,10767.82939,100
100,1,93.11,93.09,10767.84332,200
100,-1,93.09,93.11,10769.10561,200
200,1,93.11,93.09,10769.10572,200
100,1,93.1,93.09,10769.18944,100
100,-1,93.09,93.12,10769.19115,300
100,-1,93.09,93.12,10769.19123,300
100,-1,93.09,93.12,10769.19139,400
100,1,93.12,93.1,10769.28397,100
100,1,93.12,93.1,10769.42376,100
100,-1,93.11,93.12,10769.50825,200
100,-1,93.11,93.12,10771.23021,100
51,1,93.12,93.09,10771.23185,200
200,1,93.12,93.09,10771.23315,100
100,1,93.12,93.09,10772.61622,100
300,-1,93.09,93.11,10776.45966,200
100,-1,93.09,93.11,10776.46698,200
49,-1,93.09,93.11,10776.47187,200
100,-1,93.09,93.11,10776.48415,200
100,-1,93.09,93.12,10776.583,200
100,1,93.1,93.09,10777.7187,100
51,-1,93.09,93.1,10783.12242,200
49,-1,93.09,93.1,10783.12423,200
100,-1,93.09,93.1,10783.12434,200
100,-1,93.08,93.1,10786.53035,200
100,1,93.1,93.08,10790.5075,300
7,-1,93.08,93.1,10791.65594,300
7,-1,93.09,93.1,10794.36649,200
93,-1,93.09,93.1,10794.37086,200
57,-1,93.09,93.1,10794.37315,100
100,-1,93.09,93.1,10794.37711,100
100,-1,93.09,93.1,10794.37744,100
100,-1,93.09,93.1,10794.37789,100
200,-1,93.08,93.1,10794.37909,200
100,1,93.09,93.08,10794.38315,100
100,-1,93.08,93.09,10796.52928,200
100,-1,93.08,93.09,10796.53392,200
3,-1,93.08,93.09,10796.53781,200
199,1,93.09,93.08,10796.54038,100
100,1,93.09,93.08,10801.09342,100
12,1,93.1,93.08,10802.88344,200
245,-1,93.09,93.1,10802.88461,100
100,-1,93.09,93.1,10802.88469,100
100,1,93.1,93.08,10804.43378,200
33,1,93.1,93.08,10808.45109,100
2,1,93.12,93.08,10808.45332,100
100,-1,93.09,93.13,10810.21363,100
200,1,93.11,93.08,10811.43167,100
67,-1,93.08,93.12,10824.44422,200
33,-1,93.08,93.12,10824.44427,200
67,-1,93.08,93.12,10824.44434,200
100,-1,93.08,93.12,10824.44439,200
100,-1,93.08,93.12,10824.44448,200
33,-1,93.08,93.12,10824.44451,200
100,-1,93.08,93.12,10824.44463,200
10,-1,93.08,93.12,10824.44465,200
100,1,93.12,93.08,10824.44468,300
67,-1,93.08,93.12,10824.44478,200
100,-1,93.08,93.12,10824.44486,200
33,-1,93.08,93.12,10824.44488,200
90,-1,93.08,93.12,10824.4449,200
100,-1,93.08,93.12,10824.44493,200
50,-1,93.08,93.1,10824.44706,100
50,1,93.1,93.06,10824.55315,200
15,-1,93.06,93.1,10825.57906,100
100,-1,93.03,93.09,10825.5797,100
100,1,93.07,93.01,10832.84284,100
100,1,93.07,93.01,10832.84946,100
100,1,93.06,93.01,10847.697,100
100,1,93.06,93.01,10849.85107,200
100,-1,93.01,93.05,10870.01793,100
15,-1,93.01,93.05,10877.53084,100
32,-1,93.01,93.03,10878.0416,100
186,-1,93.02,93.03,10878.05173,100
200,1,93.02,93.01,10879.5095,100
67,1,93.02,93,10879.50963,100
33,1,93.02,93,10879.50968,100
67,-1,93.01,93.02,10879.51067,100
1,1,93.02,92.99,10879.51427,100
99,-1,92.97,93.01,10883.48248,100
100,1,93.01,93,10893.19536,100
50,1,93.02,93,10893.19559,100
50,1,93.04,93,10893.94977,200
100,1,93.04,93,10894.70579,100
100,1,93.05,93.01,10894.70613,300
1,1,93.05,93.01,10894.70641,100
100,1,93.05,93.02,10894.70724,100
100,1,93.05,93.02,10894.7073,100
100,1,93.05,93.03,10894.70771,100
100,-1,93.02,93.06,10895.26022,200
100,-1,93.02,93.06,10895.26195,200
100,1,93.06,93.02,10896.30123,700
200,1,93.06,93.02,10896.30128,700
100,1,93.06,93.02,10896.30131,700
100,1,93.06,93.02,10896.30134,700
100,1,93.06,93.02,10896.30151,700
100,1,93.06,93.02,10896.30178,700
100,1,93.06,93.03,10896.30477,400
99,1,93.06,93.03,10896.30556,200
1,1,93.06,93.03,10896.30591,100
100,1,93.06,93.04,10900.07499,100
100,1,93.07,93.04,10900.07723,100
100,1,93.08,93.05,10906.55069,100
200,1,93.09,93.06,10907.08037,300
67,1,93.1,93.06,10919.30564,100
100,1,93.1,93.07,10923.13918,100
67,1,93.1,93.07,10923.13921,100
100,1,93.1,93.07,10923.13944,100
100,1,93.1,93.07,10923.13947,100
133,1,93.1,93.07,10923.13953,100
100,1,93.1,93.07,10923.13958,100
100,1,93.1,93.09,10923.13995,100
100,-1,93.09,93.12,10923.14006,100
67,-1,93.12,93.15,10933.22819,200
33,-1,93.12,93.15,10933.22829,200
100,-1,93.12,93.15,10934.84784,200
31,1,93.15,93.12,10940.29397,100
100,1,93.15,93.12,10940.2962,100
100,1,93.15,93.12,10940.29628,100
11,1,93.15,93.13,10943.5871,100
100,1,93.15,93.13,10945.65459,100
100,1,93.15,93.14,10945.65506,100
100,1,93.17,93.16,10958.94921,100
100,1,93.18,93.16,10958.94932,100
100,1,93.2,93.16,10958.94964,500
100,1,93.2,93.17,10968.59799,100
100,-1,93.18,93.21,10968.65928,100
100,-1,93.18,93.21,10968.65939,100
100,-1,93.18,93.21,10968.65965,100
200,-1,93.18,93.21,10968.65967,100
100,-1,93.18,93.19,10968.66388,100
50,1,93.2,93.17,10968.77429,100
50,1,93.2,93.17,10969.91675,100
50,1,93.21,93.17,10971.91385,200
50,1,93.21,93.19,10975.50631,100
50,1,93.21,93.19,10975.50642,100
100,-1,93.19,93.21,10977.95107,100
100,-1,93.17,93.21,10977.95144,200
3,-1,93.19,93.2,10978.41235,100
100,1,93.2,93.17,10979.02467,100
100,-1,93.17,93.19,10986.99838,100
100,1,93.19,93.17,10986.99852,200
73,-1,93.17,93.18,10986.99903,100
100,-1,93.15,93.16,10994.0363,100
15,1,93.16,93.13,10994.1415,100
100,1,93.16,93.13,10999.63998,100
1,-1,93.13,93.16,11005.31002,100
100,-1,93.13,93.16,11005.3106,100
100,-1,93.12,93.16,11005.311,400
100,1,93.14,93.09,11020.43433,200
100,1,93.14,93.09,11020.43942,200
15,1,93.13,93.09,11027.87634,100
100,1,93.13,93.12,11051.59032,100
1,1,93.13,93.12,11051.59169,100
49,1,93.13,93.12,11051.59387,100
50,1,93.16,93.13,11064.48701,100
50,1,93.19,93.15,11065.48773,100
151,-1,93.15,93.19,11067.89256,100
100,-1,93.16,93.21,11081.0406,100
100,-1,93.16,93.21,11086.85574,200
150,1,93.21,93.16,11086.85577,100
50,1,93.17,93.16,11086.99034,100
100,-1,93.16,93.17,11091.42486,100
100,-1,93.16,93.17,11091.42493,100
50,-1,93.16,93.17,11091.4252,100
100,1,93.17,93.14,11091.48527,100
200,1,93.17,93.16,11100.82564,100
7,1,93.17,93.16,11100.86117,100
149,-1,93.16,93.17,11102.61925,100
100,1,93.17,93.16,11114.18043,100
100,1,93.17,93.15,11117.09243,100
37,1,93.17,93.15,11117.09253,100
13,1,93.17,93.15,11117.09264,100
100,1,93.18,93.16,11117.09566,100
100,1,93.17,93.16,11118.58638,100
24,1,93.17,93.16,11118.58645,100
38,1,93.17,93.16,11118.58654,100
12,1,93.18,93.16,11118.58658,100
88,1,93.18,93.16,11118.58708,100
1,-1,93.15,93.18,11120.26616,200
39,-1,93.15,93.18,11129.01343,200
62,-1,93.15,93.18,11129.01348,200
100,1,93.17,93.15,11129.01359,100
50,-1,93.15,93.16,11129.0138,100
100,1,93.16,93.13,11129.01391,100
50,1,93.16,93.13,11129.12214,100
15,1,93.16,93.13,11135.29741,100
5,1,93.18,93.13,11135.2975,100
17,1,93.18,93.13,11135.29753,100
13,1,93.18,93.13,11135.2976,100
33,1,93.18,93.14,11135.29986,100
100,-1,93.16,93.18,11137.31841,200
39,1,93.17,93.15,11138.71134,100
3,1,93.17,93.15,11138.71614,100
3,-1,93.14,93.17,11148.50311,200
20,-1,93.14,93.17,11148.50315,200
15,-1,93.14,93.17,11148.50346,200
47,-1,93.14,93.17,11148.50364,200
10,-1,93.14,93.17,11148.50366,200
10,-1,93.14,93.17,11148.50372,200
100,-1,93.14,93.17,11148.50375,200
4,-1,93.14,93.17,11148.50378,200
46,-1,93.14,93.17,11148.5038,200
6,-1,93.14,93.17,11148.50383,200
44,-1,93.14,93.17,11148.50386,200
84,-1,93.12,93.16,11148.51081,400
16,-1,93.11,93.16,11149.48186,400
15,1,93.16,93.11,11174.05158,100
100,1,93.16,93.11,11174.05186,100
100,1,93.16,93.11,11174.05196,100
19,1,93.16,93.11,11174.05199,100
100,1,93.16,93.14,11174.0523,100
100,1,93.17,93.14,11174.05238,100
200,1,93.17,93.13,11174.08951,100
200,-1,93.13,93.17,11189.80964,100
20,-1,93.11,93.16,11194.61095,100
2,-1,93.11,93.16,11194.61113,100
100,1,93.17,93.14,11219.96793,100
8,1,93.18,93.15,11227.68448,100
3,1,93.18,93.15,11227.68451,100
100,1,93.18,93.15,11235.3581,100
11,1,93.18,93.16,11236.67929,100
89,-1,93.18,93.21,11236.69462,100
50,1,93.21,93.19,11243.665,100
50,1,93.21,93.19,11243.66504,100
10,-1,93.19,93.23,11243.66523,200
29,1,93.27,93.23,11256.6114,100
20,-1,93.24,93.27,11257.02633,100
200,-1,93.24,93.27,11257.02665,100
10,-1,93.21,93.25,11261.62602,300
10,-1,93.21,93.25,11261.62608,300
75,-1,93.21,93.25,11261.6317,300
20,-1,93.21,93.25,11261.63367,200
5,-1,93.21,93.25,11261.63377,200
15,-1,93.21,93.25,11261.63446,200
55,-1,93.21,93.25,11261.63451,200
5,-1,93.21,93.25,11261.63504,100
100,-1,93.21,93.25,11261.63512,100
100,-1,93.21,93.25,11261.6354,100
5,-1,93.2,93.23,11261.6368,100
20,-1,93.2,93.23,11261.6374,100
80,1,93.21,93.2,11263.2292,100
100,-1,93.2,93.21,11263.36065,200
50,-1,93.2,93.21,11263.36869,200
50,-1,93.2,93.21,11263.36936,200
45,1,93.21,93.19,11268.42845,100
55,1,93.21,93.2,11269.28084,100
45,1,93.21,93.2,11269.28093,100
100,1,93.21,93.2,11269.28094,100
100,1,93.21,93.2,11269.28104,100
50,1,93.22,93.19,11269.2847,100
50,1,93.21,93.2,11269.28603,100
50,1,93.21,93.19,11270.48245,100
100,-1,93.19,93.2,11274.76133,100
95,-1,93.18,93.2,11274.76517,100
5,-1,93.18,93.21,11274.78788,100
150,-1,93.18,93.21,11274.78883,100
100,-1,93.18,93.21,11274.87745,100
100,1,93.19,93.18,11275.17676,100
100,-1,93.18,93.19,11277.19449,100
50,-1,93.18,93.19,11277.19457,100
50,-1,93.18,93.19,11277.1948,100
100,-1,93.17,93.19,11277.195,100
100,1,93.18,93.16,11278.66525,100
4,1,93.18,93.17,11278.66568,100
100,1,93.18,93.17,11278.6657,100
100,1,93.18,93.17,11279.77851,100
100,1,93.18,93.17,11279.77905,100
6,-1,93.17,93.18,11279.81077,100
100,-1,93.17,93.18,11279.81106,100
100,-1,93.17,93.18,11279.81123,100
100,-1,93.17,93.18,11279.81138,100
100,-1,93.16,93.18,11279.81169,400
64,-1,93.17,93.18,11283.165,200
84,-1,93.17,93.18,11283.1651,200
16,-1,93.16,93.18,11290.63014,200
400,-1,93.16,93.18,11291.52481,200
300,-1,93.16,93.18,11291.52523,200
1,-1,93.15,93.17,11296.83416,200
36,1,93.16,93.15,11296.83488,100
16,-1,93.15,93.16,11296.83571,200
2,-1,93.14,93.16,11296.83651,200
100,-1,93.14,93.16,11296.8366,200
100,-1,93.14,93.16,11296.83761,200
98,1,93.16,93.13,11296.93779,100
2,-1,93.15,93.16,11298.55731,300
100,-1,93.15,93.16,11298.55756,300
2,-1,93.15,93.16,11299.04306,100
100,1,93.16,93.15,11312.47652,100
200,1,93.16,93.15,11312.47655,100
100,1,93.16,93.15,11312.47657,100
100,1,93.16,93.15,11312.47665,100
100,1,93.17,93.15,11312.47696,100
100,-1,93.16,93.17,11312.4773,200
8,-1,93.16,93.19,11312.48189,200
100,1,93.19,93.17,11312.48405,100
3,1,93.19,93.16,11329.55868,200
1,1,93.19,93.16,11329.55879,100
100,1,93.19,93.16,11329.55887,100
49,1,93.19,93.17,11329.55912,100
51,1,93.21,93.17,11329.56103,100
100,-1,93.18,93.21,11329.56572,100
5,-1,93.18,93.21,11329.57862,100
50,-1,93.18,93.22,11341.0028,100
45,-1,93.19,93.23,11341.00396,100
100,-1,93.17,93.23,11342.64537,100
100,-1,93.16,93.21,11342.64683,100
100,-1,93.15,93.21,11342.64699,200
100,-1,93.15,93.21,11342.64704,200
200,-1,93.16,93.19,11342.64829,100
100,-1,93.16,93.19,11342.64841,100
100,-1,93.15,93.19,11342.65048,200
100,-1,93.15,93.19,11342.65078,100
100,-1,93.15,93.19,11342.65083,100
100,-1,93.14,93.18,11342.65117,100
51,-1,93.14,93.18,11342.65607,100
49,1,93.15,93.14,11342.67149,100
100,1,93.15,93.14,11342.67155,100
100,1,93.15,93.14,11342.67166,100
2,1,93.15,93.14,11342.67168,100
98,1,93.15,93.14,11342.67176,100
3,-1,93.15,93.19,11342.67221,100
97,-1,93.15,93.19,11342.67232,100
100,-1,93.15,93.16,11342.67273,100
3,-1,93.15,93.16,11342.67283,100
100,-1,93.15,93.19,11342.67508,100
49,-1,93.15,93.19,11342.67511,100
100,-1,93.14,93.18,11342.6756,300
51,1,93.15,93.14,11342.68239,100
51,-1,93.14,93.15,11342.78942,200
55,-1,93.14,93.15,11342.79862,100
45,-1,93.14,93.15,11342.90423,100
45,1,93.15,93.14,11343.55007,100
10,-1,93.14,93.15,11345.4122,100
100,-1,93.14,93.15,11345.41568,100
100,-1,93.14,93.15,11345.64919,100
100,1,93.14,93.13,11345.64962,100
100,-1,93.13,93.14,11345.65012,300
500,-1,93.13,93.14,11345.65023,200
100,-1,93.13,93.14,11345.65025,200
100,-1,93.12,93.15,11360.10383,200
35,1,93.14,93.12,11370.88601,200
65,1,93.15,93.13,11387.68442,200
100,-1,93.13,93.15,11387.79737,200
100,-1,93.13,93.15,11387.79762,200
35,-1,93.13,93.15,11387.79787,200
100,1,93.15,93.13,11387.79883,200
100,-1,93.13,93.15,11387.79959,200
100,-1,93.13,93.15,11387.7997,200
100,-1,93.13,93.15,11387.7998,200
3,-1,93.13,93.15,11387.79989,200
97,-1,93.11,93.13,11387.84493,100
26,1,93.13,93.11,11387.84664,100
1,-1,93.11,93.13,11387.92241,100
100,-1,93.11,93.13,11388.42249,100
100,1,93.13,93.11,11388.42709,100
5,-1,93.11,93.13,11388.59259,100
80,-1,93.09,93.13,11388.59293,400
15,-1,93.08,93.13,11392.56118,500
20,-1,93.08,93.1,11403.6996,100
20,-1,93.08,93.1,11403.70047,100
80,-1,93.07,93.09,11404.04896,200
20,1,93.08,93.07,11404.05059,100
47,1,93.08,93.04,11404.7157,100
33,1,93.07,93.03,11415.54439,200
100,-1,93.04,93.08,11417.33113,100
52,-1,93.04,93.08,11417.33117,100
80,-1,93.04,93.08,11417.33126,100
5,-1,93.03,93.07,11417.33156,100
35,-1,93.03,93.07,11417.33163,100
80,-1,93.03,93.07,11417.33169,100
73,-1,93.01,93.06,11421.51809,100
65,1,93.06,93.04,11423.10727,200
100,1,93.06,93.04,11423.10735,200
100,1,93.06,93.04,11423.10736,200
27,-1,93.04,93.06,11424.73738,100
73,1,93.06,93.04,11428.1175,200
3,1,93.06,93.04,11428.11753,100
80,1,93.06,93.04,11428.11759,100
99,1,93.08,93.04,11428.11761,100
2,1,93.08,93.04,11428.11764,100
1,-1,93.05,93.08,11428.11794,100
99,-1,93.05,93.08,11428.12359,200
100,-1,93.05,93.08,11428.12943,200
200,1,93.08,93.05,11429.67779,100
100,-1,93.05,93.08,11434.25673,200
100,1,93.11,93.05,11458.85537,100
100,1,93.11,93.08,11472.18936,200
100,1,93.11,93.08,11472.18944,200
100,1,93.11,93.08,11472.18953,200
100,-1,93.1,93.15,11473.05117,100
100,-1,93.1,93.13,11513.12296,200
100,-1,93.1,93.13,11513.12332,200
100,-1,93.1,93.13,11513.12337,200
100,-1,93.1,93.12,11513.12376,200
100,1,93.11,93.1,11513.12401,100
100,-1,93.1,93.11,11513.12418,100
100,-1,93.1,93.11,11513.12426,100
100,1,93.1,93.07,11513.12528,200
100,1,93.1,93.07,11513.12598,200
100,1,93.11,93.06,11513.23565,100
100,-1,93.07,93.1,11517.00219,100
100,1,93.1,93.07,11526.94194,100
100,1,93.11,93.08,11526.94285,100
100,1,93.11,93.09,11526.94304,100
100,-1,93.1,93.12,11526.94316,100
51,1,93.12,93.1,11527.67419,100
1,1,93.13,93.1,11527.80004,100
1,1,93.13,93.1,11528.22572,100
100,1,93.13,93.1,11528.22575,100
100,1,93.13,93.1,11528.22581,100
10,1,93.13,93.1,11528.22586,100
100,1,93.13,93.1,11528.22608,100
100,1,93.13,93.11,11528.22662,100
100,1,93.13,93.11,11528.2269,100
100,1,93.13,93.1,11528.43877,100
15,1,93.13,93.11,11528.43915,100
85,-1,93.11,93.13,11528.47118,200
15,-1,93.11,93.13,11528.75536,200
35,-1,93.11,93.13,11528.75657,200
65,1,93.13,93.11,11529.601,100
40,1,93.13,93.11,11529.60103,100
100,1,93.14,93.11,11531.35491,100
35,1,93.14,93.11,11531.355,100
149,1,93.16,93.12,11531.35756,100
7,1,93.16,93.12,11531.35799,100
33,1,93.16,93.12,11531.35921,100
8,1,93.22,93.13,11532.3979,400
100,1,93.21,93.14,11532.69732,200
1,-1,93.14,93.2,11534.9896,200
8,1,93.2,93.14,11535.76489,100
100,-1,93.16,93.21,11542.05445,100
92,-1,93.15,93.21,11542.05456,200
8,-1,93.15,93.21,11542.05457,200
165,-1,93.15,93.21,11542.05544,100
100,-1,93.14,93.19,11542.05759,200
1,-1,93.14,93.19,11542.05802,200
49,-1,93.14,93.19,11542.05815,100
49,-1,93.14,93.18,11542.05848,100
2,1,93.18,93.13,11542.05871,100
48,1,93.14,93.13,11542.07352,100
2,1,93.14,93.13,11542.15612,100
100,-1,93.14,93.19,11542.16614,200
100,1,93.19,93.13,11547.26378,200
100,-1,93.13,93.18,11553.41745,200
100,-1,93.12,93.18,11553.41753,500
5,1,93.12,93.1,11553.91496,200
100,-1,93.12,93.13,11553.91925,100
100,-1,93.13,93.16,11557.98162,100
100,-1,93.12,93.16,11557.98207,500
7,1,93.13,93.12,11558.03818,100
7,1,93.13,93.12,11558.03891,100
2,-1,93.12,93.13,11559.16851,500
7,-1,93.12,93.13,11559.16858,500
6,-1,93.12,93.13,11559.16869,500
7,-1,93.12,93.13,11559.16871,500
100,-1,93.12,93.13,11559.16873,500
67,-1,93.12,93.13,11559.1689,500
33,-1,93.12,93.13,11559.16917,500
67,-1,93.12,93.13,11559.16919,500
100,-1,93.12,93.13,11559.16924,500
33,-1,93.12,93.13,11559.16929,500
100,-1,93.12,93.13,11559.1695,500
7,1,93.13,93.12,11559.16958,100
100,1,93.12,93.1,11559.17355,100
64,-1,93.09,93.13,11559.26304,100
100,-1,93.08,93.12,11564.18544,300
91,1,93.12,93.08,11564.18592,100
9,1,93.11,93.09,11564.75161,100
100,1,93.11,93.07,11576.04759,200
60,1,93.11,93.07,11576.04788,200
2,1,93.11,93.07,11576.05466,200
2,1,93.11,93.07,11576.18347,200
100,1,93.12,93.07,11590.00814,200
20,1,93.12,93.07,11590.00823,200
100,1,93.12,93.07,11590.00833,200
200,1,93.11,93.09,11596.49255,100
300,1,93.11,93.09,11596.49261,100
400,1,93.11,93.09,11596.4927,100
2,1,93.11,93.1,11596.49289,100
600,1,93.12,93.1,11596.49299,100
100,1,93.14,93.1,11600.69609,200
96,1,93.14,93.1,11600.69639,200
100,-1,93.11,93.14,11600.70224,100
100,-1,93.11,93.14,11600.70275,100
100,-1,93.09,93.13,11613.05531,100
100,-1,93.09,93.13,11613.05543,100
100,-1,93.1,93.12,11613.06136,100
200,-1,93.1,93.12,11613.06147,100
100,-1,93.12,93.13,11649.44277,100
100,-1,93.12,93.13,11649.44369,100
100,-1,93.12,93.13,11649.4438,100
3,-1,93.12,93.13,11649.44548,100
100,-1,93.12,93.13,11649.44552,100
100,-1,93.12,93.13,11649.44559,100
100,1,93.12,93.11,11649.44595,100
100,1,93.13,93.12,11649.75198,100
100,1,93.13,93.12,11649.75207,100
100,-1,93.13,93.14,11649.75337,100
100,-1,93.13,93.14,11654.42775,100
100,-1,93.13,93.14,11654.53794,100
100,-1,93.13,93.14,11654.53823,100
100,-1,93.11,93.13,11656.84519,100
100,-1,93.11,93.13,11656.84524,100
100,-1,93.11,93.13,11656.84535,100
100,-1,93.11,93.12,11656.84562,100
100,-1,93.11,93.12,11656.84573,100
100,-1,93.1,93.12,11656.8464,300
100,-1,93.1,93.12,11656.84669,100
2,1,93.1,93.07,11662.35444,200
15,1,93.1,93.08,11664.35472,100
100,1,93.1,93.07,11666.35514,100
100,-1,93.08,93.12,11666.35631,100
100,1,93.11,93.07,11667.74232,100
5,1,93.11,93.08,11669.56316,100
100,1,93.1,93.08,11669.56326,100
100,1,93.1,93.08,11679.9503,100
100,1,93.1,93.08,11679.95045,100
100,1,93.1,93.08,11679.95311,100
100,-1,93.09,93.11,11679.95519,100
100,-1,93.09,93.11,11679.95589,100
100,-1,93.09,93.11,11679.95628,100
100,-1,93.09,93.11,11679.95796,100
33,1,93.1,93.09,11679.95904,100
100,-1,93.09,93.11,11680.3087,200
84,1,93.11,93.09,11681.88794,100
100,1,93.12,93.11,11691.13221,100
100,-1,93.1,93.13,11693.43616,100
50,-1,93.09,93.11,11693.88294,100
300,-1,93.09,93.11,11693.88346,100
100,-1,93.09,93.11,11693.88397,100
100,-1,93.07,93.09,11696.80031,100
51,1,93.1,93.05,11699.43543,200
50,1,93.09,93.05,11712.29936,100
121,1,93.09,93.05,11712.29972,100
100,1,93.09,93.05,11712.29982,100
100,1,93.09,93.05,11712.29992,100
10,-1,93.07,93.12,11714.27227,200
100,1,93.12,93.06,11722.21305,200
79,1,93.09,93.06,11732.50743,100
90,1,93.09,93.06,11743.44342,200
100,1,93.09,93.06,11743.45329,200
100,1,93.09,93.06,11743.45339,200
300,1,93.08,93.06,11743.45392,100
100,-1,93.06,93.08,11743.87893,100
100,-1,93.06,93.08,11747.83547,100
100,-1,93.05,93.08,11747.83573,100
100,-1,93.05,93.08,11747.83593,100
100,-1,93.05,93.08,11747.83598,100
23,-1,93.05,93.08,11747.83605,100
77,-1,93.05,93.08,11747.83609,100
100,-1,93.05,93.08,11747.83613,100
100,-1,93.05,93.06,11747.83708,100
100,-1,93.05,93.06,11747.8372,100
100,-1,93.05,93.06,11747.83723,100
100,-1,93.05,93.06,11747.83774,100
100,-1,93.04,93.06,11747.83783,400
100,-1,93.04,93.06,11747.83785,400
100,1,93.06,93.02,11750.25414,100
100,-1,93.02,93.05,11751.41282,100
100,-1,93,93.05,11764.88583,100
100,1,93.04,93.01,11767.93031,200
100,1,93.04,93.01,11767.93057,200
100,-1,93.01,93.04,11767.93086,100
100,1,93.04,93.02,11767.93111,100
11,1,93.07,93.02,11774.80634,100
39,-1,93.03,93.08,11776.17685,200
100,1,93.06,93.02,11787.7931,100
2,1,93.11,93.03,11787.80166,400
18,-1,93.06,93.11,11788.79693,100
18,1,93.08,93.04,11809.50271,200
32,-1,93.04,93.08,11818.80951,100
29,-1,93.03,93.08,11818.80976,200
21,-1,93.03,93.08,11818.81008,200
36,-1,93.03,93.08,11818.8104,200
43,-1,93.03,93.08,11818.8105,200
7,-1,93.03,93.08,11818.81055,200
93,-1,93.04,93.07,11818.81228,100
7,-1,93.03,93.06,11818.86751,100
100,-1,93.03,93.06,11822.2506,100
58,1,93.03,92.99,11828.84023,200
7,-1,93.03,93.04,11844.12887,100
200,1,93.04,93.02,11845.0626,200
7,-1,93.02,93.03,11845.06433,100
7,1,93.03,92.99,11845.08735,200
18,-1,93.01,93.03,11873.40467,100
7,-1,93.01,93.02,11884.10564,100
93,1,93.02,93.01,11884.10578,100
53,1,93.02,93.01,11884.1082,100
100,1,93.02,93.01,11884.10833,100
53,-1,93,93.01,11884.57211,100
15,-1,93,93.01,11884.57214,100
65,1,93.02,92.99,11884.66603,100
35,-1,92.99,93.02,11884.66606,100
40,-1,92.99,93,11890.85284,100
100,1,93,92.99,11890.98107,100
19,1,93.01,92.99,11891.85715,100
81,1,93.01,92.99,11891.86022,100
5,-1,92.99,93,11892.25591,100
19,-1,92.99,93,11892.25639,100
25,-1,92.99,93,11892.25641,100
19,1,92.99,92.98,11892.30328,100
56,-1,92.98,92.99,11892.33325,100
100,-1,92.98,92.99,11896.31756,100
82,-1,92.97,92.99,11896.3218,100
18,-1,92.97,92.99,11896.32246,100
100,-1,92.96,92.98,11896.34651,600
15,-1,92.96,92.97,11897.72789,100
3,-1,92.96,92.97,11897.7287,100
100,-1,92.95,92.96,11898.26085,100
36,-1,92.94,92.97,11898.68203,400
100,-1,92.94,92.97,11898.68214,400
300,-1,92.94,92.98,11899.9224,200
100,-1,92.94,92.98,11899.92264,200
86,-1,92.93,92.97,11900.46799,200
14,-1,92.93,92.97,11900.46809,200
100,-1,92.93,92.97,11900.74574,200
14,-1,92.93,92.96,11903.27768,200
100,-1,92.9,92.96,11907.1436,200
100,-1,92.92,92.95,11909.04506,1000
100,-1,92.92,92.95,11910.02733,100
100,-1,92.91,92.95,11913.31919,200
100,1,92.95,92.91,11916.2445,100
100,1,92.94,92.91,11917.17686,100
100,1,92.93,92.92,11917.17785,100
100,1,92.93,92.92,11917.28607,100
100,-1,92.91,92.93,11917.29037,200
100,1,92.93,92.92,11917.32341,100
100,1,92.92,92.91,11917.56223,100
100,1,92.92,92.91,11917.83425,100
100,-1,92.92,92.95,11919.56439,100
50,1,92.95,92.9,11933.43992,200
50,-1,92.89,92.95,11940.19778,200
100,1,92.95,92.93,11941.75075,100
40,-1,92.95,92.99,11946.62461,200
100,-1,92.95,92.98,11957.7342,100
100,1,92.98,92.92,11957.73432,200
100,1,92.98,92.92,11957.73438,300
100,1,92.96,92.91,11961.05789,100
200,-1,92.94,92.96,11995.66689,200
100,1,92.96,92.94,12000.04352,100
100,1,92.96,92.94,12000.0852,100
100,-1,92.95,92.97,12000.08542,100
63,-1,92.95,92.97,12000.08546,100
100,-1,92.95,92.97,12000.08551,100
100,1,92.98,92.95,12002.24046,100
41,-1,92.95,92.99,12006.59011,100
100,1,92.99,92.95,12014.18285,100
100,-1,92.96,92.99,12015.52007,100
100,-1,92.96,92.99,12015.52312,100
100,-1,92.95,92.98,12015.52346,200
100,1,92.98,92.94,12016.83932,200
60,-1,92.94,92.97,12017.46919,100
200,-1,92.97,92.98,12049.15799,100
108,-1,92.97,92.98,12049.15802,100
100,1,92.98,92.97,12049.15873,100
100,1,92.98,92.97,12050.22576,200
100,1,92.98,92.97,12050.22605,200
100,1,92.98,92.97,12050.23435,200
40,1,92.98,92.97,12050.40784,100
1,1,92.99,92.96,12050.5288,100
100,-1,92.98,93,12059.8588,100
60,1,93,92.98,12059.85994,100
40,1,93,92.98,12059.86002,100
18,1,93,92.99,12059.8604,100
42,1,93.01,92.98,12061.43538,100
8,1,93.04,92.99,12066.29117,100
50,-1,93.01,93.04,12067.7529,100
100,-1,93.01,93.04,12070.64579,100
42,-1,93.01,93.04,12070.64592,100
200,-1,93.01,93.04,12070.64597,100
100,1,93.04,93.01,12070.64602,100
100,1,93.04,93.01,12070.64626,100
30,-1,93.01,93.04,12070.65289,100
107,-1,93.01,93.04,12070.66342,100
50,1,93.02,93.01,12070.80827,100
50,1,93.02,93,12071.70552,100
70,1,93.02,93,12071.72078,100
100,-1,93,93.04,12071.72089,200
100,-1,93,93.04,12071.72111,200
100,-1,93,93.04,12071.72831,200
48,-1,93,93.04,12071.72873,200
50,-1,93,93.04,12071.72968,200
2,1,93.04,93,12084.45408,200
52,1,93.04,93.02,12099.09131,100
100,-1,93.02,93.04,12100.00289,100
100,-1,93.02,93.04,12103.2314,100
100,1,93.03,92.99,12103.23548,200
48,1,93.03,92.99,12103.2371,200
52,1,93.03,92.99,12103.26359,300
100,1,93.03,92.99,12121.02402,200
200,1,93.03,92.99,12147.84359,200
148,-1,93.01,93.03,12147.84485,100
100,1,93.03,93,12147.86631,100
52,1,93.03,93,12155.04979,100
133,1,93.03,93,12157.17667,100
67,1,93.03,93,12157.178,100
100,1,93.04,93,12157.17832,100
100,1,93.04,93.01,12161.76356,100
100,1,93.05,93.03,12161.76386,100
100,1,93.08,93.03,12172.84165,100
100,1,93.08,93.04,12172.85602,100
100,1,93.1,93.06,12196.7428,100
100,1,93.1,93.06,12196.74284,100
100,1,93.1,93.06,12196.74286,100
33,-1,93.07,93.11,12196.74412,100
67,1,93.11,93.08,12208.84964,100
33,1,93.08,93.07,12224.53487,100
67,-1,93.07,93.08,12224.53893,200
100,-1,93.07,93.08,12224.54022,200
100,-1,93.07,93.08,12224.54172,200
100,-1,93.07,93.08,12224.5418,200
100,-1,93.05,93.09,12224.65056,500
100,-1,93.05,93.09,12224.65089,500
100,1,93.09,93.05,12224.8446,200
100,1,93.09,93.05,12229.13501,200
100,1,93.09,93.07,12243.18231,100
3,1,93.09,93.07,12243.18269,100
21,1,93.09,93.07,12243.18275,100
100,1,93.1,93.07,12243.18296,100
50,1,93.11,93.09,12243.18473,100
50,1,93.11,93.09,12243.19215,100
50,1,93.11,93.09,12243.19237,100
100,-1,93.09,93.12,12243.94593,200
49,-1,93.09,93.13,12246.48428,100
100,-1,93.09,93.12,12247.94571,100
100,-1,93.09,93.1,12247.94669,100
100,-1,93.08,93.1,12247.94679,100
200,1,93.1,93.07,12247.96049,100
100,1,93.1,93.07,12247.97577,100
100,-1,93.06,93.09,12270.74575,100
69,-1,93.06,93.09,12297.06449,300
100,-1,93.06,93.09,12297.0646,300
14,-1,93.06,93.08,12297.06469,300
100,-1,93.06,93.08,12297.06471,300
102,-1,93.06,93.08,12297.06474,300
100,-1,93.06,93.08,12297.06477,300
100,-1,93.06,93.08,12297.0648,300
100,-1,93.06,93.08,12297.06482,300
100,-1,93.06,93.08,12297.06487,300
100,-1,93.06,93.08,12297.06496,300
50,-1,93.06,93.08,12297.06499,300
100,1,93.07,93.03,12297.07078,100
100,1,93.07,93.03,12297.07084,100
100,1,93.07,93.03,12297.07086,100
100,1,93.07,93.03,12297.07735,100
50,1,93.09,93.03,12297.36812,100
50,1,93.09,93.04,12298.21326,200
50,1,93.08,93.07,12298.21984,100
100,1,93.08,93.07,12298.2219,100
100,1,93.09,93.07,12298.24987,100
100,-1,93.07,93.09,12305.4814,200
100,-1,93.07,93.09,12305.48153,200
100,-1,93.07,93.09,12305.48155,100
100,-1,93.07,93.09,12305.48157,100
300,-1,93.07,93.09,12305.49671,200
100,-1,93.07,93.09,12305.49681,200
200,-1,93.07,93.08,12305.49721,100
100,-1,93.06,93.07,12305.49805,100
20,-1,93.06,93.07,12305.4982,100
100,-1,93.06,93.09,12305.52292,100
38,1,93.08,93.06,12305.69502,100
100,1,93.08,93.06,12305.69521,100
100,-1,93.06,93.08,12307.37146,100
100,-1,93.04,93.06,12310.3884,100
50,1,93.05,93.04,12310.38961,100
200,1,93.05,93.04,12310.41191,100
100,1,93.05,93.04,12310.41195,100
100,-1,93.04,93.05,12310.41672,100
100,1,93.05,93.04,12310.42992,200
90,1,93.05,93.03,12310.43093,200
100,1,93.06,93.02,12310.76768,200
100,-1,93.02,93.06,12310.77101,400
100,-1,93.04,93.06,12310.84819,100
100,1,93.05,93.02,12311.48437,100
100,-1,93.02,93.05,12311.48448,300
100,-1,93.02,93.05,12311.4849,300
100,1,93.05,93.02,12311.52085,200
100,-1,93.01,93.06,12324.67672,200
100,-1,93.01,93.06,12324.67692,200
100,1,93.06,93.01,12324.71286,100
100,1,93.06,93.02,12331.71002,100
100,-1,93.04,93.09,12331.71185,100
100,1,93.08,93.05,12370.43289,100
100,1,93.08,93.05,12370.43648,100
200,1,93.1,93.06,12371.59525,200
100,1,93.1,93.06,12378.15341,100
100,1,93.1,93.07,12384.2802,100
100,-1,93.07,93.1,12385.0679,200
100,1,93.1,93.07,12388.13678,100
22,1,93.11,93.07,12388.13701,100
300,1,93.11,93.08,12388.13711,100
4,1,93.09,93.08,12388.14145,100
1,-1,93.08,93.12,12388.14155,200
100,1,93.09,93.07,12388.14525,100
100,-1,93.08,93.11,12399.96246,200
100,-1,93.08,93.11,12399.96255,200
100,-1,93.08,93.11,12399.96259,200
100,-1,93.08,93.11,12399.96265,200
100,-1,93.08,93.11,12399.96301,200
200,-1,93.08,93.11,12399.96313,200
50,-1,93.08,93.11,12399.96322,200
50,-1,93.08,93.09,12399.96404,100
100,1,93.09,93.07,12399.96414,100
100,1,93.08,93.05,12399.96442,100
100,1,93.07,93.05,12399.97179,100
100,1,93.1,93.05,12400.06016,200
200,1,93.09,93.05,12406.34935,200
100,-1,93.05,93.09,12406.54939,200
100,1,93.1,93.06,12418.12106,100
50,1,93.12,93.08,12418.17694,200
50,1,93.13,93.08,12419.70184,400
50,1,93.13,93.09,12419.70224,400
50,1,93.13,93.09,12419.70236,400
50,-1,93.09,93.13,12420.69971,200
98,1,93.13,93.09,12420.83801,400
100,-1,93.09,93.13,12421.84375,100
100,1,93.1,93.08,12423.75737,100
100,-1,93.08,93.1,12429.26307,100
100,1,93.1,93.08,12429.30124,100
100,-1,93.07,93.09,12438.14788,100
100,-1,93.07,93.09,12438.15028,100
100,-1,93.07,93.1,12444.30453,200
149,-1,93.08,93.1,12452.30464,100
200,-1,93.09,93.1,12452.32074,100
200,1,93.1,93.09,12452.32213,100
100,1,93.1,93.09,12452.32997,100
25,-1,93.08,93.09,12452.35309,100
18,1,93.08,93.07,12452.35523,100
30,1,93.08,93.07,12452.35712,300
19,-1,93.07,93.09,12453.73083,200
8,-1,93.07,93.09,12453.73856,200
22,-1,93.06,93.09,12453.73885,100
60,1,93.07,93.01,12458.41719,200
19,1,93.07,93.01,12458.45352,200
5,-1,93.05,93.08,12463.39214,200
19,1,93.08,93.06,12463.92339,200
30,1,93.08,93.06,12463.92351,100
19,1,93.08,93.06,12463.92354,100
10,1,93.08,93.06,12463.92359,100
9,-1,93.08,93.09,12463.95446,100
25,1,93.1,93.05,12467.87055,100
18,1,93.1,93.06,12467.90973,100
30,1,93.12,93.08,12467.91256,400
16,1,93.1,93.08,12467.93179,100
100,1,93.12,93.09,12482.64276,200
15,1,93.12,93.09,12482.64285,100
16,1,93.12,93.09,12482.64401,100
1,1,93.12,93.09,12482.64418,100
5,1,93.14,93.11,12483.57952,300
100,1,93.14,93.12,12483.60682,200
9,-1,93.12,93.14,12483.60693,100
23,-1,93.12,93.14,12485.28258,100
30,1,93.14,93.11,12498.30853,100
100,1,93.15,93.12,12498.44275,100
100,1,93.16,93.12,12504.93764,100
113,-1,93.12,93.15,12510.49461,300
138,-1,93.12,93.15,12510.49473,300
191,-1,93.12,93.15,12510.49496,100
300,-1,93.12,93.15,12510.49559,100
1,-1,93.12,93.15,12510.49614,100
49,-1,93.12,93.15,12510.49693,100
49,-1,93.12,93.15,12510.49693,100
2,-1,93.11,93.15,12510.50269,100
100,-1,93.11,93.13,12510.54516,100
100,-1,93.11,93.13,12510.66933,100
98,-1,93.11,93.13,12511.34927,100
49,1,93.12,93.09,12511.3503,100
50,1,93.12,93.09,12511.35507,400
3,-1,93.07,93.12,12512.02528,400
18,1,93.1,93.07,12512.04063,100
52,-1,93.07,93.1,12512.12168,400
30,-1,93.07,93.1,12512.12201,400
20,1,93.12,93.08,12533.01463,200
80,1,93.12,93.11,12533.0499,100
120,-1,93.11,93.14,12533.05009,100
100,1,93.17,93.12,12549.01371,100
100,1,93.17,93.14,12550.03128,100
130,-1,93.15,93.19,12563.04868,100
150,1,93.16,93.15,12563.76536,100
100,-1,93.15,93.16,12572.96735,200
50,-1,93.15,93.16,12572.9676,200
50,-1,93.15,93.16,12572.96939,200
100,-1,93.15,93.16,12572.97024,200
100,1,93.16,93.14,12573.03059,100
100,-1,93.13,93.16,12574.68378,200
100,-1,93.13,93.16,12574.68381,200
60,1,93.16,93.14,12587.09935,200
7,1,93.16,93.14,12587.13658,100
100,-1,93.14,93.16,12591.77702,200
6,1,93.18,93.14,12598.3225,100
10,1,93.16,93.15,12598.32822,200
100,1,93.18,93.14,12598.58914,100
100,1,93.2,93.15,12602.21008,100
43,1,93.2,93.15,12613.77431,200
5,-1,93.17,93.19,12622.79448,100
89,1,93.18,93.17,12629.36538,100
100,1,93.19,93.17,12629.3656,100
100,1,93.19,93.18,12629.36631,100
100,1,93.2,93.17,12640.01536,100
300,-1,93.17,93.19,12646.1091,100
200,1,93.18,93.15,12655.93904,100
200,1,93.19,93.16,12656.02876,100
100,1,93.19,93.16,12656.03086,100
100,-1,93.15,93.17,12662.45432,200
4,-1,93.15,93.16,12662.45458,100
100,-1,93.14,93.16,12662.45469,100
100,-1,93.13,93.16,12662.4557,400
20,-1,93.13,93.15,12662.45743,400
100,1,93.15,93.13,12662.52731,100
100,-1,93.13,93.15,12662.55459,200
50,-1,93.13,93.15,12662.56109,200
50,-1,93.14,93.15,12663.91024,100
50,-1,93.11,93.13,12663.91665,100
50,1,93.14,93.12,12663.94636,200
50,-1,93.12,93.15,12663.94729,100
50,-1,93.1,93.14,12668.50353,100
50,1,93.11,93.08,12669.1927,200
50,1,93.11,93.08,12671.63625,100
50,1,93.11,93.09,12671.63637,100
50,1,93.11,93.09,12671.63655,100
100,1,93.11,93.1,12671.63666,100
10,1,93.12,93.1,12671.63676,100
61,1,93.14,93.08,12671.66849,200
39,-1,93.11,93.13,12688.39032,100
100,-1,93.11,93.13,12688.39036,100
51,1,93.13,93.08,12688.39054,100
61,1,93.11,93.09,12690.91328,100
100,1,93.11,93.09,12690.91334,100
2,1,93.12,93.09,12690.9134,100
100,1,93.12,93.11,12690.91468,100
22,1,93.15,93.1,12692.00725,100
5,-1,93.13,93.16,12721.04453,200
5,-1,93.13,93.16,12721.05235,200
90,-1,93.13,93.16,12721.05246,200
90,1,93.14,93.13,12721.05311,100
90,1,93.14,93.13,12721.05321,100
100,1,93.14,93.13,12721.05331,100
10,1,93.14,93.13,12721.09125,100
1,-1,93.13,93.16,12721.09175,200
90,1,93.16,93.15,12727.25437,100
10,1,93.16,93.15,12727.25456,100
90,1,93.16,93.15,12727.25468,100
10,1,93.17,93.15,12727.25577,100
90,1,93.18,93.15,12728.95784,200
100,1,93.19,93.15,12753.22265,100
100,1,93.19,93.16,12753.22278,100
100,1,93.19,93.17,12754.23979,100
200,-1,93.18,93.21,12757.24541,100
50,-1,93.19,93.21,12778.02167,100
50,-1,93.19,93.2,12778.02209,100
50,-1,93.18,93.21,12778.12118,100
100,-1,93.18,93.2,12781.45992,100
100,1,93.2,93.19,12782.59225,100
100,1,93.21,93.2,12808.45735,100
100,1,93.21,93.19,12808.47744,100
100,1,93.23,93.19,12810.02527,100
100,1,93.23,93.2,12810.02627,100
100,1,93.21,93.19,12819.92356,100
100,-1,93.19,93.23,12826.21838,100
100,-1,93.19,93.23,12835.03252,200
100,-1,93.19,93.23,12838.82443,200
24,-1,93.21,93.23,12839.03014,100
100,-1,93.21,93.23,12839.313,100
100,-1,93.19,93.23,12839.82143,100
100,1,93.22,93.19,12840.73405,100
100,-1,93.19,93.22,12841.7853,100
100,-1,93.19,93.22,12841.7857,100
100,1,93.2,93.17,12841.78664,100
100,-1,93.19,93.22,12851.15195,100
100,-1,93.19,93.2,12851.15403,100
100,-1,93.18,93.2,12851.43086,100
16,-1,93.18,93.2,12851.43283,100
150,-1,93.18,93.2,12859.62288,300
50,-1,93.18,93.2,12859.66845,200
100,-1,93.18,93.2,12859.66855,100
100,-1,93.16,93.18,12859.74768,100
100,-1,93.15,93.18,12859.83323,400
3,1,93.18,93.16,12868.554,200
100,1,93.18,93.16,12868.55546,100
100,-1,93.16,93.18,12870.22477,100
50,-1,93.15,93.18,12870.22566,400
50,-1,93.15,93.18,12870.22702,400
100,-1,93.15,93.18,12870.22704,400
100,-1,93.15,93.18,12870.2272,400
50,-1,93.15,93.17,12870.2273,300
1,-1,93.15,93.17,12870.22732,300
100,-1,93.15,93.17,12870.2274,300
100,-1,93.15,93.17,12870.22741,300
35,-1,93.13,93.16,12870.77335,100
65,1,93.14,93.09,12871.35026,100
100,-1,93.08,93.14,12871.3537,200
67,-1,93.08,93.14,12871.35381,200
65,-1,93.08,93.12,12871.36763,100
16,1,93.12,93.07,12878.01214,100
100,1,93.11,93.07,12890.04103,200
35,-1,93.07,93.11,12907.10476,200
100,1,93.11,93.07,12908.02912,100
100,1,93.11,93.07,12908.02948,100
84,1,93.11,93.07,12908.0295,100
100,1,93.11,93.08,12908.03001,100
100,1,93.11,93.08,12908.03003,100
16,1,93.11,93.08,12908.03005,100
100,1,93.11,93.08,12908.03008,100
100,1,93.12,93.11,12908.03114,100
2,-1,93.11,93.15,12908.03167,300
100,1,93.14,93.12,12911.40576,100
100,1,93.16,93.12,12913.60464,400
100,1,93.16,93.13,12922.79211,100
100,1,93.19,93.15,12950.91105,100
100,-1,93.15,93.19,12954.77386,300
100,-1,93.15,93.17,12989.1748,200
200,-1,93.16,93.17,12989.34473,100
100,1,93.16,93.15,12991.01956,100
200,-1,93.16,93.19,12991.80965,100
100,-1,93.16,93.17,12993.28942,100
100,-1,93.16,93.17,12993.29421,100
100,1,93.16,93.15,12993.36282,100
100,-1,93.15,93.18,12993.77592,100
100,1,93.16,93.15,12996.54777,100
100,1,93.17,93.15,13000.7436,100
300,-1,93.16,93.17,13000.74655,200
100,1,93.17,93.16,13000.74673,100
100,1,93.19,93.15,13001.18593,200
100,1,93.16,93.15,13006.69713,100
100,1,93.16,93.15,13013.35947,100
100,-1,93.16,93.17,13018.19405,100
100,-1,93.16,93.17,13018.19416,100
100,-1,93.16,93.17,13018.19427,100
300,-1,93.16,93.17,13018.19469,100
100,-1,93.16,93.17,13018.19483,100
100,1,93.16,93.15,13020.39042,100
9,-1,93.15,93.17,13020.3931,100
100,-1,93.15,93.17,13020.68905,100
100,-1,93.15,93.17,13021.61788,100
9,-1,93.15,93.16,13022.93234,100
1200,-1,93.14,93.16,13022.93751,200
800,-1,93.14,93.15,13027.75766,100
80,-1,93.13,93.14,13027.76394,100
20,-1,93.13,93.14,13027.76445,100
3,-1,93.13,93.14,13027.76499,100
100,-1,93.11,93.13,13027.87796,100
20,-1,93.09,93.13,13028.15574,100
20,-1,93.06,93.1,13033.66314,200
100,-1,93.06,93.12,13041.77107,100
100,-1,93.06,93.11,13042.11914,100
100,-1,93.06,93.11,13046.82279,100
4,1,93.11,93.06,13046.83493,200
100,-1,93.06,93.08,13057.34259,200
100,-1,93.06,93.07,13059.49906,100
100,-1,93.06,93.07,13059.49915,100
100,1,93.07,93.03,13059.5026,100
100,1,93.05,93.03,13062.34313,100
100,1,93.08,93.01,13069.41469,300
100,1,93.08,93.01,13069.41481,200
100,1,93.08,93.01,13069.41484,200
4,1,93.08,93.01,13069.415,200
96,1,93.08,93.01,13069.41508,200
3,1,93.08,93.01,13069.41514,200
100,1,93.08,93.01,13069.41516,200
200,1,93.08,93.01,13069.41519,200
100,1,93.08,93.01,13069.41521,200
17,1,93.08,93.01,13069.41523,100
100,1,93.08,93.01,13069.41526,100
100,1,93.08,93.02,13069.41538,100
100,-1,93.02,93.11,13069.4155,300
300,-1,93.03,93.11,13069.41552,300
50,1,93.11,93.03,13069.41555,400
50,1,93.11,93.03,13069.41565,400
100,-1,93.06,93.11,13069.41757,100
100,1,93.08,93.06,13069.42063,200
100,1,93.08,93.06,13069.42117,200
200,-1,93.07,93.11,13069.42346,800
134,1,93.08,93.04,13075.83475,100
142,1,93.08,93.04,13075.83848,100
100,-1,93.04,93.1,13078.70117,100
100,-1,93.04,93.09,13091.40814,100
100,1,93.09,93.04,13091.77886,100
100,-1,93.04,93.09,13094.87838,200
200,-1,93.04,93.09,13096.01294,200
78,-1,93.04,93.07,13096.65028,100
22,1,93.07,93.04,13121.31646,100
20,1,93.05,93.02,13122.07558,100
50,1,93.05,93.02,13122.0768,100
50,1,93.04,93.01,13122.08273,100
50,1,93.05,93.01,13125.66991,300
100,1,93.05,93.02,13130.69859,100
68,-1,93.04,93.09,13130.70208,100
50,1,93.09,93.06,13161.60301,200
50,-1,93.06,93.09,13161.60316,300
1,1,93.09,93.06,13161.60325,200
15,-1,93.06,93.09,13161.60329,300
100,1,93.09,93.06,13161.6034,200
100,1,93.09,93.06,13161.60342,200
100,1,93.09,93.06,13161.60344,200
100,-1,93.07,93.1,13161.61778,300
100,-1,93.07,93.1,13161.62527,100
100,1,93.1,93.07,13161.62836,100
100,1,93.1,93.07,13161.62991,100
100,1,93.1,93.07,13161.63217,100
100,-1,93.07,93.1,13161.63357,100
100,1,93.1,93.07,13161.64414,100
100,-1,93.07,93.1,13161.65557,100
100,-1,93.07,93.1,13162.17778,200
100,-1,93.07,93.1,13182.64678,100
100,-1,93.07,93.1,13182.64719,100
100,-1,93.07,93.1,13182.64726,100
100,-1,93.06,93.08,13182.64799,100
100,-1,93.06,93.08,13182.73062,100
100,-1,93.05,93.07,13182.73262,100
100,-1,93.05,93.08,13182.7934,100
100,-1,93.05,93.08,13182.80443,100
100,-1,93.06,93.08,13199.04787,100
6,-1,93.06,93.08,13199.04826,100
100,-1,93.05,93.07,13199.04908,100
64,-1,93.05,93.07,13199.04916,100
28,-1,93.05,93.06,13199.05006,100
2,1,93.06,93.04,13199.15911,200
6,1,93.06,93.04,13208.18203,100
1,1,93.06,93.04,13208.18228,100
20,1,93.06,93.04,13208.18271,100
4,1,93.06,93.04,13208.18414,100
5,1,93.06,93.04,13208.18449,100
10,1,93.06,93.05,13208.18489,100
50,-1,93.06,93.1,13208.18513,100
40,-1,93.06,93.1,13208.18525,100
10,-1,93.05,93.1,13208.63879,200
4,1,93.06,93.04,13212.7954,100
36,1,93.06,93.04,13212.79555,100
28,1,93.06,93.05,13212.79606,100
50,1,93.08,93.04,13221.81689,100
22,1,93.1,93.04,13221.817,100
100,-1,93.04,93.1,13233.33861,100
2,1,93.08,93.06,13239.61857,100
100,1,93.08,93.06,13239.61862,100
100,1,93.08,93.06,13239.61865,100
4,1,93.08,93.07,13239.61877,100
44,1,93.08,93.07,13239.61887,100
56,-1,93.08,93.1,13239.61892,100
100,-1,93.08,93.1,13239.61897,100
100,-1,93.08,93.1,13239.61902,100
1,-1,93.08,93.1,13239.61912,100
50,-1,93.09,93.1,13239.92076,100
100,1,93.1,93.09,13239.94364,100
50,1,93.1,93.09,13239.94504,100
100,-1,93.09,93.12,13240.00254,100
200,-1,93.1,93.12,13240.00278,100
67,-1,93.1,93.12,13240.0029,100
50,-1,93.1,93.12,13240.00292,100
50,-1,93.09,93.13,13242.84338,300
90,-1,93.09,93.13,13242.8803,300
7,-1,93.09,93.13,13242.88047,300
5,-1,93.09,93.13,13242.88055,300
8,1,93.13,93.09,13243.49023,100
30,-1,93.1,93.13,13262.51465,100
37,-1,93.1,93.13,13262.51465,100
33,-1,93.1,93.13,13262.51478,100
11,-1,93.1,93.13,13262.51533,100
6,-1,93.1,93.13,13262.51533,100
50,-1,93.09,93.12,13262.52951,100
44,1,93.1,93.07,13262.56785,400
100,-1,93.06,93.07,13272.27056,100
50,-1,93.06,93.07,13272.2708,100
100,-1,93.06,93.07,13272.27092,100
21,-1,93.04,93.06,13272.29858,100
100,1,93.05,93.02,13277.43833,200
5,-1,93.02,93.05,13279.16819,200
100,-1,93.02,93.05,13279.27413,100
100,-1,93.02,93.05,13285.90166,100
100,-1,93.02,93.05,13286.11142,100
10,-1,93.02,93.05,13294.95952,100
88,-1,93.04,93.05,13298.45037,100
12,1,93.05,93.01,13298.45047,200
100,1,93.03,93,13328.3931,200
100,1,93.03,93,13328.39341,200
100,1,93.03,93,13328.39351,200
20,1,93.03,93,13328.39369,200
110,1,93.03,93,13328.3938,200
9,1,93.03,93.02,13328.39412,200
49,1,93.03,93.02,13328.39421,100
2,-1,93.02,93.06,13328.39526,100
200,-1,93.02,93.06,13328.39636,100
98,1,93.05,93.02,13342.54,200
2,-1,93.02,93.05,13369.09045,100
1,-1,93.02,93.05,13370.43991,100
98,-1,93.02,93.05,13370.44028,100
100,-1,93.02,93.05,13370.44051,100
50,-1,93.02,93.03,13370.4421,100
3,-1,92.99,93.03,13370.4429,100
100,-1,92.99,93.03,13370.44438,100
1,-1,93,93.03,13370.44448,100
99,-1,93,93.03,13370.44476,100
1,-1,93,93.03,13370.4451,100
46,-1,93,93.03,13370.4455,100
100,1,93.03,93,13370.44552,300
60,1,93.03,93,13370.44721,300
100,1,93.02,93,13370.45196,100
100,-1,93,93.02,13370.50054,100
100,1,93.02,93,13370.50067,200
100,1,93.02,93,13370.55781,200
26,-1,92.99,93.01,13371.07612,100
100,1,93.02,92.99,13374.15834,100
400,1,93.02,92.99,13374.15844,100
100,1,93.02,93,13375.40562,100
100,1,93.02,93.01,13375.40586,100
100,-1,93.01,93.03,13375.40945,200
100,-1,93,93.03,13379.60086,200
100,1,93.03,93,13379.83334,200
100,-1,93,93.03,13394.711,100
100,-1,93,93.02,13394.71147,100
11,-1,92.97,93.01,13399.03631,100
63,-1,92.99,93,13402.9494,100
50,1,92.99,92.97,13402.95409,100
39,-1,92.96,92.99,13410.76273,100
61,1,92.99,92.96,13438.24727,200
28,1,92.99,92.97,13440.60192,100
72,-1,92.97,93.01,13440.60217,100
50,1,93.01,92.98,13451.32546,100
50,1,93.01,92.99,13457.78541,100
50,-1,93.01,93.03,13459.07949,100
50,1,93.05,93.01,13472.00791,100
100,-1,93.02,93.05,13478.04692,100
50,-1,93.02,93.05,13478.04765,100
150,1,93.03,93.01,13487.17943,100
20,1,93.03,93.02,13496.24115,100
34,-1,93.02,93.05,13496.24136,300
100,1,93.05,93.03,13496.29017,200
46,1,93.05,93.03,13497.24698,200
100,1,93.05,93.03,13497.24941,100
100,1,93.05,93.04,13497.89749,100
100,-1,93.04,93.07,13497.89757,300
100,1,93.08,93.05,13498.5981,300
1,1,93.08,93.06,13500.38196,100
100,1,93.08,93.07,13500.38219,100
100,1,93.08,93.07,13500.38233,100
100,-1,93.1,93.12,13505.29617,100
100,-1,93.1,93.12,13505.29638,100
100,-1,93.1,93.12,13505.29641,100
100,-1,93.1,93.11,13505.29669,100
100,1,93.1,93.07,13505.30819,100
50,1,93.12,93.07,13507.84979,100
100,1,93.12,93.08,13515.23453,100
50,-1,93.08,93.11,13515.29752,100
50,-1,93.07,93.11,13515.29798,100
11,-1,93.08,93.1,13515.30278,100
28,-1,93.08,93.09,13515.30612,100
61,-1,93.07,93.09,13515.4128,100
100,-1,93.07,93.09,13524.7848,100
100,-1,93.06,93.09,13524.78539,200
100,-1,93.07,93.09,13548.30271,100
92,-1,93.05,93.09,13548.30309,100
8,-1,93.05,93.08,13548.3058,200
2,-1,93.04,93.08,13548.30601,200
7,-1,93.04,93.07,13548.30644,200
46,1,93.07,93.04,13548.30655,100
100,-1,93.05,93.06,13548.30963,100
100,-1,93.04,93.06,13548.31474,200
103,-1,93.05,93.09,13568.64274,100
100,-1,93.02,93.08,13570.02263,200
10,-1,93,93.06,13599.9974,100
100,-1,93,93.06,13599.99757,100
100,-1,93,93.05,13599.99816,100
100,-1,93,93.05,13599.99825,100
50,1,93.03,93,13600.25058,200
50,1,93.05,93.01,13601.44258,200
200,1,93.04,93.01,13601.45211,100
10,1,93.05,93.01,13601.45223,100
100,1,93.04,92.99,13603.54267,100
100,1,93.04,92.99,13604.24643,100
100,1,93.05,93,13605.34244,200
100,1,93.05,93,13605.3475,100
800,-1,93,93.05,13609.76465,200
800,-1,93,93.05,13609.76545,100
1700,-1,93,93.05,13609.76574,100
300,-1,93,93.04,13609.76591,100
88,-1,93,93.04,13609.7664,100
2,-1,93,93.04,13609.76673,100
800,-1,92.97,93.01,13611.82745,200
100,-1,92.97,93.01,13614.491,100
100,-1,92.96,92.99,13614.49615,100
800,-1,92.96,92.99,13614.49662,100
2,1,93.02,93,13637.82271,100
135,1,93.02,93,13637.82283,100
3098,-1,93.02,93.06,13637.86274,100
88,-1,93.02,93.06,13637.87482,300
5,-1,93.03,93.07,13656.23784,100
100,-1,93.03,93.07,13656.24469,100
100,1,93.04,93.03,13656.41426,100
100,1,93.04,93.03,13656.41524,100
300,-1,93.03,93.07,13656.41678,200
100,-1,93.03,93.07,13656.42099,100
100,1,93.07,93.04,13687.92928,100
100,1,93.08,93.04,13687.9295,100
20,-1,93.05,93.1,13687.93264,200
100,-1,93.05,93.1,13688.18879,100
100,-1,93.05,93.06,13696.40611,100
9,1,93.06,93.03,13696.4062,100
100,1,93.06,93.03,13696.51528,100
100,1,93.06,93.03,13696.52017,100
100,-1,93.02,93.06,13702.96863,200
100,-1,93.02,93.05,13705.87537,200
30,-1,93.02,93.05,13705.87606,200
48,-1,93.02,93.05,13705.87616,200
50,-1,93,93.04,13705.88373,900
100,-1,93,93.03,13706.39347,500
2,-1,93,93.03,13706.3936,500
100,-1,93,93.03,13706.39363,500
2,-1,93,93.03,13706.39365,500
98,-1,93,93.03,13706.39367,500
100,-1,93,93.03,13706.39374,500
100,-1,93,93.03,13706.39377,500
2,-1,92.98,93.02,13710.01504,100
195,1,92.99,92.94,13710.02282,100
97,1,93,92.94,13713.63843,100
3,1,93,92.94,13713.64009,100
110,-1,92.94,93,13717.02505,100
400,-1,92.94,93,13717.02522,100
400,1,93,92.94,13717.77004,200
10,1,92.99,92.95,13721.61808,100
80,1,93.01,92.97,13727.50193,100
100,1,93.01,92.97,13727.50406,100
100,1,93.02,92.97,13727.5083,100
100,-1,92.98,93.01,13731.00307,400
3,1,93.01,92.99,13731.08524,200
10,-1,92.99,93.01,13731.46975,100
152,-1,92.99,93.01,13731.62534,100
188,1,93.01,92.99,13732.52213,200
34,-1,92.99,93.02,13736.04314,100
6,-1,92.99,93.02,13736.88937,100
300,-1,92.99,93.02,13736.89093,100
10,-1,92.99,93.02,13736.89255,100
100,-1,92.99,93.02,13736.8942,100
100,-1,92.99,93.02,13736.8957,100
50,-1,92.99,93.02,13736.89729,100
50,-1,92.99,93.02,13736.89891,100
50,1,93.02,92.99,13737.54899,200
50,1,93.02,92.99,13737.67292,200
300,-1,92.99,93.02,13742.23879,100
300,1,93.01,92.98,13742.57905,100
100,1,93.02,92.98,13742.75525,100
100,1,93.02,93.01,13742.88,100
3,1,93.02,93.01,13743.06724,100
100,-1,93.02,93.04,13743.06766,100
53,1,93.08,93.02,13746.12606,200
86,1,93.06,93.02,13750.46556,200
47,-1,93.03,93.06,13753.39021,200
50,-1,93.03,93.06,13755.57078,200
100,-1,93.03,93.06,13755.57089,200
50,-1,93.03,93.06,13755.57091,200
3,-1,93.02,93.05,13755.57133,200
3,-1,93.01,93.06,13762.24384,100
100,-1,93.01,93.06,13762.24538,100
100,-1,93.01,93.06,13762.24745,100
41,-1,93.01,93.06,13762.2475,100
7,-1,93.01,93.06,13762.24846,100
100,-1,93.01,93.06,13762.24879,100
100,-1,93.01,93.06,13762.24888,100
100,1,93.05,93.01,13762.24905,200
20,1,93.05,93.01,13762.24918,200
100,-1,93.02,93.05,13762.26757,100
100,1,93.05,93.02,13762.26764,100
20,-1,93.02,93.05,13762.26774,100
20,1,93.05,93.02,13762.27013,100
20,-1,93.02,93.05,13762.27028,100
40,1,93.05,93.03,13762.27731,100
20,1,93.05,93.03,13762.28466,100
100,1,93.05,93.03,13762.29192,100
30,1,93.07,93.03,13763.07078,200
70,-1,93.05,93.08,13763.07111,100
30,-1,93.05,93.08,13763.08709,100
20,-1,93.05,93.08,13763.09748,100
20,-1,93.05,93.08,13763.09861,100
100,-1,93.04,93.08,13763.11464,100
100,1,93.09,93.04,13766.28499,200
100,1,93.09,93.04,13766.28803,200
100,1,93.09,93.04,13766.28907,200
100,1,93.09,93.05,13766.29176,200
300,1,93.09,93.05,13766.29184,200
100,1,93.09,93.05,13766.29198,200
43,1,93.09,93.05,13766.29199,200
4,1,93.09,93.05,13766.29206,200
57,-1,93.07,93.1,13768.31021,100
100,-1,93.07,93.1,13768.31049,100
100,-1,93.05,93.07,13769.28815,100
100,-1,93.05,93.07,13769.29518,100
200,1,93.04,93.03,13772.98912,200
100,1,93.04,93.03,13772.98927,100
100,1,93.04,93.03,13772.98935,100
100,1,93.04,93.03,13772.98961,100
100,1,93.05,93.04,13772.99149,100
100,1,93.06,93.04,13774.23874,100
100,1,93.06,93.04,13774.23888,100
100,-1,93.05,93.06,13774.2815,100
100,1,93.05,93.04,13774.31332,100
100,-1,93.04,93.05,13774.44015,200
3,1,93.05,93.04,13780.53872,100
1,-1,93.04,93.05,13781.18097,100
100,1,93.05,93.04,13785.41852,100
48,1,93.05,93.04,13785.41856,100
68,-1,93.04,93.05,13785.44344,100
52,1,93.05,93.04,13785.56111,100
20,1,93.05,93.04,13788.78814,100
2,1,93.05,93.04,13789.05781,100
26,1,93.05,93.04,13789.05795,100
74,-1,93.04,93.06,13789.05836,200
20,-1,93.03,93.06,13800.18791,100
80,-1,93.04,93.05,13800.19158,100
100,1,93.05,93.02,13800.19192,400
20,-1,93.02,93.04,13801.30401,100
100,1,93.04,93.02,13803.44811,200
60,1,93.04,93.02,13803.44985,200
100,1,93.04,93.02,13803.45157,200
50,1,93.04,93.03,13803.45217,200
50,1,93.04,93.03,13803.45264,200
50,-1,93.03,93.06,13803.45305,100
50,-1,93.04,93.06,13803.45404,100
100,-1,93.04,93.06,13803.45424,100
100,1,93.05,93.03,13804.29429,100
100,-1,93.04,93.06,13804.43279,200
100,1,93.08,93.04,13804.78832,200
100,-1,93.05,93.08,13804.78898,100
100,1,93.08,93.05,13806.91025,100
100,-1,93.07,93.1,13822.01963,100
100,-1,93.07,93.1,13822.0213,100
117,-1,93.07,93.1,13826.15374,100
5,-1,93.07,93.1,13826.15405,100
21,-1,93.07,93.1,13826.15544,100
100,-1,93.07,93.1,13826.15552,100
5,-1,93.07,93.1,13826.15555,100
5,1,93.08,93.04,13826.26254,100
100,1,93.08,93.05,13828.84652,100
5,1,93.08,93.05,13828.85094,100
90,1,93.08,93.05,13828.90575,100
100,1,93.08,93.05,13829.35563,100
60,-1,93.04,93.08,13858.74159,200
30,1,93.08,93.04,13861.25432,100
100,-1,93.05,93.08,13862.23197,100
100,-1,93.05,93.08,13862.2425,100
100,-1,93.05,93.08,13862.25272,100
200,1,93.08,93.05,13870.81579,100
100,1,93.1,93.06,13870.81601,100
100,-1,93.07,93.11,13870.82808,100
1000,-1,93.07,93.11,13870.84506,100
100,-1,93.04,93.08,13886.86574,100
100,-1,93.02,93.08,13886.866,100
100,1,93.05,93.02,13895.25592,200
400,1,93.05,93.02,13895.25595,200
60,1,93.05,93.04,13896.92637,100
100,1,93.05,93.04,13896.92656,100
100,-1,93.05,93.07,13896.93219,100
100,1,93.05,93.04,13900.6123,100
100,-1,93.04,93.05,13900.61318,100
13,-1,93.04,93.05,13900.61333,100
100,-1,93.01,93.07,13905.15846,100
13,-1,93.02,93.05,13905.17868,100
87,1,93.07,93.01,13908.72658,200
11,1,93.07,93.01,13917.06054,200
100,-1,93.02,93.05,13921.06212,100
50,-1,93.01,93.04,13921.24006,100
50,-1,93.01,93.03,13921.79221,100
13,-1,93.01,93.03,13921.79223,100
37,-1,93.01,93.03,13921.7924,100
150,1,93.02,92.99,13921.90799,100
23,1,93.02,92.99,13929.22887,100
100,1,93.01,92.99,13929.3218,100
63,1,93.04,92.99,13929.3699,100
2,1,93.04,92.99,13929.36995,100
48,1,93.02,93,13933.18665,200
57,-1,93,93.05,13933.19005,200
95,1,93.05,93.01,13933.21529,200
100,1,93.05,93.01,13933.21938,200
100,1,93.05,93.02,13934.91662,200
36,1,93.06,93.02,13934.91757,200
100,1,93.06,93.02,13935.03689,200
100,1,93.05,93.02,13941.02111,200
100,-1,93.02,93.05,13942.48372,100
50,-1,93.02,93.05,13943.45503,100
50,1,93.05,93.02,13944.01622,100
100,1,93.05,93.02,13944.13066,100
36,1,93.05,93.02,13944.14039,100
64,-1,93.02,93.05,13946.31053,100
100,-1,93.02,93.05,13946.31248,100
36,-1,93.02,93.05,13946.60145,100
37,-1,93.02,93.04,13951.56054,100
100,1,93.04,93.01,13951.56264,100
72,1,93.05,93.02,13955.46848,100
1,1,93.05,93.02,13955.46907,100
27,1,93.05,93.02,13955.4694,100
100,1,93.05,93.02,13955.47491,100
100,1,93.05,93.02,13956.15049,100
100,1,93.06,93.02,13956.15059,100
50,1,93.06,93.05,13956.15267,100
50,1,93.08,93.02,13971.87536,100
50,1,93.09,93.05,13987.54544,100
50,1,93.09,93.05,13987.54548,100
100,1,93.09,93.05,13987.54552,100
100,1,93.09,93.06,13987.54576,100
100,-1,93.07,93.09,14004.67201,100
100,-1,93.07,93.09,14004.6734,100
100,1,93.08,93.05,14004.67916,300
100,1,93.07,93.05,14004.68298,100
100,-1,93.05,93.09,14004.91436,100
94,-1,93.05,93.09,14006.26836,200
6,-1,93.05,93.09,14006.68738,100
1132,-1,93.05,93.09,14006.6876,100
235,-1,93.05,93.09,14006.68812,100
165,-1,93.05,93.09,14006.69095,100
1,-1,93.05,93.08,14006.6911,100
100,-1,93.05,93.08,14006.69115,100
100,-1,93.05,93.08,14006.69128,100
50,-1,93.05,93.08,14006.69224,100
100,1,93.07,93.05,14006.69536,100
86,1,93.07,93.01,14006.70112,100
14,1,93.07,93.01,14006.702,200
240,1,93.07,93.02,14006.71108,200
1,1,93.07,93.02,14006.71115,200
100,1,93.07,93.01,14006.80059,300
100,1,93.06,93.01,14007.04485,100
20,1,93.06,93.02,14007.04544,100
100,1,93.08,93.01,14007.04964,100
100,1,93.08,93.01,14007.05575,100
3,1,93.06,93,14007.20852,100
100,-1,93.05,93.06,14007.20876,200
100,1,93.06,92.99,14007.20887,100
3,1,93.06,92.99,14007.20889,100
100,1,93.06,92.99,14007.20892,100
97,1,93.06,92.99,14007.20894,100
3,1,93.06,92.99,14007.20897,100
100,1,93.06,92.99,14007.2092,100
97,1,93.05,92.99,14007.21017,100
3,1,93.07,93,14007.21554,200
100,1,93.07,93,14007.21953,200
100,1,93.07,93,14007.69699,200
100,1,93.05,93.04,14007.69797,100
4,1,93.05,93.04,14007.69802,100
366,-1,93.04,93.06,14009.34883,100
100,-1,93.04,93.06,14012.74825,100
100,1,93.06,93.03,14012.80233,100
100,1,93.06,93.03,14012.86099,200
150,1,93.06,93.03,14012.97613,200
200,-1,93.03,93.06,14013.17401,100
100,1,93.06,93.05,14021.70629,200
2,1,93.06,93.05,14021.70632,200
1,1,93.06,93.05,14021.70639,200
100,1,93.07,93.06,14023.90824,200
500,1,93.07,93.06,14023.90834,200
10,1,93.09,93.06,14023.91022,100
200,1,93.09,93.06,14023.91032,100
8,-1,93.06,93.09,14027.20037,200
2,-1,93.06,93.09,14027.20715,100
98,-1,93.05,93.09,14028.68471,200
2,-1,93.05,93.09,14028.70299,100
100,-1,93.04,93.09,14028.70334,100
65,-1,93.04,93.07,14028.87036,100
100,-1,93.03,93.06,14028.87514,200
100,-1,93.01,93.06,14029.3337,200
37,1,93.03,92.99,14034.48138,100
7,1,93.03,93,14034.48267,100
46,1,93.04,93,14034.48364,100
4,1,93.08,93.02,14038.94601,300
10,-1,93.03,93.06,14057.29139,100
80,1,93.06,93.04,14057.57173,100
100,1,93.08,93.04,14057.57178,100
107,-1,93.05,93.08,14067.0078,100
100,-1,93.05,93.08,14067.00982,100
100,-1,93.05,93.08,14067.01064,100
15,-1,93.05,93.08,14067.01085,100
100,-1,93.05,93.07,14067.01362,100
100,1,93.05,93.03,14067.01424,100
100,-1,93.02,93.05,14070.04329,100
147,-1,93.02,93.07,14074.89877,100
100,-1,93.02,93.07,14074.89918,100
15,-1,93.02,93.04,14074.89994,100
147,1,93.04,93.01,14074.9048,100
100,1,93.04,93.01,14074.90714,100
100,-1,93.03,93.06,14082.99521,100
26,-1,93.03,93.06,14098.38229,100
100,-1,93.03,93.05,14098.51531,100
50,1,93.06,93,14098.84971,200
50,1,93.06,93,14098.8498,200
50,1,93.05,93,14100.41699,200
50,1,93.05,93.01,14101.86777,100
50,1,93.05,93.01,14101.86795,100
50,1,93.05,93.02,14101.86819,100
46,-1,93.04,93.08,14101.88133,100
100,-1,93.05,93.08,14111.15982,100
100,1,93.08,93.05,14119.92575,100
100,1,93.08,93.05,14119.92582,100
100,1,93.08,93.05,14119.9259,100
80,1,93.08,93.05,14119.92669,100
100,1,93.09,93.05,14119.92719,100
5,1,93.09,93.07,14119.94203,100
100,1,93.09,93.07,14119.95234,100
100,-1,93.06,93.09,14121.36113,200
95,-1,93.05,93.09,14121.36828,100
100,-1,93.05,93.09,14130.54291,200
100,-1,93.05,93.09,14130.55794,200
100,-1,93.05,93.09,14130.5772,200
100,-1,93.05,93.09,14130.58498,200
100,1,93.08,93.05,14130.65174,100
100,-1,93.05,93.09,14131.71178,100
100,-1,93.03,93.09,14131.71196,200
100,-1,93,93.06,14138.63806,100
1,1,93.05,92.99,14139.04255,100
33,1,93.05,92.99,14139.04549,100
100,1,93.05,92.99,14139.04693,100
100,1,93.05,92.99,14139.04788,100
100,1,93.05,92.99,14139.04847,100
100,1,93.05,92.99,14139.04973,100
8,1,93.05,92.99,14139.05252,100
100,1,93.05,92.99,14139.05897,100
20,1,93.05,93.01,14146.05674,100
72,1,93.05,93.01,14152.44218,100
28,1,93.05,93.01,14152.44386,100
22,1,93.05,93.01,14160.47705,100
100,1,93.07,93.02,14168.07816,100
26,-1,93.03,93.07,14174.45415,200
40,1,93.07,93.03,14191.12801,100
100,1,93.07,93.05,14191.1794,100
200,-1,93.03,93.07,14193.54117,200
100,-1,93.05,93.06,14197.87421,100
44,1,93.07,93.06,14198.03823,100
100,-1,93.07,93.08,14198.0625,100
2,1,93.08,93.06,14198.06353,100
5,1,93.08,93.05,14206.08929,100
100,1,93.09,93.05,14207.89224,100
95,1,93.09,93.06,14216.85441,100
100,1,93.11,93.06,14216.85467,100
50,1,93.11,93.07,14216.85501,100
99,-1,93.07,93.11,14217.26992,100
49,-1,93.07,93.11,14218.9977,100
100,-1,93.07,93.11,14228.81546,100
10,-1,93.1,93.13,14232.25144,100
108,1,93.13,93.11,14232.48181,100
100,1,93.13,93.1,14232.90209,100
100,1,93.13,93.11,14239.74975,100
200,1,93.14,93.11,14239.93079,100
100,1,93.14,93.11,14239.93104,100
100,1,93.14,93.11,14239.93113,100
100,1,93.14,93.12,14246.7098,200
100,1,93.14,93.13,14246.70985,200
100,1,93.14,93.13,14246.71004,100
450,1,93.14,93.13,14246.71012,100
100,1,93.14,93.13,14246.71078,100
100,-1,93.13,93.17,14246.71106,400
100,-1,93.13,93.18,14248.33957,200
15,-1,93.13,93.15,14256.63342,200
10,-1,93.13,93.15,14256.63344,200
100,-1,93.13,93.14,14256.6335,100
100,1,93.13,93.12,14256.63542,200
100,-1,93.12,93.14,14257.08241,200
100,-1,93.12,93.14,14257.08244,200
100,-1,93.12,93.14,14257.08253,200
100,-1,93.11,93.12,14257.08633,100
100,-1,93.11,93.12,14257.0867,100
100,-1,93.1,93.12,14257.09385,300
100,-1,93.1,93.12,14257.09466,300
100,-1,93.1,93.12,14257.0956,300
100,1,93.12,93.1,14257.18879,100
65,-1,93.1,93.11,14257.28884,200
35,-1,93.1,93.11,14257.28893,200
100,1,93.13,93.09,14260.90086,100
15,-1,93.1,93.14,14273.64245,100
106,-1,93.1,93.14,14273.75638,100
100,-1,93.1,93.14,14273.75665,100
100,-1,93.11,93.16,14273.75747,100
100,1,93.13,93.09,14273.76055,100
100,1,93.15,93.11,14289.03907,200
40,-1,93.11,93.14,14301.09245,200
100,-1,93.11,93.14,14301.1112,200
100,1,93.14,93.11,14301.33253,100
2,1,93.15,93.11,14304.77013,100
2,-1,93.12,93.15,14307.44022,100
2,-1,93.11,93.13,14312.42155,200
100,-1,93.12,93.15,14312.42407,100
100,-1,93.12,93.15,14312.42419,100
96,-1,93.12,93.14,14312.47299,100
4,-1,93.11,93.12,14313.49429,100
100,-1,93.11,93.12,14318.25446,100
100,-1,93.11,93.12,14318.25455,100
96,-1,93.11,93.12,14318.25457,100
100,1,93.12,93.11,14323.11342,100
100,1,93.12,93.11,14323.11346,100
100,1,93.12,93.11,14323.11365,100
100,-1,93.13,93.15,14323.11483,100
80,-1,93.11,93.13,14329.93966,100
100,-1,93.13,93.14,14329.94244,200
57,-1,93.1,93.13,14334.2041,100
20,-1,93.1,93.13,14334.20451,100
50,-1,93.1,93.11,14335.63643,100
50,-1,93.1,93.11,14335.6367,100
100,-1,93.1,93.11,14335.64277,100
100,-1,93.1,93.11,14339.55855,100
50,-1,93.09,93.12,14339.90484,100
50,-1,93.1,93.14,14339.90584,200
14,-1,93.09,93.1,14340.22534,100
15,-1,93.09,93.1,14340.22549,100
71,-1,93.09,93.1,14340.22551,100
29,-1,93.09,93.1,14340.22572,100
21,-1,93.09,93.1,14340.22573,100
50,-1,93.08,93.1,14340.22658,600
100,-1,93.08,93.09,14340.28679,600
50,1,93.07,93.02,14341.00869,300
100,-1,93.03,93.07,14341.01332,100
100,-1,93.04,93.07,14342.12869,200
100,-1,93.04,93.09,14347.7114,200
100,-1,93.04,93.09,14347.71155,200
100,-1,93.04,93.09,14347.7118,200
100,-1,93.04,93.09,14347.71189,200
100,-1,93.05,93.09,14347.71199,100
37,1,93.09,93.05,14347.71206,100
100,1,93.09,93.05,14348.18879,100
100,1,93.1,93.06,14356.41805,100
100,1,93.1,93.07,14363.47626,100
100,1,93.12,93.07,14365.24541,100
100,1,93.12,93.07,14365.24549,100
100,1,93.12,93.07,14365.24551,100
100,-1,93.07,93.12,14365.24555,100
100,1,93.12,93.08,14365.84504,100
100,1,93.12,93.08,14365.8657,100
200,-1,93.09,93.12,14393.06809,100
100,-1,93.09,93.12,14401.24287,100
100,-1,93.09,93.12,14401.24296,100
2,-1,93.08,93.12,14401.24314,200
100,-1,93.08,93.12,14401.24356,200
100,1,93.09,93.08,14401.24383,100
50,-1,93.08,93.09,14401.24407,100
100,-1,93.08,93.09,14401.24427,100
100,-1,93.07,93.09,14401.24489,100
100,-1,93.06,93.09,14401.25559,200
100,1,93.1,93.06,14401.35148,100
100,-1,93.06,93.1,14401.36028,300
100,-1,93.05,93.1,14402.34337,100
72,-1,93.04,93.08,14406.35726,200
100,1,93.08,93.04,14407.05329,100
87,1,93.08,93.04,14412.51225,100
13,-1,93.05,93.08,14422.08955,100
100,-1,93.04,93.08,14422.36826,100
100,1,93.08,93.04,14422.50869,100
63,1,93.09,93.05,14422.50885,100
100,-1,93.05,93.07,14426.46543,200
100,-1,93.05,93.07,14427.00065,200
40,-1,93.04,93.07,14429.92274,100
60,1,93.05,93.04,14430.28348,100
100,-1,93.04,93.05,14430.99262,100
100,1,93.05,93.03,14432.817,100
60,1,93.05,93.02,14433.61633,100
60,-1,93.02,93.04,14441.0351,200
100,-1,93.02,93.04,14444.41364,300
81,1,93.05,93.03,14444.41376,100
4,-1,93.03,93.05,14444.41595,300
100,1,93.06,93.03,14444.91032,100
15,-1,93.04,93.06,14445.13366,100
88,-1,93.04,93.06,14445.48653,100
50,1,93.05,93.03,14447.67636,100
50,1,93.05,93.03,14447.6786,200
50,1,93.05,93.02,14447.68135,200
100,1,93.06,93.02,14447.68214,100
5,1,93.06,93.02,14447.83863,100
100,-1,93.03,93.08,14450.13535,200
100,-1,93.03,93.07,14456.44612,100
100,-1,93.04,93.07,14468.22058,200
100,1,93.07,93.04,14469.23658,100
100,-1,93.04,93.07,14473.67798,100
49,1,93.07,93.04,14487.45763,100
100,1,93.07,93.04,14487.51173,100
100,-1,93.04,93.06,14487.67427,100
1800,1,93.06,93.02,14487.67648,500
100,1,93.06,93.02,14487.67736,600
100,1,93.05,93.02,14487.8449,100
100,-1,93.01,93.05,14488.18458,100
100,1,93.04,93.01,14488.35128,100
100,1,93.04,93.01,14488.35481,100
100,1,93.04,93.01,14488.35566,100
100,1,93.04,93.01,14488.3574,100
100,1,93.04,93.01,14488.35872,100
100,1,93.04,93.01,14488.35881,100
100,1,93.06,93.01,14489.95877,100
40,-1,93.01,93.06,14489.9604,100
60,-1,93.01,93.06,14489.96199,100
100,-1,93.01,93.06,14489.96354,100
100,-1,93.01,93.06,14489.96519,100
189,-1,93.01,93.06,14489.96679,100
17,-1,93.01,93.06,14489.96833,100
83,-1,93.01,93.06,14489.96998,100
17,-1,93.01,93.06,14489.97163,100
33,-1,93.01,93.06,14489.97318,100
67,-1,93.01,93.06,14489.97482,100
100,-1,93.01,93.06,14489.97647,100
100,-1,93.01,93.06,14489.97797,100
100,-1,93.01,93.06,14489.98122,100
1,-1,93.01,93.06,14489.98128,100
70,-1,93.01,93.06,14489.98287,100
100,-1,93.01,93.06,14489.98441,100
100,-1,93.01,93.06,14489.98601,100
100,-1,93.01,93.06,14489.9876,100
100,-1,93.01,93.06,14489.9892,100
100,-1,93.01,93.06,14489.9909,100
100,-1,93.01,93.06,14489.99239,100
93,-1,93.01,93.06,14489.99402,100
51,-1,93.01,93.06,14489.99566,100
300,-1,93.01,93.06,14489.99719,100
49,-1,93.01,93.06,14489.99884,100
100,-1,93.01,93.06,14490.00053,100
49,-1,93.01,93.06,14490.00199,100
100,-1,93.01,93.06,14490.00358,100
100,-1,93.01,93.06,14490.00533,100
51,-1,93.01,93.06,14490.00839,100
49,-1,93.01,93.06,14490.00862,100
4,-1,93.01,93.06,14490.01037,100
51,-1,93.01,93.06,14490.01161,100
5,-1,93.01,93.06,14490.01331,100
50,1,93.05,93.01,14492.72545,200
45,-1,93.04,93.05,14494.8963,100
50,1,93.06,93.03,14515.89576,200
100,1,93.06,93.03,14515.89584,200
100,1,93.06,93.04,14515.89642,200
100,1,93.06,93.04,14515.89654,100
2,1,93.06,93.04,14515.89656,100
2,1,93.06,93.04,14515.89658,100
98,1,93.08,93.07,14515.92963,100
98,1,93.09,93.07,14515.92973,200
2,1,93.08,93.06,14524.28473,100
100,-1,93.06,93.09,14528.04991,100
100,-1,93.05,93.09,14528.04999,100
2,-1,93.05,93.09,14528.05001,100
20,-1,93.05,93.09,14528.05009,100
100,-1,93.05,93.09,14528.05011,100
1,-1,93.05,93.09,14528.05019,100
4,-1,93.05,93.09,14528.05029,100
50,1,93.05,93.03,14528.052,100
46,-1,93.04,93.08,14528.07803,100
11,1,93.06,93.02,14536.24805,200
39,1,93.06,93.04,14546.59971,100
61,1,93.07,93.04,14546.66138,100
100,1,93.08,93.04,14553.17402,100
1,1,93.08,93.04,14553.17414,100
1,-1,93.03,93.08,14556.51246,200
1,-1,93.03,93.08,14556.54995,200
1,-1,93.03,93.08,14556.60247,200
100,-1,93.03,93.08,14556.67135,200
2,-1,93.03,93.08,14558.04164,200
100,-1,93.03,93.07,14560.22003,100
100,-1,93.02,93.07,14564.42552,100
100,-1,93.03,93.07,14572.70735,200
100,1,93.07,93.03,14583.40145,300
38,1,93.07,93.04,14583.40174,300
100,1,93.07,93.05,14583.40197,300
62,1,93.07,93.05,14589.18329,200
100,1,93.07,93.05,14589.1834,200
100,1,93.07,93.05,14589.1835,100
100,1,93.08,93.06,14589.22152,100
100,1,93.09,93.06,14589.27366,100
1,1,93.09,93.07,14589.29594,100
100,1,93.09,93.06,14596.72035,100
100,1,93.09,93.06,14596.72067,100
100,1,93.11,93.06,14596.72124,100
100,1,93.11,93.06,14596.72135,100
100,1,93.11,93.07,14596.72183,100
100,-1,93.08,93.1,14597.21294,100
100,1,93.11,93.07,14605.68297,100
50,1,93.11,93.08,14611.97577,100
50,1,93.11,93.08,14611.97581,100
17,1,93.13,93.09,14611.97618,100
4,1,93.15,93.08,14617.42405,200
79,-1,93.09,93.12,14627.05463,200
21,-1,93.09,93.12,14629.38179,100
100,-1,93.1,93.12,14629.38501,200
100,-1,93.09,93.13,14630.65755,100
100,1,93.09,93.08,14636.51565,100
67,-1,93.07,93.09,14636.51642,500
12,-1,93.07,93.11,14639.61235,200
88,-1,93.07,93.11,14643.20568,200
12,-1,93.07,93.11,14648.62452,200
60,-1,93.07,93.11,14653.39804,200
15,1,93.11,93.08,14678.55952,100
25,1,93.11,93.08,14678.55955,100
75,1,93.11,93.08,14678.55965,100
100,1,93.12,93.09,14681.81054,100
100,1,93.12,93.09,14681.81065,100
100,1,93.12,93.1,14681.84083,100
100,1,93.13,93.11,14681.84125,100
97,-1,93.11,93.13,14682.77334,100
3,1,93.13,93.11,14685.84178,100
100,1,93.14,93.11,14698.91711,100
100,1,93.14,93.11,14711.39959,100
100,-1,93.11,93.14,14713.93307,300
100,-1,93.11,93.14,14716.34737,300
100,1,93.14,93.11,14730.75029,100
100,-1,93.11,93.14,14750.69364,200
100,-1,93.11,93.14,14750.69379,100
100,-1,93.11,93.14,14750.69379,100
100,-1,93.11,93.14,14750.69411,100
100,-1,93.11,93.14,14750.69463,100
3,-1,93.11,93.14,14750.69535,100
100,-1,93.11,93.14,14750.69562,100
300,-1,93.09,93.12,14750.76856,100
3,1,93.12,93.09,14750.77319,100
97,1,93.12,93.09,14750.77335,100
3,-1,93.08,93.12,14751.63838,100
98,1,93.11,93.08,14757.08434,100
97,1,93.11,93.08,14764.82821,100
5,1,93.13,93.09,14764.82863,100
8,-1,93.07,93.11,14774.88193,100
95,-1,93.07,93.11,14774.88291,100
5,-1,93.07,93.11,14775.05599,100
95,-1,93.07,93.1,14775.05641,100
100,-1,93.07,93.1,14775.05767,100
100,1,93.1,93.07,14775.35176,200
20,-1,93.07,93.09,14776.83719,100
5,-1,93.06,93.07,14776.84105,100
53,-1,93.06,93.07,14776.84215,100
10,-1,93.06,93.07,14776.84217,100
75,1,93.08,93.04,14779.41024,100
100,1,93.1,93.06,14779.74048,100
100,1,93.1,93.06,14779.7428,200
50,1,93.1,93.06,14805.44463,200
50,1,93.06,93.05,14808.91904,100
100,-1,93.05,93.06,14808.91984,100
50,-1,93.05,93.06,14808.92186,100
100,-1,93.05,93.06,14808.92325,100
100,-1,93.03,93.06,14808.9299,200
100,-1,93.01,93.05,14821.45594,100
200,-1,93.01,93.05,14821.45596,100
950,1,93.05,93.03,14832.26097,100
100,1,93.05,93.03,14832.26108,100
10,1,93.05,93.03,14832.26113,100
100,1,93.05,93.03,14832.26117,100
300,1,93.07,93.04,14833.38396,200
1,1,93.07,93.04,14833.38958,200
100,1,93.07,93.04,14833.95658,100
100,-1,93.04,93.07,14836.85338,100
100,-1,93.04,93.07,14851.19347,100
100,1,93.06,93.03,14875.36403,100
20,1,93.07,93.04,14875.3643,300
100,-1,93.04,93.07,14882.85833,100
50,-1,93.04,93.07,14882.85836,100
30,-1,93.04,93.07,14882.85843,100
3,1,93.06,93.03,14889.672,100
70,-1,93.03,93.06,14897.07716,100
10,-1,93.03,93.06,14899.92555,100
35,-1,93.03,93.06,14901.67453,100
75,-1,93.03,93.06,14901.73309,100
100,-1,93.01,93.05,14901.73367,300
100,1,93.04,93.01,14901.73527,100
100,1,93.04,93.01,14901.74148,100
201,-1,93.01,93.05,14902.60825,100
100,1,93.05,93.01,14906.92242,100
100,1,93.06,93.04,14919.22395,100
100,1,93.07,93.04,14919.22418,200
100,1,93.07,93.05,14919.22506,200
100,1,93.07,93.06,14919.22511,200
100,1,93.07,93.06,14919.22549,200
10,1,93.07,93.06,14919.22563,200
2,1,93.07,93.06,14919.22955,100
20,1,93.07,93.06,14919.22968,100
1,1,93.07,93.06,14919.22972,100
100,1,93.07,93.06,14919.22977,100
100,1,93.08,93.06,14919.23359,100
100,1,93.08,93.06,14919.24143,100
37,1,93.09,93.06,14919.25885,100
50,1,93.08,93.06,14919.88939,100
13,-1,93.05,93.08,14923.25667,200
37,-1,93.05,93.08,14923.25679,200
37,-1,93.05,93.08,14923.25919,300
26,-1,93.05,93.08,14923.25941,300
100,-1,93.05,93.08,14923.25952,300
100,1,93.07,93.05,14923.25975,100
85,-1,93.05,93.07,14923.26029,200
15,1,93.08,93.05,14927.32463,100
85,-1,93.06,93.11,14944.59647,200
15,-1,93.04,93.09,14951.5253,200
100,-1,93.04,93.09,14951.52572,200
100,-1,93.04,93.07,14951.74838,100
85,-1,93.03,93.07,14951.80141,100
74,-1,93,93.06,14954.82436,200
100,-1,93,93.06,14954.82599,200
100,1,93.06,93,14954.83419,200
15,1,93.06,93,14954.83787,200
26,-1,93.01,93.06,14961.1025,100
100,-1,93,93.04,14964.7345,100
100,-1,93,93.04,14964.73453,100
100,-1,92.99,93.03,14964.73474,100
100,-1,92.99,93.03,14964.73482,100
100,-1,92.99,93.03,14964.73493,100
100,-1,92.97,93.02,14964.73519,400
100,-1,92.97,93.02,14964.73527,400
100,-1,92.97,93.02,14964.73537,400
100,1,93,92.97,14964.74277,100
100,1,93,92.97,14964.84846,100
100,1,93.01,92.99,14964.95634,100
100,-1,92.97,93.01,14975.53965,100
100,1,93.01,92.97,14975.54707,200
200,1,93.01,92.98,14975.54798,200
100,1,93.01,92.98,14975.54852,200
100,1,93.03,92.98,14975.54888,100
100,1,93.03,92.99,14975.55928,100
100,1,93.03,92.99,14981.12713,300
63,1,93.03,93,14981.13977,300
100,1,93.03,93,14986.79773,300
23,1,93.03,93,14986.79784,300
54,1,93.03,93,14986.79796,300
37,1,93.03,93,14986.79805,300
46,1,93.03,93,14986.79808,300
54,1,93.03,93,14986.7981,300
46,1,93.03,93,14986.79817,300
54,1,93.03,93,14986.79827,300
46,1,93.05,93.02,14986.81549,100
54,-1,93.03,93.06,14987.58768,100
46,1,93.04,93.02,14997.13738,100
54,-1,93.03,93.05,14997.16542,200
100,1,93.02,93,14998.5011,100
100,1,93.03,93.01,15016.91816,100
100,1,93.03,93.01,15016.91836,100
100,1,93.03,93.01,15016.91932,100
200,-1,93.03,93.04,15017.51959,100
100,-1,93.03,93.04,15017.52281,300
63,-1,93.04,93.05,15017.52524,100
37,1,93.05,93.02,15017.53268,200
100,-1,93.02,93.05,15018.51144,100
300,1,93.05,93.01,15020.65261,100
100,1,93.05,93.02,15049.04016,100
100,1,93.06,93.03,15050.74346,100
100,1,93.07,93.03,15050.75545,100
100,1,93.08,93.01,15052.80266,100
100,1,93.08,93.03,15068.42183,200
200,-1,93.03,93.06,15076.59563,100
100,1,93.06,93.04,15079.69744,200
100,1,93.06,93.04,15084.6001,200
28,1,93.06,93.03,15096.45665,100
63,1,93.06,93.03,15105.91435,100
100,1,93.06,93.03,15105.91447,100
100,-1,93.04,93.06,15105.91456,100
100,1,93.06,93.04,15108.97905,100
100,1,93.06,93.04,15109.02494,100
100,1,93.06,93.04,15109.21298,100
100,-1,93.04,93.06,15114.56116,100
28,-1,93.03,93.06,15114.6031,100
200,-1,93.02,93.06,15115.59726,100
100,1,93.06,93.03,15126.85504,100
100,1,93.06,93.03,15126.8645,100
100,1,93.06,93.03,15126.89376,100
100,1,93.07,93.03,15126.95905,100
100,-1,93.03,93.07,15132.60386,200
200,1,93.07,93.04,15133.93221,100
200,1,93.07,93.05,15136.9425,100
100,-1,93.05,93.08,15149.02134,200
100,1,93.08,93.06,15155.93095,100
100,-1,93.05,93.08,15159.90116,100
100,-1,93.05,93.08,15159.90133,100
100,-1,93.05,93.08,15159.90137,100
66,-1,93.05,93.08,15159.90229,100
100,1,93.07,93.02,15159.93098,200
100,1,93.06,93.03,15168.95421,200
100,1,93.06,93.04,15168.96314,100
13,1,93.07,93.04,15168.97297,100
100,1,93.06,93.02,15181.02983,100
2,-1,93.02,93.07,15184.52345,100
100,1,93.07,93.02,15191.12621,100
100,-1,93.02,93.05,15197.22757,100
100,-1,93,93.02,15198.62917,100
100,-1,92.99,93.02,15198.62937,100
100,-1,92.99,93.02,15198.62942,100
100,-1,92.99,93.02,15198.62944,100
100,1,93.02,92.98,15198.62951,100
100,-1,92.98,93.02,15198.62953,300
100,-1,92.98,92.99,15198.6301,300
2,-1,92.98,92.99,15198.63049,300
85,-1,92.98,92.99,15198.63157,200
100,1,92.99,92.96,15198.6317,100
100,1,92.99,92.96,15198.63172,100
15,1,92.99,92.96,15198.63174,100
100,1,92.99,92.96,15198.63176,100
100,1,92.99,92.96,15198.63179,100
200,1,92.99,92.97,15198.7854,200
200,-1,92.95,92.99,15198.78599,200
1,1,92.99,92.95,15198.79482,200
1,1,93,92.96,15199.00646,200
50,1,93,92.96,15221.84798,100
100,-1,92.99,93.02,15221.8891,100
100,1,93.02,92.99,15221.89977,100
100,-1,92.96,93.02,15224.66243,100
100,-1,92.96,93,15237.50555,100
100,-1,92.95,93,15237.50566,200
100,-1,92.95,93,15237.50568,200
2,-1,92.95,92.99,15237.50579,200
100,-1,92.95,92.99,15237.5059,200
100,-1,92.95,92.98,15237.50624,200
100,-1,92.95,92.98,15237.50635,200
100,-1,92.95,92.97,15237.50645,200
100,-1,92.95,92.97,15237.50683,200
2,-1,92.95,92.97,15237.50695,100
50,-1,92.93,92.97,15237.50697,400
150,1,92.97,92.93,15237.51422,200
100,-1,92.93,92.97,15237.5263,500
34,1,92.97,92.93,15239.57208,100
100,1,92.97,92.93,15239.57231,200
100,-1,92.93,92.97,15239.5724,100
70,-1,92.93,92.96,15239.5725,100
300,-1,92.93,92.96,15239.57255,100
80,-1,92.93,92.96,15239.5726,100
100,-1,92.93,92.96,15239.57262,100
78,-1,92.92,92.96,15239.57345,100
100,-1,92.92,92.96,15239.5735,100
100,-1,92.91,92.95,15239.57393,400
100,1,92.95,92.91,15239.57407,100
1345,1,92.95,92.91,15239.57447,100
100,-1,92.91,92.96,15239.5982,200
100,-1,92.91,92.96,15239.5984,200
100,-1,92.91,92.96,15239.59851,200
100,-1,92.91,92.96,15239.5986,200
100,-1,92.91,92.96,15239.59871,200
15,-1,92.91,92.95,15239.62613,300
37,-1,92.88,92.94,15241.94109,200
63,1,92.94,92.88,15241.9412,100
22,-1,92.88,92.94,15241.94125,200
78,-1,92.88,92.94,15241.94127,200
100,1,92.94,92.88,15241.94132,300
15,-1,92.88,92.94,15241.94135,200
85,-1,92.88,92.94,15241.94137,200
80,-1,92.88,92.94,15241.9414,200
120,-1,92.88,92.94,15241.94142,200
100,-1,92.88,92.94,15241.94144,200
80,-1,92.88,92.93,15241.97132,100
20,-1,92.88,92.93,15241.97144,100
100,-1,92.88,92.93,15241.97154,100
10,-1,92.87,92.93,15241.97203,100
100,1,92.94,92.92,15243.36936,100
49,1,92.94,92.91,15261.35255,200
100,1,92.94,92.91,15261.35263,200
100,1,92.94,92.91,15261.35265,200
50,1,92.94,92.92,15261.35335,200
50,1,92.96,92.92,15261.35346,100
100,1,92.98,92.93,15267.1731,100
50,-1,92.95,92.98,15269.44209,100
50,-1,92.95,92.98,15269.44217,100
100,-1,92.95,92.98,15269.44243,100
100,1,92.98,92.94,15269.45812,100
100,1,92.99,92.95,15269.45915,600
100,1,92.99,92.95,15269.46639,600
100,1,92.99,92.95,15269.46649,600
100,1,92.99,92.96,15269.46973,500
100,1,92.95,92.93,15269.57549,200
10,1,92.95,92.94,15269.57561,200
100,1,92.95,92.94,15269.57659,100
100,1,92.95,92.94,15269.57747,100
100,1,92.95,92.94,15269.57763,100
100,-1,92.94,92.96,15277.68287,100
100,1,92.96,92.94,15277.69382,200
100,-1,92.94,92.96,15292.13847,100
60,-1,92.94,92.96,15294.56254,100
5,-1,92.94,92.96,15294.56324,100
95,-1,92.94,92.96,15294.56326,100
100,-1,92.93,92.96,15297.40927,100
5,-1,92.93,92.96,15297.40932,100
45,-1,92.93,92.96,15297.40934,100
55,1,92.95,92.9,15297.40963,100
41,1,92.95,92.9,15297.4174,400
100,1,92.95,92.9,15297.41819,400
50,1,92.95,92.92,15308.85024,100
100,1,92.95,92.92,15308.85104,100
100,1,92.96,92.92,15308.86616,200
100,1,92.96,92.94,15308.87327,200
100,1,92.96,92.94,15311.75419,200
50,1,92.96,92.94,15311.75425,100
50,1,92.96,92.95,15311.76293,200
100,1,92.96,92.95,15311.7716,100
100,-1,92.95,92.99,15311.77173,100
100,1,92.98,92.96,15318.85981,100
100,1,92.98,92.96,15318.85991,100
100,1,92.99,92.97,15318.87275,100
100,-1,92.98,93,15318.91142,100
100,1,93,92.96,15323.27577,100
100,-1,92.98,93,15328.63559,100
100,1,93.02,92.98,15328.64571,200
100,-1,92.99,93.02,15350.75939,200
100,-1,92.99,93.02,15368.22982,100
2,-1,92.99,93.02,15368.2356,100
38,-1,92.98,93.01,15368.23596,100
100,-1,92.98,93,15368.23629,100
50,1,92.99,92.96,15368.23738,100
78,-1,92.96,93,15375.72318,200
100,-1,92.96,93,15375.72527,200
25,1,93,92.96,15375.73381,200
100,1,92.99,92.96,15389.30644,100
100,1,92.99,92.96,15389.44075,100
100,1,93,92.97,15389.4412,100
100,-1,92.96,93,15401.12944,100
100,-1,92.96,93,15402.87581,100
100,-1,92.95,92.98,15422.40309,100
19,-1,92.95,92.98,15422.40317,100
100,-1,92.95,92.98,15422.40329,100
100,-1,92.94,92.98,15422.40401,500
81,-1,92.94,92.98,15422.40448,500
19,-1,92.94,92.98,15422.40459,500
100,-1,92.94,92.98,15422.4047,500
100,1,92.97,92.94,15422.41455,200
20,1,92.97,92.94,15422.42105,200
100,1,92.97,92.94,15422.42854,100
100,1,92.97,92.94,15422.42911,100
100,1,92.97,92.94,15422.43714,100
100,-1,92.95,92.98,15422.51527,100
22,1,92.98,92.95,15422.52486,100
78,1,92.94,92.93,15436.68083,100
100,-1,92.93,92.94,15436.68239,100
100,1,92.93,92.9,15436.68699,100
100,1,92.93,92.91,15436.69574,100
100,1,92.96,92.91,15437.03984,100
100,-1,92.9,92.95,15439.00282,100
17,-1,92.9,92.95,15439.00293,100
3,-1,92.9,92.95,15439.00304,100
100,-1,92.9,92.95,15439.00307,100
10,-1,92.9,92.95,15439.00313,100
10,-1,92.9,92.95,15439.00317,100
100,-1,92.9,92.95,15439.00335,100
100,-1,92.9,92.95,15439.00339,100
100,-1,92.9,92.95,15439.00355,100
100,-1,92.9,92.95,15439.0037,100
100,-1,92.9,92.95,15439.00375,100
100,-1,92.9,92.94,15439.00433,100
350,-1,92.9,92.94,15441.16437,100
8,1,92.94,92.92,15444.70886,100
74,1,92.96,92.92,15444.70896,100
100,-1,92.92,92.97,15444.70898,100
100,-1,92.94,92.97,15444.71731,100
95,1,92.97,92.94,15444.72467,200
58,1,92.97,92.95,15444.72495,100
42,1,92.97,92.95,15444.72508,100
8,-1,92.94,92.98,15444.8702,100
8,1,92.98,92.93,15445.87916,400
50,-1,92.93,92.98,15452.32774,200
100,-1,92.93,92.98,15452.33125,200
34,-1,92.9,92.96,15453.72941,400
6,-1,92.9,92.96,15454.41479,400
100,1,92.97,92.92,15457.33153,100
108,1,92.98,92.94,15459.3867,100
92,1,92.98,92.95,15479.43505,100
100,1,92.99,92.95,15492.28246,100
300,-1,92.96,93.01,15492.28345,100
10,1,92.98,92.96,15492.3203,100
3,-1,92.96,93.01,15492.34137,100
5,-1,92.97,93.01,15492.34179,100
100,-1,92.97,93.01,15492.34558,200
1,-1,92.99,93.02,15521.39609,200
50,-1,93,93.02,15524.14242,200
100,-1,92.97,93,15526.0795,400
4,1,92.98,92.93,15540.10977,200
200,-1,92.93,92.98,15541.38521,100
10,1,92.99,92.95,15554.68983,100
46,1,92.99,92.96,15554.6901,100
8,1,93,92.96,15554.76534,100
46,1,93,92.96,15555.73104,100
200,1,93,92.96,15569.37916,100
300,1,93,92.96,15569.38014,100
100,-1,92.97,93,15606.76297,200
3,1,93.01,92.97,15606.8903,200
50,-1,92.97,93.01,15609.26113,100
100,1,93,92.98,15609.26437,100
2,-1,92.98,93.02,15618.18182,100
100,-1,92.98,93.02,15621.29757,100
7,-1,92.98,93.02,15621.30182,100
1,1,92.98,92.96,15627.40382,100
100,1,92.98,92.96,15627.40395,100
10,1,92.98,92.96,15627.41172,400
100,1,92.98,92.96,15627.59262,300
100,1,92.99,92.97,15656.51863,200
100,1,92.99,92.97,15656.92232,200
100,1,92.99,92.97,15656.92242,100
100,1,92.99,92.97,15657.84447,100
142,1,92.99,92.98,15657.84471,100
50,1,93,92.99,15657.85283,100
8,1,93,92.99,15657.85307,100
100,1,93.01,92.99,15657.85324,200
100,1,93.01,92.99,15657.85334,200
6,1,93.01,92.99,15657.85336,200
100,1,93.01,92.99,15658.94599,200
10,1,93.01,93,15658.94642,100
200,-1,93,93.03,15658.9466,100
100,-1,92.99,93.02,15660.40205,300
10,-1,92.99,93.02,15660.40214,300
100,-1,92.99,93.01,15662.33236,100
100,1,93.01,92.98,15668.98436,100
100,1,93.01,92.98,15670.51118,100
1,1,92.99,92.98,15677.68231,100
10,-1,92.98,92.99,15677.68235,100
10,1,92.99,92.98,15677.68619,200
80,-1,92.97,93,15677.81064,100
20,-1,92.96,92.98,15695.45729,200
20,-1,92.96,92.98,15695.45745,200
100,-1,92.96,92.98,15695.46067,200
35,-1,92.96,92.97,15695.46274,200
100,-1,92.96,92.97,15695.46345,200
20,-1,92.95,92.97,15695.49441,100
50,-1,92.95,92.97,15695.49451,100
2,1,92.96,92.94,15695.59686,200
90,1,92.96,92.94,15695.61515,200
50,1,92.96,92.94,15695.6922,200
3,1,92.96,92.94,15696.07563,200
33,1,92.94,92.92,15698.97152,200
15,-1,92.92,92.94,15698.97165,200
100,-1,92.92,92.94,15698.97194,200
85,1,92.92,92.91,15698.99716,100
34,1,92.96,92.9,15701.78632,200
100,-1,92.94,92.96,15723.95936,100
100,-1,92.95,92.97,15727.90107,100
100,-1,92.95,92.97,15727.90111,100
100,-1,92.95,92.97,15727.90113,100
100,-1,92.95,92.97,15727.90161,200
100,-1,92.95,92.97,15729.43384,100
100,1,92.96,92.94,15735.75086,200
100,1,92.96,92.94,15735.75089,200
100,1,92.94,92.93,15735.75659,200
300,-1,92.93,92.96,15735.95975,100
100,-1,92.93,92.94,15749.14911,100
100,-1,92.93,92.94,15749.14923,100
100,1,92.95,92.92,15756.12347,100
100,-1,92.93,92.95,15757.45439,100
15,-1,92.93,92.94,15759.07628,100
85,-1,92.92,92.94,15762.43828,200
100,1,92.95,92.92,15767.70901,100
10,-1,92.93,92.95,15767.71289,100
5,-1,92.93,92.95,15767.71384,100
100,-1,92.93,92.95,15767.72392,100
12,1,92.95,92.93,15767.72601,200
88,1,92.94,92.92,15771.06077,100
100,1,92.94,92.92,15772.93535,100
100,1,92.94,92.92,15772.93552,100
100,1,92.95,92.92,15772.93567,100
21,-1,92.93,92.95,15772.93589,100
100,-1,92.92,92.94,15773.58109,100
50,1,92.94,92.91,15777.56242,100
50,1,92.93,92.91,15785.23173,100
100,1,92.92,92.91,15785.61641,100
50,1,92.93,92.91,15793.23846,200
100,-1,92.91,92.92,15794.53374,100
100,1,92.92,92.91,15794.78276,100
5,1,92.93,92.91,15794.78281,100
5,1,92.93,92.91,15794.78287,100
42,1,92.92,92.91,15795.90271,100
100,1,92.91,92.9,15795.90637,100
100,1,92.91,92.9,15795.90846,100
100,1,92.91,92.9,15795.9455,100
100,1,92.91,92.9,15796.20248,100
100,-1,92.91,92.92,15796.20272,100
5,1,92.93,92.91,15796.20281,100
5,-1,92.89,92.92,15797.45176,100
100,-1,92.89,92.91,15800.98975,100
1,-1,92.89,92.91,15811.81812,100
1,-1,92.89,92.9,15811.8185,100
5,-1,92.89,92.9,15811.81858,100
5,-1,92.89,92.9,15811.81922,100
100,1,92.88,92.85,15822.19628,100
50,1,92.88,92.86,15822.43663,100
50,-1,92.85,92.88,15823.16984,100
50,1,92.88,92.85,15824.03889,100
50,1,92.89,92.85,15824.03903,200
100,1,92.89,92.86,15824.03915,200
100,-1,92.87,92.88,15825.11703,100
100,1,92.88,92.86,15830.99093,200
200,1,92.88,92.87,15830.9915,100
100,1,92.89,92.87,15830.99162,200
100,1,92.88,92.87,15833.21165,100
1,-1,92.87,92.89,15849.81584,200
300,-1,92.87,92.89,15850.77085,200
300,1,92.89,92.87,15853.90481,100
50,1,92.89,92.87,15853.90492,100
150,1,92.89,92.87,15853.90508,100
100,1,92.93,92.89,15857.85348,500
100,1,92.92,92.88,15858.61818,100
100,1,92.93,92.9,15876.89376,100
200,-1,92.91,92.95,15903.31425,200
100,-1,92.91,92.95,15903.31428,200
96,-1,92.91,92.95,15903.3143,200
100,-1,92.91,92.95,15903.31439,100
4,-1,92.91,92.95,15903.31441,100
100,-1,92.91,92.92,15903.31449,100
100,-1,92.91,92.92,15903.31451,100
100,-1,92.91,92.92,15903.31454,100
300,-1,92.91,92.92,15903.31459,100
300,1,92.92,92.88,15903.31465,100
47,1,92.91,92.88,15903.32054,100
100,1,92.91,92.89,15903.41754,100
100,1,92.91,92.89,15913.30852,100
100,1,92.91,92.88,15937.43646,300
100,1,92.9,92.89,15946.71883,100
100,1,92.91,92.88,15946.73904,400
100,1,92.91,92.9,15953.37186,300
14,1,92.91,92.9,15953.37208,300
100,1,92.91,92.9,15953.37212,300
310,1,92.91,92.9,15953.3722,300
100,1,92.91,92.9,15953.37788,300
100,1,92.88,92.87,15960.55549,200
100,1,92.88,92.87,15960.55558,200
100,-1,92.87,92.88,15960.55563,100
100,-1,92.86,92.88,15960.55565,200
100,1,92.87,92.86,15960.65543,100
100,1,92.88,92.86,15962.15355,200
100,-1,92.86,92.89,15968.08623,200
100,-1,92.86,92.89,15968.08639,200
100,-1,92.86,92.87,15968.08901,200
12,-1,92.85,92.87,15968.11492,100
88,1,92.86,92.82,15972.44246,200
100,-1,92.82,92.86,15973.60146,100
45,-1,92.82,92.84,15975.70066,100
50,1,92.84,92.8,15975.70198,100
5,1,92.83,92.77,15975.95628,200
100,-1,92.77,92.82,15990.09246,100
45,1,92.82,92.76,16002.11785,300
80,1,92.81,92.76,16002.11804,100
1,1,92.81,92.75,16002.2075,200
20,1,92.8,92.77,16005.2612,100
100,1,92.8,92.77,16005.26128,100
100,-1,92.78,92.82,16005.2624,200
200,1,92.8,92.76,16014.83121,100
100,-1,92.75,92.81,16014.95396,100
52,-1,92.75,92.79,16015.36912,100
100,1,92.78,92.73,16022.63732,100
100,1,92.78,92.73,16022.64073,100
100,1,92.78,92.73,16025.68494,100
100,1,92.79,92.74,16030.75353,100
100,1,92.78,92.75,16042.54244,100
100,1,92.78,92.75,16042.54254,100
100,1,92.78,92.75,16042.5427,100
100,-1,92.78,92.79,16042.54356,100
100,1,92.79,92.76,16043.16935,100
100,-1,92.79,92.82,16043.16993,100
100,1,92.81,92.77,16048.27515,100
55,-1,92.78,92.82,16049.05841,100
45,-1,92.78,92.82,16079.51738,200
55,1,92.78,92.77,16079.5177,200
45,-1,92.77,92.78,16079.52388,100
100,-1,92.75,92.77,16079.5926,100
100,-1,92.75,92.77,16079.59285,100
100,-1,92.74,92.77,16079.59305,200
100,1,92.77,92.75,16099.85538,100
100,-1,92.74,92.77,16099.95542,100
100,-1,92.74,92.77,16099.95545,100
10,1,92.75,92.73,16099.95605,100
100,1,92.75,92.73,16099.95615,100
100,-1,92.73,92.79,16105.65446,100
100,-1,92.71,92.76,16121.79072,100
100,1,92.79,92.74,16123.75777,100
100,-1,92.73,92.79,16127.01949,300
100,1,92.79,92.75,16134.2453,100
100,1,92.79,92.75,16134.24533,100
200,1,92.81,92.77,16134.24572,700
100,-1,92.76,92.81,16141.652,100
100,-1,92.76,92.81,16141.6521,100
100,-1,92.76,92.81,16141.65215,100
100,-1,92.76,92.8,16141.65254,100
100,1,92.76,92.74,16141.83874,200
100,-1,92.74,92.76,16141.84274,400
48,1,92.76,92.73,16150.04525,100
100,1,92.76,92.74,16160.95546,100
34,-1,92.73,92.74,16162.51942,100
100,1,92.74,92.73,16162.90519,100
185,1,92.74,92.72,16162.96926,100
100,-1,92.72,92.73,16168.36294,100
4,-1,92.72,92.73,16168.36316,100
100,-1,92.7,92.73,16168.40861,200
45000,1,92.73,92.7,16176.94812,200
1,1,92.73,92.7,16184.60122,100
199,-1,92.7,92.73,16205.26227,200
1,1,92.73,92.7,16205.26362,100
100,1,92.73,92.7,16205.2652,100
100,1,92.73,92.7,16205.26557,100
100,1,92.73,92.7,16205.26566,100
100,1,92.73,92.7,16205.26712,100
100,1,92.73,92.7,16205.26881,100
100,-1,92.7,92.73,16205.27043,200
100,1,92.73,92.7,16205.27063,100
1,1,92.73,92.7,16205.27141,100
99,-1,92.7,92.73,16205.27142,200
1,-1,92.7,92.73,16205.27205,200
52,-1,92.7,92.73,16205.27207,200
100,-1,92.71,92.73,16205.27318,100
100,-1,92.7,92.73,16205.27363,200
100,-1,92.7,92.73,16205.27408,200
100,-1,92.7,92.73,16205.27408,200
100,-1,92.7,92.73,16205.27423,200
100,-1,92.7,92.73,16205.27488,200
100,-1,92.7,92.73,16205.27621,200
100,-1,92.7,92.73,16205.27734,200
100,-1,92.7,92.73,16205.2775,200
200,-1,92.69,92.73,16205.61774,100
98,-1,92.69,92.73,16232.933,100
2,-1,92.69,92.73,16232.93309,100
100,1,92.72,92.69,16232.97211,300
34,1,92.72,92.69,16232.97329,300
100,-1,92.69,92.7,16233.04701,200
100,-1,92.69,92.7,16233.4713,200
100,1,92.69,92.68,16239.23761,200
100,-1,92.68,92.7,16239.23774,100
200,-1,92.68,92.7,16239.2378,100
963,-1,92.68,92.7,16239.23811,200
100,-1,92.68,92.7,16239.23823,200
100,-1,92.69,92.7,16239.23905,100
100,-1,92.69,92.7,16242.81408,100
50,1,92.7,92.69,16242.81417,200
100,1,92.7,92.69,16242.81427,100
50,-1,92.69,92.72,16242.81429,100
100,1,92.72,92.68,16250.59983,100
100,1,92.72,92.68,16250.59991,100
100,1,92.72,92.68,16250.60006,100
34,1,92.73,92.69,16250.60024,200
10,-1,92.69,92.73,16250.60026,100
100,1,92.73,92.69,16250.60035,200
89,1,92.73,92.69,16250.60038,200
14,1,92.73,92.69,16250.6004,200
186,1,92.73,92.69,16250.60043,200
50,1,92.73,92.69,16250.60075,200
64,1,92.73,92.69,16250.60079,200
100,1,92.73,92.69,16250.60084,200
100,1,92.73,92.71,16250.60114,100
100,1,92.74,92.71,16250.60126,500
100,1,92.74,92.71,16250.6032,300
100,1,92.74,92.72,16250.61036,100
100,-1,92.72,92.76,16250.61183,100
100,-1,92.7,92.74,16266.12041,100
100,1,92.75,92.7,16275.4455,100
100,-1,92.72,92.76,16275.44723,100
100,-1,92.72,92.76,16275.44733,100
100,-1,92.74,92.75,16282.96817,100
100,1,92.75,92.74,16283.44174,100
5,-1,92.74,92.75,16284.75227,100
50,1,92.75,92.74,16286.67955,100
100,1,92.76,92.74,16286.68042,100
200,1,92.76,92.74,16286.68055,100
100,1,92.76,92.74,16286.68074,100
100,1,92.76,92.74,16286.68147,100
100,1,92.75,92.74,16286.68514,100
100,1,92.75,92.74,16286.69034,100
100,1,92.76,92.74,16286.69123,100
100,-1,92.75,92.76,16286.69186,100
100,-1,92.74,92.75,16286.72403,100
100,-1,92.73,92.75,16286.72442,200
100,1,92.74,92.73,16286.72518,100
5,1,92.74,92.73,16286.72652,200
5,-1,92.73,92.75,16286.79593,200
6,1,92.75,92.73,16292.64909,200
100,1,92.75,92.72,16308.27946,100
100,1,92.75,92.72,16312.50299,100
100,1,92.75,92.72,16312.50353,100
50,1,92.77,92.73,16312.50369,100
50,1,92.77,92.73,16312.50376,100
100,1,92.75,92.74,16312.50882,100
2,1,92.75,92.74,16312.61156,100
1,1,92.75,92.74,16312.69289,100
100,-1,92.73,92.75,16318.63264,100
100,1,92.77,92.73,16320.09837,100
100,-1,92.74,92.77,16320.09874,100
300,1,92.77,92.74,16320.09939,100
100,1,92.78,92.75,16320.09959,200
100,1,92.78,92.75,16320.09965,100
100,1,92.79,92.75,16320.09973,300
100,-1,92.76,92.79,16320.10629,100
100,-1,92.76,92.79,16320.10753,100
100,-1,92.76,92.79,16338.50645,200
100,-1,92.76,92.79,16348.20756,200
100,1,92.79,92.76,16355.10683,100
60,1,92.79,92.77,16370.24529,100
100,-1,92.78,92.82,16370.2455,100
100,-1,92.78,92.82,16370.24554,100
100,-1,92.79,92.82,16370.24573,100
100,1,92.83,92.79,16374.21781,1000
100,1,92.83,92.8,16386.89793,1100
100,-1,92.8,92.83,16386.90102,100
100,-1,92.8,92.83,16387.00566,100
100,-1,92.8,92.82,16388.30795,100
100,1,92.8,92.79,16388.30819,200
1,-1,92.79,92.8,16388.30849,200
100,-1,92.79,92.8,16388.30852,200
86,-1,92.79,92.8,16388.3086,200
14,1,92.8,92.79,16388.30944,200
36,-1,92.79,92.8,16388.30957,100
36,1,92.8,92.78,16388.30968,200
28,1,92.8,92.78,16388.30971,200
100,-1,92.78,92.82,16410.39232,100
10,-1,92.78,92.82,16410.39237,100
1,-1,92.77,92.82,16413.26327,100
100,-1,92.77,92.82,16413.2633,100
100,1,92.77,92.75,16413.26474,100
100,1,92.79,92.75,16413.78685,100
100,-1,92.75,92.79,16413.78822,100
11,1,92.77,92.73,16443.03629,100
100,1,92.78,92.74,16443.29102,200
15,-1,92.74,92.77,16444.74766,100
100,-1,92.73,92.77,16444.74779,100
100,-1,92.73,92.76,16444.74816,100
100,1,92.76,92.72,16453.91189,100
100,-1,92.72,92.75,16455.71406,200
100,1,92.75,92.72,16464.08156,200
300,1,92.75,92.72,16464.08161,200
100,1,92.75,92.73,16464.08186,100
3,1,92.77,92.73,16464.0843,100
23,-1,92.71,92.77,16469.62872,200
2,1,92.77,92.71,16469.6289,200
5,1,92.76,92.71,16469.62902,100
100,1,92.76,92.71,16469.62907,100
100,1,92.76,92.71,16469.62913,100
30,-1,92.7,92.74,16469.62984,300
100,-1,92.7,92.74,16469.62992,300
100,-1,92.7,92.74,16469.62999,300
70,-1,92.7,92.74,16469.62999,300
100,-1,92.7,92.74,16469.63006,300
100,-1,92.7,92.74,16469.63014,300
36,-1,92.7,92.74,16469.63021,200
73,-1,92.7,92.74,16469.63029,200
38,-1,92.7,92.74,16469.63029,200
38,-1,92.7,92.74,16469.63036,200
100,-1,92.7,92.74,16469.63037,200
100,-1,92.7,92.74,16469.63044,200
100,-1,92.7,92.74,16469.63044,200
100,-1,92.7,92.74,16469.63058,200
100,-1,92.7,92.74,16469.63058,200
100,-1,92.7,92.74,16469.63073,200
100,1,92.74,92.7,16469.63094,100
32,-1,92.7,92.74,16469.63101,200
200,-1,92.7,92.74,16469.63101,200
100,-1,92.7,92.74,16469.63108,200
50,-1,92.7,92.74,16469.63108,200
100,1,92.74,92.7,16469.63115,100
100,1,92.74,92.7,16469.63116,100
100,1,92.74,92.7,16469.63123,100
5,-1,92.7,92.74,16469.63135,100
100,1,92.74,92.7,16469.63136,100
100,-1,92.7,92.74,16469.63161,100
22,-1,92.7,92.74,16469.6321,100
100,-1,92.7,92.74,16469.6321,100
29,-1,92.7,92.74,16469.6321,100
71,1,92.75,92.7,16473.2447,100
100,-1,92.71,92.75,16481.78139,100
24,-1,92.71,92.75,16481.78142,100
76,-1,92.71,92.75,16481.78149,100
100,-1,92.71,92.75,16481.78159,100
30,-1,92.71,92.75,16481.78171,100
100,-1,92.71,92.75,16481.78231,100
39,-1,92.71,92.75,16481.78264,100
100,-1,92.7,92.74,16481.7832,100
49,-1,92.7,92.74,16481.78371,100
1,-1,92.7,92.74,16481.78519,100
50,1,92.7,92.69,16481.80402,200
50,1,92.7,92.69,16481.80415,200
14,1,92.7,92.69,16481.80422,200
48,-1,92.69,92.73,16481.85803,100
52,1,92.73,92.69,16483.7575,200
86,1,92.72,92.68,16519.97419,300
100,1,92.72,92.7,16519.97431,200
100,1,92.72,92.7,16519.97434,200
100,1,92.72,92.7,16519.97446,100
200,1,92.72,92.7,16519.9745,100
100,1,92.72,92.7,16519.97456,100
7,1,92.72,92.7,16519.9746,100
100,1,92.73,92.71,16519.97672,100
100,-1,92.71,92.76,16519.97705,300
200,1,92.72,92.71,16519.9801,200
102,1,92.72,92.71,16519.9802,100
1,-1,92.71,92.76,16519.98216,300
100,-1,92.71,92.76,16519.98345,300
8,-1,92.71,92.76,16520.00469,200
100,-1,92.7,92.75,16538.05573,100
100,-1,92.7,92.75,16538.66287,400
100,1,92.76,92.7,16556.1578,100
56,1,92.75,92.71,16566.90933,100
2,1,92.75,92.72,16566.90966,100
100,-1,92.72,92.75,16567.42915,200
100,1,92.77,92.72,16567.87581,100
100,1,92.77,92.72,16567.944,100
100,1,92.77,92.72,16570.15811,100
30,-1,92.72,92.77,16583.12044,200
70,-1,92.72,92.75,16614.24391,200
9,-1,92.72,92.75,16617.27033,200
91,1,92.77,92.73,16617.34693,100
100,1,92.77,92.73,16617.34696,100
100,1,92.77,92.73,16617.34703,100
100,1,92.77,92.73,16617.34706,100
100,1,92.77,92.73,16617.35014,100
342,1,92.78,92.73,16620.00525,100
224,-1,92.76,92.79,16633.96796,100
376,-1,92.76,92.79,16633.96804,100
100,-1,92.76,92.79,16633.96806,100
152,1,92.77,92.74,16633.96829,100
342,1,92.77,92.74,16633.96843,100
100,1,92.77,92.74,16633.96846,200
68,1,92.78,92.74,16634.07682,100
100,1,92.78,92.74,16634.07694,100
100,1,92.79,92.74,16635.04511,100
100,1,92.79,92.76,16642.72851,100
100,1,92.79,92.75,16642.79913,100
5,-1,92.75,92.79,16643.27052,200
100,1,92.8,92.75,16648.39265,100
100,1,92.81,92.76,16648.39302,200
100,1,92.81,92.77,16648.39357,100
100,1,92.81,92.78,16648.39388,200
12,1,92.81,92.78,16648.39394,200
37,1,92.81,92.78,16648.39399,200
99,1,92.82,92.78,16648.39404,200
37,1,92.82,92.79,16648.39524,100
1,1,92.82,92.79,16648.39542,100
100,1,92.83,92.79,16648.39581,500
26,1,92.83,92.79,16648.39708,500
100,-1,92.79,92.83,16685.73192,100
100,-1,92.78,92.83,16694.09708,200
37,-1,92.79,92.83,16694.09731,100
63,1,92.81,92.79,16704.97677,100
100,-1,92.8,92.83,16708.85437,200
4,1,92.81,92.8,16708.96535,200
59,1,92.81,92.8,16709.70869,200
41,1,92.82,92.8,16709.71441,100
100,1,92.82,92.8,16712.12957,200
46,1,92.82,92.8,16714.33513,100
9,1,92.83,92.8,16719.55017,500
45,-1,92.8,92.83,16745.02802,200
55,-1,92.8,92.83,16745.07086,200
1,-1,92.79,92.8,16745.07503,100
25,-1,92.77,92.79,16745.08761,100
100,-1,92.77,92.79,16745.08788,100
100,-1,92.78,92.79,16745.10193,100
100,1,92.79,92.76,16745.1022,100
86,-1,92.78,92.79,16745.10241,100
14,-1,92.78,92.79,16745.15106,100
50,1,92.81,92.77,16745.2025,100
50,1,92.81,92.76,16745.27883,100
100,1,92.81,92.76,16745.28056,100
5,1,92.8,92.77,16745.35972,100
95,1,92.81,92.76,16745.80101,100
300,1,92.81,92.76,16745.80389,100
100,1,92.8,92.77,16751.6513,100
100,1,92.8,92.77,16751.65331,100
15,1,92.82,92.77,16752.59368,100
85,-1,92.79,92.83,16756.32502,100
15,1,92.8,92.79,16756.33006,100
35,1,92.82,92.78,16758.59148,100
65,-1,92.79,92.83,16763.6168,200
100,-1,92.79,92.83,16773.55514,200
10,-1,92.79,92.83,16778.01781,200
100,-1,92.79,92.83,16796.14367,300
100,-1,92.79,92.83,16796.14379,300
2,-1,92.79,92.83,16796.14382,300
68,-1,92.79,92.83,16796.14388,300
100,-1,92.79,92.83,16796.14391,300
6,-1,92.79,92.83,16796.1444,200
100,-1,92.79,92.83,16796.14491,200
20,-1,92.79,92.83,16796.14573,200
10,1,92.82,92.78,16802.11796,100
100,1,92.82,92.78,16802.11801,100
100,1,92.82,92.79,16802.11814,100
1,1,92.82,92.79,16802.11819,100
100,-1,92.79,92.83,16802.11829,200
100,-1,92.79,92.83,16802.11832,200
100,1,92.83,92.79,16802.11838,500
100,1,92.83,92.79,16802.11841,500
50,1,92.83,92.79,16802.11843,500
50,1,92.84,92.81,16802.11882,100
100,1,92.84,92.81,16802.11887,100
100,1,92.83,92.81,16802.11915,100
100,1,92.84,92.81,16802.11944,100
100,1,92.84,92.81,16802.11988,1000
100,1,92.84,92.81,16802.12027,1000
100,1,92.84,92.81,16802.12038,900
50,-1,92.81,92.85,16802.12105,200
100,1,92.84,92.79,16802.29809,100
100,-1,92.79,92.82,16815.80897,100
100,-1,92.79,92.82,16815.80899,100
140,-1,92.79,92.81,16815.80903,100
33,-1,92.79,92.81,16815.80914,100
50,-1,92.78,92.79,16815.80976,100
100,1,92.78,92.75,16823.44596,100
100,1,92.8,92.78,16842.82576,100
67,1,92.81,92.78,16842.82598,100
33,1,92.82,92.79,16843.94689,200
100,1,92.83,92.81,16844.9552,500
99,1,92.83,92.79,16846.35575,500
100,1,92.82,92.79,16873.59983,100
100,1,92.82,92.79,16874.06793,100
35,1,92.82,92.79,16874.068,100
100,1,92.83,92.79,16874.06863,500
100,1,92.83,92.81,16874.06875,500
200,1,92.83,92.81,16874.06885,500
800,1,92.83,92.81,16874.06895,500
100,-1,92.8,92.82,16874.94453,100
200,-1,92.8,92.82,16892.42686,100
100,-1,92.8,92.82,16892.42715,100
100,-1,92.79,92.82,16892.42734,300
100,-1,92.79,92.82,16892.42739,300
100,-1,92.79,92.82,16892.42745,300
17,1,92.8,92.79,16892.42822,200
83,-1,92.79,92.81,16892.4345,300
100,1,92.81,92.79,16899.59607,200
1,-1,92.79,92.81,16900.97816,200
100,1,92.81,92.8,16903.11564,100
100,1,92.82,92.8,16903.11635,200
100,1,92.82,92.8,16908.99258,100
100,1,92.82,92.8,16908.9927,100
100,1,92.83,92.8,16908.99281,600
100,-1,92.82,92.83,16908.99355,100
50,1,92.83,92.82,16908.99368,600
93,1,92.82,92.8,16918.87996,100
9,1,92.82,92.8,16918.88008,100
100,-1,92.81,92.83,16920.80766,100
91,-1,92.81,92.83,16920.80812,200
100,1,92.83,92.8,16920.88554,500
9,1,92.81,92.8,16928.37381,100
41,-1,92.8,92.81,16928.76471,100
50,-1,92.8,92.81,16928.76644,100
9,-1,92.8,92.81,16928.76958,100
91,-1,92.8,92.81,16931.93088,100
9,-1,92.8,92.81,16931.93092,100
91,-1,92.8,92.81,16931.93097,100
9,-1,92.79,92.81,16931.93109,300
100,-1,92.79,92.8,16931.93173,300
100,-1,92.79,92.8,16931.93239,200
10,-1,92.79,92.8,16931.93483,100
3,1,92.8,92.77,16931.93491,200
5,1,92.8,92.77,16931.93493,200
50,-1,92.77,92.79,16939.33842,100
45,-1,92.77,92.78,16939.33912,100
50,1,92.78,92.75,16939.37961,200
5,1,92.78,92.76,16944.91078,200
100,1,92.78,92.76,16944.91089,200
100,1,92.78,92.77,16944.91118,200
100,1,92.78,92.77,16944.91128,100
100,1,92.79,92.77,16944.91171,100
100,1,92.79,92.77,16944.91203,100
100,-1,92.79,92.81,16944.95686,100
100,-1,92.79,92.81,16952.75697,100
100,1,92.81,92.79,16956.01009,100
5,1,92.81,92.79,16968.72342,100
1,1,92.81,92.79,16968.72382,100
3,1,92.81,92.79,16968.72426,100
100,1,92.82,92.8,16989.70094,400
100,-1,92.8,92.81,16999.83737,100
1,-1,92.8,92.81,17001.20537,100
100,-1,92.8,92.81,17001.20546,100
90,1,92.8,92.79,17001.20686,100
100,1,92.8,92.79,17001.23137,100
100,-1,92.79,92.8,17001.37444,100
55,1,92.8,92.78,17006.00453,100
476,1,92.8,92.78,17006.00485,100
25,-1,92.78,92.8,17006.0073,200
100,-1,92.78,92.8,17006.00751,200
145,-1,92.78,92.8,17006.00755,200
100,-1,92.78,92.8,17006.00814,200
100,-1,92.78,92.79,17006.00839,200
100,-1,92.78,92.79,17006.0085,200
100,1,92.79,92.76,17006.01891,100
100,1,92.81,92.75,17018.31652,200
100,1,92.81,92.76,17042.44349,100
300,1,92.8,92.77,17059.12764,100
100,1,92.8,92.77,17059.12858,100
100,-1,92.78,92.81,17059.12962,300
100,-1,92.78,92.8,17061.24993,100
100,1,92.79,92.76,17075.61947,100
100,-1,92.76,92.79,17083.44543,200
100,-1,92.76,92.79,17084.29515,200
100,1,92.79,92.76,17094.00417,100
100,1,92.79,92.77,17095.70788,100
100,1,92.8,92.77,17096.80676,100
100,-1,92.76,92.78,17106.39818,100
100,-1,92.76,92.77,17106.40132,100
63,-1,92.76,92.77,17106.40141,100
37,-1,92.76,92.77,17106.40165,100
100,1,92.77,92.75,17106.40207,100
50,-1,92.75,92.77,17112.25305,100
5,-1,92.75,92.76,17112.25315,100
50,1,92.76,92.74,17124.55188,100
100,1,92.78,92.74,17129.132,100
300,1,92.78,92.76,17135.50784,200
95,1,92.78,92.77,17138.30036,100
5,1,92.78,92.77,17138.30047,100
100,1,92.79,92.77,17138.30057,200
100,1,92.79,92.76,17142.80484,200
5,1,92.8,92.77,17157.43844,300
54,1,92.78,92.77,17169.36667,100
41,1,92.78,92.77,17169.36918,100
100,1,92.78,92.77,17169.36931,100
446,-1,92.78,92.79,17169.37017,100
18,-1,92.78,92.79,17169.37028,100
100,-1,92.78,92.79,17169.37151,200
100,-1,92.78,92.79,17169.37535,200
10,-1,92.78,92.79,17169.37551,200
1,1,92.78,92.77,17169.3758,200
30,1,92.78,92.77,17169.37587,200
100,1,92.78,92.77,17169.40801,100
60,-1,92.77,92.78,17171.36759,100
19,-1,92.77,92.78,17171.36835,100
100,-1,92.77,92.78,17172.66435,100
10,-1,92.77,92.78,17172.6644,100
71,-1,92.76,92.78,17172.66448,300
100,-1,92.76,92.78,17172.6648,300
29,-1,92.76,92.78,17172.66492,300
100,1,92.77,92.76,17172.66564,200
100,-1,92.75,92.76,17190.37819,100
100,-1,92.75,92.76,17190.37821,100
100,1,92.75,92.74,17190.37845,100
10,1,92.75,92.74,17190.37911,100
100,1,92.75,92.74,17190.37936,100
10,1,92.75,92.74,17190.37948,100
100,1,92.75,92.74,17191.91892,100
100,-1,92.74,92.75,17191.91967,300
100,-1,92.74,92.75,17191.91977,300
80,-1,92.74,92.75,17191.92022,300
100,-1,92.74,92.75,17191.92036,300
10,-1,92.74,92.75,17191.9204,300
66,1,92.75,92.74,17191.92045,100
79,-1,92.74,92.75,17191.92049,300
21,1,92.75,92.74,17191.92049,100
8,1,92.74,92.73,17192.48036,100
92,1,92.74,92.73,17192.4807,100
20,1,92.73,92.72,17192.48312,100
50,-1,92.72,92.73,17192.69556,100
100,-1,92.72,92.73,17192.69601,100
100,-1,92.71,92.73,17192.69794,100
100,-1,92.71,92.72,17193.26524,100
100,1,92.72,92.71,17196.24418,200
100,1,92.72,92.71,17196.24425,200
100,1,92.72,92.71,17196.24466,200
100,1,92.73,92.72,17196.24816,100
100,-1,92.73,92.74,17196.24845,100
100,-1,92.73,92.75,17196.2491,200
500,1,92.74,92.72,17205.4906,100
100,1,92.73,92.72,17205.49306,100
100,1,92.73,92.72,17208.60436,100
100,-1,92.71,92.74,17211.84655,100
100,-1,92.71,92.74,17211.84661,100
21,-1,92.71,92.74,17217.85149,100
100,-1,92.7,92.74,17222.85938,200
100,1,92.75,92.72,17222.95394,100
100,1,92.75,92.72,17222.95405,100
100,1,92.75,92.72,17222.95407,100
100,1,92.75,92.72,17222.95409,100
100,-1,92.73,92.75,17223.2454,100
100,-1,92.73,92.75,17223.47602,100
200,1,92.75,92.73,17226.57224,100
28,-1,92.73,92.75,17226.57239,100
100,-1,92.76,92.78,17229.55967,100
100,1,92.79,92.77,17229.55982,500
100,1,92.79,92.77,17229.55985,500
100,-1,92.77,92.79,17229.55992,200
100,1,92.79,92.77,17229.55995,500
32,1,92.79,92.77,17229.55997,500
1,1,92.79,92.77,17229.56017,500
100,1,92.79,92.77,17229.56026,500
100,1,92.79,92.77,17229.56059,300
100,1,92.8,92.77,17229.56072,600
100,1,92.8,92.77,17229.56074,600
61,1,92.8,92.77,17229.56128,600
2,1,92.8,92.77,17229.56153,500
97,1,92.8,92.77,17229.56163,500
39,1,92.8,92.77,17229.56167,200
5,1,92.8,92.77,17229.5617,200
50,1,92.81,92.78,17229.56997,400
50,1,92.81,92.77,17229.58047,400
50,-1,92.78,92.83,17234.71021,200
50,-1,92.78,92.82,17246.85329,200
3,1,92.82,92.78,17251.54067,100
29,-1,92.78,92.82,17253.35073,200
71,-1,92.78,92.8,17268.06091,100
49,-1,92.78,92.8,17268.06094,100
100,-1,92.78,92.8,17268.06096,100
47,-1,92.78,92.8,17268.06099,100
700,-1,92.78,92.79,17268.06108,100
800,1,92.79,92.76,17268.06121,200
3,1,92.79,92.76,17268.06131,200
100,1,92.78,92.75,17268.07221,300
3,-1,92.75,92.78,17270.46067,100
100,1,92.78,92.75,17277.96892,200
100,1,92.78,92.76,17277.97199,200
100,1,92.78,92.76,17277.9721,200
100,1,92.78,92.76,17277.9726,200
100,1,92.78,92.76,17277.97291,200
100,1,92.78,92.76,17277.97364,200
100,1,92.78,92.76,17277.97375,200
10,1,92.8,92.76,17277.97398,100
15,-1,92.77,92.8,17277.98661,200
2,-1,92.78,92.8,17277.99238,100
100,1,92.78,92.77,17277.99427,100
100,-1,92.77,92.8,17278.03904,100
100,1,92.8,92.77,17278.20836,100
100,1,92.8,92.77,17278.20857,100
1,1,92.8,92.77,17278.22475,100
16,1,92.77,92.76,17278.89315,100
100,-1,92.76,92.77,17283.01232,100
100,1,92.77,92.76,17283.03196,100
50,1,92.77,92.75,17286.63997,100
50,1,92.76,92.75,17300.10021,100
100,-1,92.75,92.76,17300.40394,100
19,1,92.75,92.74,17300.40456,100
10,1,92.75,92.74,17300.40458,100
200,1,92.75,92.74,17300.40536,200
3,1,92.75,92.74,17301.98209,200
66,1,92.75,92.74,17303.86543,100
16,1,92.75,92.74,17305.03576,100
34,1,92.76,92.74,17305.03665,100
66,1,92.75,92.74,17312.16654,100
18,-1,92.74,92.75,17314.0184,100
32,-1,92.74,92.75,17314.01852,100
68,1,92.74,92.73,17314.01913,100
32,1,92.74,92.73,17314.01922,100
100,1,92.74,92.73,17314.01924,100
68,1,92.74,92.73,17314.01927,100
200,1,92.74,92.73,17314.01951,100
100,-1,92.73,92.74,17314.55716,100
200,1,92.74,92.73,17314.5572,100
100,1,92.74,92.73,17314.55725,100
34,1,92.74,92.72,17314.55737,100
100,1,92.73,92.72,17314.56009,100
100,-1,92.72,92.73,17314.58351,400
400,1,92.73,92.72,17314.66993,100
1200,-1,92.72,92.73,17315.12314,100
100,1,92.71,92.7,17317.8447,100
8,1,92.71,92.7,17317.84619,100
10,1,92.71,92.7,17317.84632,100
90,-1,92.7,92.72,17323.11813,100
10,1,92.71,92.69,17332.70567,100
100,-1,92.7,92.71,17340.08564,100
300,1,92.71,92.69,17340.14251,200
100,1,92.72,92.69,17340.1426,100
16,-1,92.7,92.72,17340.18465,200
100,1,92.72,92.71,17340.2089,100
4,-1,92.7,92.75,17341.83014,300
96,-1,92.7,92.75,17342.22551,500
100,1,92.75,92.71,17351.3862,100
6,1,92.75,92.72,17361.55937,100
10,-1,92.73,92.75,17366.81916,200
1,-1,92.73,92.75,17366.82035,100
28,-1,92.73,92.75,17366.82047,100
72,-1,92.73,92.75,17366.82048,100
100,-1,92.73,92.75,17366.82791,100
100,1,92.74,92.72,17366.84396,100
26,-1,92.72,92.73,17369.84969,100
100,-1,92.71,92.73,17369.84985,100
2,1,92.72,92.71,17380.27895,100
72,-1,92.71,92.73,17380.27916,200
100,-1,92.71,92.72,17381.62496,200
200,-1,92.71,92.72,17381.62505,200
100,-1,92.71,92.72,17381.62531,200
100,-1,92.71,92.72,17381.62541,100
100,-1,92.7,92.72,17381.6255,200
100,1,92.71,92.7,17382.20454,100
96,1,92.71,92.69,17383.37886,100
100,-1,92.69,92.73,17387.34827,100
51,-1,92.7,92.72,17387.34924,100
49,1,92.72,92.69,17398.15898,200
1,1,92.72,92.69,17398.15916,200
49,1,92.72,92.69,17398.15918,200
50,1,92.72,92.69,17398.15953,200
1200,1,92.73,92.71,17398.17509,100
1200,1,92.73,92.71,17410.02208,200
10,1,92.73,92.71,17410.02216,100
2,1,92.73,92.71,17410.02273,100
98,1,92.73,92.71,17410.0229,100
90,1,92.75,92.71,17410.02292,100
10,-1,92.72,92.75,17410.02315,100
100,-1,92.73,92.74,17410.0613,100
44,1,92.74,92.72,17410.06143,100
100,1,92.75,92.71,17418.78418,200
50,-1,92.72,92.78,17428.00752,100
50,1,92.77,92.71,17430.32246,200
50,1,92.75,92.71,17433.35322,200
60,-1,92.71,92.75,17433.36272,200
40,-1,92.71,92.75,17437.11049,200
100,-1,92.71,92.74,17439.59138,200
2,1,92.74,92.71,17439.81051,100
98,-1,92.71,92.74,17440.99167,200
2,-1,92.71,92.74,17440.9918,200
100,-1,92.71,92.74,17440.99213,200
100,-1,92.71,92.74,17440.99238,200
100,-1,92.71,92.74,17440.99245,200
100,-1,92.71,92.72,17440.99249,200
100,-1,92.71,92.72,17440.99259,200
10,-1,92.71,92.72,17440.99268,200
1,-1,92.7,92.72,17440.99378,200
2,-1,92.69,92.73,17441.0107,200
39,-1,92.69,92.74,17441.10518,100
61,-1,92.69,92.71,17457.82276,100
38,-1,92.69,92.71,17472.49788,100
100,-1,92.69,92.71,17472.49796,100
62,-1,92.69,92.7,17472.49821,100
100,-1,92.68,92.7,17472.49829,300
100,-1,92.7,92.71,17481.25696,100
100,1,92.71,92.69,17498.72196,500
100,1,92.71,92.69,17498.72201,500
200,1,92.71,92.69,17498.72205,500
100,1,92.71,92.69,17498.72213,300
96,1,92.72,92.7,17498.72272,100
105,1,92.72,92.7,17498.72285,100
204,1,92.72,92.7,17498.72288,100
100,1,92.72,92.7,17498.72297,100
100,1,92.72,92.7,17498.72299,100
100,-1,92.7,92.74,17498.72626,200
196,-1,92.7,92.74,17498.72644,200
100,-1,92.7,92.74,17498.7419,200
100,-1,92.7,92.74,17498.74387,200
100,-1,92.71,92.74,17498.86913,100
2,-1,92.72,92.74,17507.2395,100
4,-1,92.72,92.74,17507.24047,100
4,1,92.73,92.71,17507.24676,300
100,1,92.74,92.69,17507.31371,200
100,1,92.73,92.69,17514.78155,100
100,1,92.73,92.69,17514.78167,100
50,1,92.73,92.69,17514.7817,100
50,1,92.76,92.69,17514.78184,100
13,1,92.76,92.7,17514.78192,100
92,1,92.76,92.7,17514.78195,100
100,1,92.76,92.7,17514.78208,100
100,-1,92.7,92.76,17514.78224,100
100,-1,92.7,92.76,17514.78242,100
100,-1,92.71,92.76,17514.78257,200
100,-1,92.71,92.76,17514.78259,200
39,1,92.76,92.71,17514.78272,100
100,1,92.76,92.71,17514.78279,100
32,1,92.76,92.71,17514.78307,100
10,1,92.76,92.71,17518.5969,100
2,1,92.76,92.71,17518.59702,100
100,1,92.76,92.71,17518.59705,100
100,1,92.76,92.71,17518.59712,100
100,1,92.76,92.71,17518.59716,100
100,1,92.76,92.71,17518.59722,100
100,-1,92.72,92.77,17518.5981,300
100,1,92.77,92.72,17518.59841,200
100,1,92.77,92.72,17518.59844,200
100,1,92.77,92.72,17518.59846,200
100,1,92.77,92.72,17518.59857,200
100,1,92.77,92.72,17518.59859,200
100,1,92.77,92.72,17518.59862,200
100,1,92.77,92.72,17518.59864,200
11,1,92.77,92.73,17518.59915,100
40,-1,92.73,92.77,17521.85249,100
40,-1,92.72,92.77,17530.09231,100
100,1,92.73,92.71,17581.66158,100
100,1,92.73,92.72,17582.91572,100
200,-1,92.72,92.73,17582.91744,100
20,-1,92.72,92.73,17582.9186,100
63,-1,92.71,92.73,17582.9188,200
100,-1,92.71,92.73,17582.91894,200
100,-1,92.71,92.73,17582.91896,200
100,-1,92.71,92.72,17582.91939,200
1,-1,92.71,92.73,17586.20368,200
100,1,92.71,92.7,17586.20491,100
100,1,92.71,92.7,17586.22021,100
100,1,92.73,92.71,17598.79119,100
14,1,92.73,92.71,17598.79125,100
66,1,92.73,92.71,17598.79131,100
14,1,92.73,92.71,17598.79133,100
66,1,92.73,92.72,17598.79141,100
29,1,92.74,92.72,17598.79151,100
50,1,92.73,92.72,17598.79352,100
21,-1,92.73,92.75,17598.79867,100
29,-1,92.73,92.75,17598.7988,100
50,1,92.75,92.7,17610.12496,200
100,-1,92.71,92.76,17652.42807,300
21,-1,92.71,92.76,17659.60187,300
16,-1,92.71,92.76,17659.60214,300
100,-1,92.72,92.76,17661.63678,200
5,1,92.77,92.73,17673.08558,200
66,-1,92.73,92.77,17673.08626,300
200,1,92.77,92.73,17673.08638,200
200,1,92.77,92.73,17673.0864,200
1700,1,92.77,92.73,17673.08643,200
100,1,92.77,92.73,17673.08645,200
5,1,92.77,92.73,17673.08698,200
31,1,92.77,92.73,17673.087,200
50,1,92.77,92.73,17680.74956,200
45,-1,92.73,92.75,17687.23794,200
45,1,92.74,92.73,17687.93625,100
45,1,92.74,92.73,17693.37665,200
100,-1,92.73,92.74,17693.57496,200
100,-1,92.73,92.74,17693.57536,100
100,-1,92.73,92.74,17693.57614,100
3,1,92.73,92.72,17699.85583,100
93,1,92.73,92.72,17699.85596,100
2,1,92.73,92.72,17699.85603,100
5,1,92.73,92.72,17699.85615,100
100,1,92.73,92.72,17699.85634,100
10,-1,92.72,92.73,17699.85643,100
100,1,92.73,92.72,17699.85663,100
9,1,92.73,92.72,17699.85672,100
59,1,92.73,92.72,17699.85682,100
3,1,92.73,92.72,17699.85705,100
100,1,92.73,92.72,17699.85708,100
100,1,92.73,92.71,17699.85761,100
100,1,92.75,92.72,17707.33214,200
1,-1,92.72,92.74,17708.11077,100
47,-1,92.72,92.74,17708.11081,100
49,-1,92.72,92.74,17708.11088,100
2,-1,92.72,92.74,17708.1109,100
100,-1,92.72,92.74,17708.11353,100
100,-1,92.72,92.74,17708.11917,100
100,-1,92.72,92.73,17708.14891,100
2,-1,92.71,92.73,17714.62142,400
98,-1,92.71,92.73,17714.62152,400
5,-1,92.71,92.73,17714.6219,400
66,-1,92.71,92.73,17714.622,400
29,1,92.72,92.71,17714.62312,100
100,1,92.72,92.71,17714.6233,100
100,1,92.72,92.71,17714.62362,100
77,1,92.72,92.71,17714.62383,100
3,1,92.72,92.71,17714.62424,100
100,1,92.72,92.71,17714.62428,100
100,1,92.72,92.71,17714.62439,100
100,1,92.73,92.71,17716.19832,100
100,1,92.73,92.72,17720.39885,100
50,1,92.73,92.72,17720.39895,100
50,1,92.73,92.72,17720.49427,100
100,1,92.74,92.72,17726.14217,200
3,1,92.74,92.72,17732.26247,100
7,1,92.74,92.72,17732.26269,100
10,1,92.74,92.72,17732.26354,100
100,1,92.74,92.72,17732.26388,100
4,1,92.76,92.74,17742.02017,200
100,1,92.76,92.74,17743.60122,200
100,1,92.76,92.74,17743.60396,200
10,1,92.76,92.74,17743.62193,200
87,-1,92.73,92.75,17743.65939,200
100,-1,92.73,92.76,17744.1519,100
10,-1,92.73,92.76,17744.15364,100
100,-1,92.72,92.76,17744.64652,100
73,-1,92.72,92.75,17744.64761,100
27,-1,92.72,92.76,17744.64806,100
73,1,92.76,92.73,17763.45517,200
100,1,92.76,92.73,17766.41804,100
100,1,92.76,92.73,17766.41831,100
27,-1,92.75,92.77,17804.90101,200
300,-1,92.75,92.77,17804.90104,200
100,-1,92.75,92.77,17804.90107,200
101,-1,92.75,92.76,17804.90169,200
100,-1,92.73,92.77,17804.94176,200
50,1,92.75,92.74,17818.90144,100
50,1,92.75,92.74,17818.90152,100
100,1,92.76,92.74,17818.90163,100
2,1,92.76,92.74,17818.90172,100
50,1,92.76,92.74,17818.90175,100
50,1,92.76,92.74,17818.90198,100
50,-1,92.75,92.77,17818.90865,300
50,1,92.77,92.75,17818.91039,200
50,1,92.77,92.75,17818.91104,200
100,1,92.76,92.73,17838.92728,100
100,1,92.76,92.75,17838.92761,100
17,1,92.77,92.75,17838.93366,100
100,1,92.77,92.76,17838.93493,100
83,1,92.77,92.76,17838.93524,100
100,1,92.77,92.76,17838.93602,100
100,1,92.77,92.76,17838.93681,100
100,-1,92.76,92.77,17838.93693,200
100,-1,92.77,92.78,17838.93723,200
15,-1,92.77,92.78,17838.93731,200
85,1,92.78,92.77,17838.93966,100
100,1,92.79,92.77,17838.94467,100
9,1,92.79,92.77,17838.95658,100
100,1,92.79,92.77,17838.95664,100
100,1,92.8,92.77,17838.95699,200
100,-1,92.78,92.8,17838.97013,100
100,-1,92.78,92.8,17838.97074,100
25,-1,92.76,92.8,17841.78167,100
1,1,92.78,92.77,17869.46825,100
26,-1,92.77,92.78,17869.46831,100
5,1,92.78,92.77,17869.46834,100
38,-1,92.77,92.78,17869.46844,100
8,1,92.77,92.75,17869.86255,200
6,1,92.77,92.75,17869.86266,200
10,1,92.77,92.75,17869.86268,200
46,-1,92.75,92.77,17870.64388,100
99,-1,92.74,92.76,17870.64446,100
53,1,92.77,92.74,17878.2388,100
30,1,92.77,92.74,17879.58119,100
24,1,92.77,92.74,17879.5838,100
17,1,92.77,92.75,17880.20649,100
76,-1,92.76,92.8,17880.20693,100
23,-1,92.76,92.8,17880.20729,300
1,1,92.78,92.75,17884.20929,200
15,-1,92.75,92.78,17886.86085,100
65,-1,92.75,92.78,17886.861,100
12,-1,92.74,92.78,17915.90832,100
19,-1,92.74,92.78,17915.90839,100
50,-1,92.74,92.78,17915.9085,100
10,-1,92.74,92.77,17915.90888,100
5,-1,92.75,92.76,17915.91264,100
48,1,92.76,92.75,17915.92161,100
100,-1,92.74,92.76,17915.92467,100
300,-1,92.74,92.75,17917.89691,100
300,1,92.74,92.72,17917.89704,200
100,1,92.74,92.72,17917.89715,200
1,1,92.74,92.72,17917.90127,200
14,-1,92.72,92.75,17922.79816,100
5,-1,92.73,92.75,17930.4714,100
1000,-1,92.73,92.75,17930.47145,100
100,-1,92.73,92.75,17930.47155,100
62,-1,92.72,92.74,17931.1711,200
100,-1,92.72,92.74,17931.17137,200
19,-1,92.72,92.74,17931.1719,200
13,-1,92.7,92.72,17936.85917,100
100,-1,92.7,92.72,17936.8592,100
100,1,92.72,92.7,17943.50121,200
92,-1,92.7,92.72,17944.34371,400
8,-1,92.7,92.72,17947.29669,400
8,1,92.72,92.71,17947.72643,200
92,1,92.72,92.71,17947.72663,100
4,1,92.72,92.71,17947.72673,100
8,1,92.74,92.72,17947.73807,100
92,1,92.73,92.7,17947.76213,100
50,1,92.75,92.72,17956.51025,100
34,1,92.74,92.72,17987.62683,100
100,1,92.74,92.72,17987.62695,100
16,1,92.74,92.72,17987.62705,100
84,1,92.74,92.72,17987.62708,100
16,1,92.74,92.72,17987.62737,100
30,1,92.75,92.73,17987.62937,100
70,1,92.75,92.74,17987.63025,100
30,1,92.75,92.74,17987.6303,100
800,1,92.77,92.73,17988.0714,200
67,-1,92.72,92.76,17990.98807,200
5,-1,92.72,92.76,18005.39447,200
33,-1,92.72,92.74,18005.39566,200
33,-1,92.72,92.74,18005.39579,200
67,-1,92.72,92.74,18005.39594,200
67,-1,92.71,92.74,18005.54269,200
33,-1,92.71,92.74,18005.54302,100
67,-1,92.7,92.74,18005.54365,100
100,-1,92.69,92.72,18005.57061,100
1,1,92.7,92.69,18005.60826,100
100,1,92.71,92.69,18005.75924,100
100,1,92.7,92.69,18005.76445,100
100,1,92.7,92.69,18005.76917,100
100,1,92.71,92.69,18007.1301,100
8,1,92.71,92.69,18007.13023,100
1,-1,92.69,92.71,18008.13323,100
100,-1,92.69,92.71,18008.13716,100
50,-1,92.69,92.71,18009.42253,100
92,-1,92.69,92.71,18009.42255,100
300,1,92.7,92.67,18010.48145,100
46,1,92.7,92.67,18011.00035,100
4,-1,92.69,92.7,18012.60222,100
100,-1,92.67,92.7,18019.09647,100
196,1,92.71,92.67,18037.94663,100
100,1,92.71,92.67,18037.94673,100
100,1,92.71,92.67,18037.94675,100
100,1,92.71,92.67,18037.94737,100
3,1,92.71,92.68,18037.94757,100
46,1,92.71,92.68,18037.94766,100
100,1,92.7,92.68,18040.56313,100
54,-1,92.68,92.7,18040.78629,100
5,-1,92.68,92.7,18041.10836,100
200,-1,92.67,92.69,18041.11459,100
3,-1,92.67,92.68,18041.11467,100
300,-1,92.67,92.68,18041.11475,100
100,1,92.68,92.63,18041.12369,200
600,1,92.68,92.66,18055.16974,100
1100,1,92.69,92.66,18055.16992,200
500,-1,92.67,92.69,18056.79433,100
100,1,92.68,92.67,18057.06674,100
100,1,92.68,92.67,18057.17181,100
44,1,92.68,92.66,18067.10468,100
56,1,92.68,92.66,18070.1047,100
44,1,92.67,92.66,18072.87495,100
56,1,92.67,92.66,18072.87508,100
100,1,92.67,92.66,18072.87547,300
100,1,92.67,92.65,18072.87604,300
100,1,92.67,92.65,18072.87627,300
100,1,92.67,92.65,18072.87634,300
100,-1,92.65,92.67,18072.8764,100
100,1,92.67,92.65,18072.87646,300
100,1,92.67,92.66,18072.87816,300
100,1,92.67,92.66,18072.87821,300
100,-1,92.66,92.67,18072.87834,200
900,1,92.67,92.66,18072.8784,300
3841,-1,92.66,92.67,18072.87845,100
100,-1,92.66,92.67,18072.87847,100
100,1,92.67,92.66,18072.88017,300
100,1,92.66,92.64,18073.02002,100
15,1,92.66,92.64,18073.02004,100
5,1,92.67,92.65,18074.05622,100
100,1,92.68,92.65,18082.69788,100
100,1,92.68,92.66,18082.698,100
44,1,92.68,92.66,18082.71077,100
56,1,92.68,92.66,18082.71087,100
200,1,92.69,92.66,18082.71106,200
100,1,92.69,92.66,18082.71304,200
100,1,92.69,92.66,18082.71322,100
100,1,92.69,92.66,18082.71347,100
58,1,92.68,92.67,18082.71601,100
100,1,92.68,92.67,18082.71612,100
19,1,92.68,92.67,18082.71615,100
1,1,92.68,92.67,18082.71617,100
100,1,92.68,92.67,18082.7162,100
100,-1,92.67,92.69,18084.65402,100
19,-1,92.66,92.69,18084.65426,200
4,-1,92.66,92.69,18084.6543,200
100,1,92.68,92.64,18093.44002,200
100,-1,92.65,92.68,18118.18978,100
50,-1,92.65,92.68,18124.27903,100
50,-1,92.65,92.68,18124.28167,100
100,-1,92.65,92.68,18124.28833,100
100,-1,92.64,92.66,18130.07092,100
50,-1,92.62,92.66,18130.0711,100
54,-1,92.62,92.66,18130.07121,100
123,1,92.65,92.61,18134.83679,100
100,1,92.63,92.62,18135.14327,100
100,-1,92.63,92.65,18135.1449,200
100,1,92.66,92.62,18152.72586,100
100,-1,92.62,92.66,18155.6699,100
100,-1,92.62,92.66,18155.66994,100
100,-1,92.62,92.66,18155.67001,100
100,-1,92.62,92.64,18155.67098,100
100,-1,92.62,92.64,18155.67111,100
100,-1,92.58,92.62,18157.28948,100
34,-1,92.6,92.62,18158.27376,200
1,1,92.62,92.58,18163.05123,100
66,-1,92.58,92.64,18176.75687,100
34,-1,92.58,92.64,18176.75699,100
66,-1,92.58,92.64,18176.77526,200
5,-1,92.58,92.64,18176.77534,200
95,-1,92.58,92.64,18176.77575,200
100,1,92.63,92.6,18181.46415,100
200,1,92.63,92.6,18181.46431,100
200,-1,92.6,92.65,18185.29045,100
100,-1,92.6,92.65,18185.29068,100
100,1,92.63,92.6,18186.05383,100
100,-1,92.59,92.62,18191.92921,100
100,-1,92.59,92.62,18191.92968,100
100,-1,92.59,92.62,18191.92983,100
100,-1,92.59,92.62,18191.92995,100
100,-1,92.59,92.62,18191.92998,100
100,-1,92.59,92.62,18191.93021,100
100,1,92.61,92.59,18192.46355,100
100,1,92.62,92.59,18196.0673,100
100,1,92.62,92.61,18196.06734,100
46,-1,92.61,92.64,18196.06742,100
100,-1,92.61,92.64,18196.06748,100
100,-1,92.61,92.64,18196.06751,100
100,-1,92.61,92.64,18196.06754,100
100,-1,92.61,92.64,18196.06756,100
100,-1,92.62,92.64,18196.07107,300
50,1,92.64,92.62,18196.074,200
50,1,92.64,92.62,18196.07491,200
100,1,92.64,92.61,18206.40703,100
50,1,92.64,92.61,18206.40744,100
50,1,92.65,92.61,18206.40756,100
50,1,92.67,92.63,18206.40885,600
50,-1,92.64,92.68,18219.14355,200
44,-1,92.64,92.67,18223.34173,100
56,-1,92.64,92.67,18227.0836,100
50,-1,92.64,92.67,18227.08371,100
100,-1,92.64,92.67,18227.08493,100
100,-1,92.64,92.67,18227.08505,100
100,-1,92.64,92.67,18227.14081,100
100,-1,92.64,92.67,18229.62599,100
29,-1,92.63,92.67,18229.62675,100
50,1,92.64,92.63,18229.63093,100
100,1,92.64,92.63,18229.63162,100
100,-1,92.61,92.65,18233.46987,100
390,-1,92.6,92.65,18233.47043,100
1,1,92.67,92.62,18236.13306,100
1,-1,92.62,92.65,18243.83304,200
100,1,92.65,92.62,18256.86828,100
100,-1,92.62,92.65,18265.7572,200
50,1,92.66,92.62,18270.25834,100
100,1,92.66,92.63,18270.25928,100
100,-1,92.64,92.67,18270.25999,100
7,-1,92.62,92.66,18278.66707,200
50,-1,92.62,92.66,18278.66717,200
200,-1,92.61,92.66,18278.66746,100
100,-1,92.61,92.66,18278.66758,100
200,-1,92.61,92.66,18278.66781,100
100,-1,92.61,92.66,18278.66795,100
100,-1,92.61,92.66,18278.66797,100
100,-1,92.61,92.66,18278.66807,100
100,-1,92.6,92.64,18278.66841,100
13,1,92.64,92.59,18278.67542,200
10,1,92.64,92.59,18278.70023,200
5,-1,92.6,92.65,18281.4214,100
5,-1,92.62,92.65,18302.01576,100
5,-1,92.62,92.65,18306.78074,100
5,-1,92.62,92.64,18308.28458,100
55,1,92.64,92.62,18321.51637,100
20,-1,92.62,92.65,18321.51646,200
50,-1,92.62,92.65,18321.51648,200
50,1,92.65,92.62,18321.51653,300
100,1,92.65,92.62,18321.51658,300
100,1,92.64,92.62,18321.51662,100
170,1,92.64,92.62,18321.51675,100
80,1,92.65,92.62,18321.51677,300
36,-1,92.64,92.65,18321.51701,100
87,-1,92.64,92.65,18321.51753,200
29,1,92.65,92.64,18321.51772,300
1,1,92.65,92.64,18321.51793,200
71,-1,92.64,92.67,18321.51805,200
29,-1,92.64,92.67,18321.51808,200
71,1,92.67,92.64,18321.64353,200
100,-1,92.64,92.67,18335.10275,100
100,-1,92.64,92.66,18335.10341,100
57,-1,92.64,92.66,18335.10348,100
100,1,92.64,92.62,18335.1057,100
100,-1,92.62,92.66,18336.95446,100
1,-1,92.62,92.66,18340.86409,100
49,-1,92.62,92.66,18340.86421,100
51,-1,92.62,92.66,18340.86423,100
100,-1,92.62,92.65,18340.86478,100
100,-1,92.62,92.65,18340.86491,100
100,-1,92.62,92.64,18340.86503,100
20,-1,92.6,92.64,18340.86516,100
6,-1,92.6,92.64,18340.86526,100
95,-1,92.6,92.64,18340.86563,100
5,-1,92.62,92.64,18340.86597,100
100,-1,92.6,92.63,18341.28979,100
2,1,92.61,92.59,18345.57686,100
100,-1,92.59,92.6,18345.67755,100
100,-1,92.58,92.61,18347.13819,100
100,1,92.6,92.55,18347.24775,200
10,-1,92.55,92.59,18348.94174,100
100,-1,92.55,92.59,18350.28769,100
16,-1,92.57,92.6,18357.26583,100
26,-1,92.57,92.6,18357.26593,100
31,-1,92.56,92.6,18359.3924,100
27,-1,92.56,92.6,18360.70767,100
73,1,92.59,92.55,18360.70874,100
100,1,92.59,92.55,18360.70928,100
65,1,92.59,92.55,18360.70937,100
100,-1,92.53,92.57,18362.7112,100
100,-1,92.53,92.57,18362.71127,100
27,1,92.57,92.52,18362.96724,100
73,1,92.59,92.55,18363.00574,100
40,-1,92.52,92.59,18363.40634,100
60,1,92.58,92.54,18366.52244,100
100,-1,92.54,92.58,18366.52267,100
100,1,92.58,92.55,18366.52299,100
17,-1,92.54,92.6,18367.24618,100
60,-1,92.53,92.6,18367.57803,100
60,1,92.59,92.54,18369.64659,100
60,1,92.59,92.54,18369.6467,100
39,1,92.6,92.54,18369.64694,100
28,1,92.6,92.55,18369.64726,100
100,1,92.6,92.55,18369.64734,100
30,-1,92.55,92.6,18369.64736,200
100,-1,92.56,92.6,18369.69204,200
100,1,92.6,92.56,18371.15465,200
70,1,92.6,92.56,18371.15478,200
4,-1,92.56,92.6,18371.63874,200
1,-1,92.56,92.6,18371.64608,200
100,-1,92.56,92.6,18371.64734,200
100,-1,92.56,92.6,18371.64808,200
80,-1,92.56,92.6,18371.68963,100
1,-1,92.56,92.6,18371.6899,100
1,-1,92.56,92.6,18371.69,100
300,-1,92.55,92.6,18371.6903,200
300,1,92.58,92.56,18371.70388,100
4,1,92.58,92.56,18371.73279,100
15,1,92.58,92.56,18371.73488,100
100,-1,92.55,92.58,18371.74536,100
500,1,92.57,92.55,18371.79968,100
500,1,92.57,92.55,18371.79975,100
100,1,92.57,92.55,18371.79977,100
99,1,92.57,92.55,18371.79984,100
100,1,92.62,92.58,18371.80152,100
11,1,92.62,92.58,18371.80169,100
100,1,92.62,92.58,18371.80179,100
1,-1,92.58,92.62,18371.80193,200
99,-1,92.58,92.62,18371.80195,200
100,-1,92.58,92.62,18371.80198,200
1,-1,92.58,92.62,18371.802,200
100,1,92.62,92.58,18371.80202,100
60,-1,92.58,92.62,18371.80207,300
50,-1,92.58,92.62,18371.8021,300
50,1,92.62,92.58,18371.80244,100
25,1,92.62,92.58,18371.80246,100
19,1,92.59,92.58,18371.80505,100
100,-1,92.58,92.62,18371.81136,200
200,-1,92.57,92.59,18377.73751,200
100,-1,92.57,92.59,18377.74247,200
3,1,92.59,92.57,18381.00608,100
3,1,92.59,92.57,18381.28158,100
97,1,92.59,92.57,18381.28168,100
14,1,92.59,92.57,18381.2817,100
86,-1,92.57,92.59,18381.28173,200
86,1,92.59,92.58,18381.28238,100
14,1,92.6,92.58,18381.28292,100
100,1,92.6,92.58,18381.28412,100
100,1,92.61,92.58,18382.03752,100
100,1,92.61,92.58,18382.03778,100
800,1,92.61,92.59,18385.2638,100
800,-1,92.6,92.61,18385.26491,100
100,1,92.62,92.6,18385.26515,100
100,-1,92.59,92.62,18385.3602,200
5,1,92.6,92.59,18385.38333,100
100,1,92.6,92.59,18385.38355,100
100,1,92.6,92.59,18385.38379,100
200,1,92.6,92.59,18385.38799,100
100,1,92.6,92.59,18385.38893,100
200,-1,92.59,92.61,18385.39349,100
200,1,92.61,92.6,18385.39555,200
10,-1,92.6,92.61,18385.39877,100
100,-1,92.59,92.61,18387.20758,100
100,-1,92.59,92.61,18387.59577,100
100,-1,92.59,92.61,18391.55919,200
100,1,92.61,92.6,18391.56179,100
100,1,92.62,92.6,18391.64506,100
100,1,92.62,92.6,18391.64574,100
100,-1,92.61,92.63,18391.7762,200
100,1,92.64,92.6,18395.45167,100
5,1,92.64,92.61,18395.5493,200
10,1,92.62,92.61,18396.4539,100
100,-1,92.6,92.64,18399.25619,100
100,-1,92.6,92.64,18399.25624,100
100,-1,92.6,92.64,18399.25632,100
100,-1,92.59,92.62,18399.53888,200
6885,-1,92.59,92.62,18399.53896,200
100,-1,92.59,92.61,18399.92006,100
100,-1,92.59,92.61,18400.07953,100
200,-1,92.59,92.61,18405.80881,300
100,1,92.62,92.6,18408.15732,100
200,1,92.62,92.6,18419.10553,100
100,-1,92.6,92.61,18422.90893,100
100,-1,92.6,92.61,18422.91393,100
20,-1,92.59,92.61,18422.91419,300
200,1,92.6,92.59,18422.91515,200
100,-1,92.59,92.61,18426.09791,200
100,-1,92.59,92.61,18428.19542,200
100,-1,92.59,92.6,18428.64433,200
100,-1,92.59,92.6,18432.55311,100
300,-1,92.59,92.6,18432.55315,100
100,-1,92.59,92.6,18432.55326,100
100,1,92.59,92.58,18432.55396,100
100,1,92.61,92.58,18432.55675,100
100,-1,92.58,92.61,18432.66815,100
500,1,92.61,92.58,18439.37995,100
56,1,92.61,92.59,18439.38052,100
183,1,92.62,92.59,18446.17971,100
1,1,92.61,92.59,18458.716,100
100,1,92.61,92.6,18458.72752,100
100,1,92.62,92.6,18458.73135,200
100,1,92.62,92.6,18458.735,100
100,-1,92.62,92.63,18458.80937,100
100,-1,92.62,92.63,18460.08312,100
100,1,92.61,92.6,18460.57526,100
800,1,92.61,92.6,18460.58055,100
200,-1,92.58,92.61,18476.60475,200
200,1,92.61,92.59,18483.0713,100
100,-1,92.6,92.63,18483.09971,300
100,1,92.63,92.61,18485.24029,100
100,1,92.63,92.61,18485.24266,100
100,1,92.63,92.61,18485.31637,100
100,1,92.63,92.61,18485.35026,100
100,1,92.63,92.61,18488.74547,200
100,1,92.63,92.61,18488.74564,200
50,1,92.63,92.61,18488.74667,200
50,1,92.64,92.61,18488.74869,200
50,1,92.64,92.62,18491.10569,200
300,-1,92.62,92.64,18493.17086,100
200,-1,92.62,92.64,18493.95404,100
400,-1,92.61,92.64,18493.95473,200
40,-1,92.61,92.64,18493.9549,200
5,-1,92.61,92.62,18493.95537,200
413,1,92.62,92.6,18493.95746,100
100,1,92.62,92.6,18493.9576,100
16,1,92.62,92.6,18493.95765,100
100,-1,92.6,92.62,18493.9578,200
200,1,92.62,92.6,18493.95922,100
100,1,92.62,92.6,18493.95922,100
100,1,92.63,92.6,18494.01989,100
100,-1,92.6,92.62,18497.60884,100
35,1,92.63,92.6,18502.5675,100
40,1,92.63,92.6,18502.56755,100
60,1,92.63,92.61,18502.56796,100
100,1,92.63,92.61,18502.56809,100
100,-1,92.61,92.63,18507.14353,100
100,1,92.64,92.61,18513.18578,200
200,1,92.65,92.62,18516.60223,100
100,1,92.65,92.6,18517.17693,100
100,1,92.64,92.62,18522.80669,200
5,1,92.64,92.62,18536.68408,100
100,1,92.64,92.62,18536.68415,100
2,1,92.64,92.62,18536.68426,100
1,-1,92.64,92.65,18536.68469,100
2,1,92.66,92.65,18536.68633,200
100,1,92.66,92.65,18536.68645,200
100,1,92.67,92.66,18536.70845,100
2,1,92.67,92.66,18536.70865,100
14,1,92.67,92.66,18536.70871,100
49,1,92.68,92.66,18536.73383,100
100,-1,92.64,92.67,18541.4163,200
32,-1,92.64,92.67,18541.41658,200
100,-1,92.64,92.67,18541.41667,200
95,-1,92.64,92.67,18541.4223,200
66,-1,92.64,92.66,18541.42294,200
100,1,92.66,92.64,18541.42388,200
100,-1,92.64,92.66,18543.45941,200
1,1,92.66,92.64,18550.39291,200
5,-1,92.64,92.66,18552.75136,200
100,-1,92.64,92.66,18552.75138,200
83,-1,92.64,92.66,18552.75143,200
33,-1,92.64,92.66,18552.75151,200
17,-1,92.64,92.66,18552.75153,200
100,-1,92.64,92.66,18552.75156,200
67,-1,92.64,92.66,18552.75173,200
100,-1,92.61,92.64,18552.78753,100
400,1,92.64,92.61,18559.75163,100
100,1,92.64,92.61,18570.45951,100
100,1,92.64,92.61,18570.45954,100
100,1,92.64,92.61,18570.45962,100
100,1,92.64,92.61,18570.45973,100
100,1,92.64,92.61,18570.46129,100
51,1,92.65,92.63,18575.70637,100
50,1,92.65,92.63,18575.70647,100
100,1,92.64,92.63,18578.90497,100
12,1,92.65,92.63,18584.21978,100
400,1,92.66,92.63,18584.21996,100
100,1,92.66,92.64,18584.22092,100
10,1,92.66,92.64,18599.93649,200
100,-1,92.64,92.66,18599.94395,100
100,-1,92.64,92.66,18608.1773,100
1,1,92.66,92.64,18610.50191,200
100,-1,92.64,92.66,18610.82753,100
100,-1,92.64,92.65,18610.82869,100
100,1,92.65,92.63,18610.83116,200
49,1,92.65,92.63,18610.94073,200
50,-1,92.63,92.65,18614.76504,200
1,-1,92.63,92.65,18614.76565,200
100,-1,92.63,92.65,18614.76622,200
10,-1,92.63,92.65,18614.76745,100
90,-1,92.62,92.65,18614.7743,100
3,1,92.64,92.62,18614.77956,100
100,1,92.64,92.6,18615.33905,300
100,1,92.64,92.6,18615.33988,300
100,-1,92.59,92.62,18620.28601,300
5,1,92.62,92.59,18622.85809,200
1,1,92.62,92.6,18633.10359,400
100,1,92.62,92.6,18633.10373,400
100,1,92.62,92.6,18633.10386,400
100,1,92.62,92.6,18633.10406,400
23,1,92.62,92.6,18633.10427,300
100,1,92.63,92.62,18633.46634,100
100,1,92.63,92.62,18633.46643,100
100,1,92.64,92.62,18633.71147,200
1,-1,92.63,92.64,18633.71664,100
100,1,92.65,92.62,18635.51551,200
10,1,92.65,92.62,18640.01437,100
100,1,92.66,92.62,18642.81764,200
100,-1,92.62,92.66,18647.80313,300
100,-1,92.63,92.68,18663.25548,200
100,-1,92.63,92.68,18663.25816,200
100,-1,92.63,92.68,18663.25861,200
100,-1,92.63,92.68,18663.25864,200
1,1,92.64,92.63,18663.29144,100
49,1,92.64,92.63,18664.4993,100
100,-1,92.63,92.64,18667.87347,100
200,1,92.64,92.63,18667.932,200
4,1,92.65,92.63,18667.93219,100
96,1,92.65,92.63,18667.93238,100
100,-1,92.64,92.65,18667.93316,200
50,1,92.65,92.63,18669.0728,200
50,-1,92.63,92.65,18669.07283,200
68,-1,92.63,92.65,18673.95194,100
18,-1,92.63,92.65,18673.95451,100
100,-1,92.63,92.65,18673.9556,100
10,1,92.66,92.63,18683.60746,200
10,1,92.66,92.64,18686.1119,100
10,-1,92.66,92.67,18717.09215,100
10,-1,92.66,92.67,18718.15999,100
100,-1,92.66,92.67,18718.1754,100
100,1,92.67,92.65,18718.17614,200
100,1,92.67,92.65,18718.17705,200
100,1,92.66,92.65,18718.17889,100
51,-1,92.64,92.66,18718.18968,200
100,1,92.67,92.65,18723.41515,100
82,-1,92.65,92.67,18723.41526,200
18,1,92.67,92.65,18725.50555,100
32,1,92.68,92.65,18725.50621,100
50,-1,92.67,92.68,18725.50635,100
18,-1,92.67,92.68,18725.50652,100
1,1,92.68,92.67,18725.5068,100
100,1,92.69,92.67,18727.54299,200
100,1,92.68,92.67,18734.1987,100
100,1,92.68,92.67,18734.19892,100
100,-1,92.67,92.69,18734.19941,100
2500,1,92.69,92.67,18734.19953,100
100,1,92.68,92.67,18738.49842,100
100,1,92.69,92.67,18740.08804,100
100,1,92.69,92.68,18740.08852,100
100,1,92.7,92.68,18740.08874,200
1,1,92.7,92.68,18740.08931,200
100,1,92.7,92.68,18740.08939,200
100,1,92.71,92.69,18740.36356,200
500,1,92.71,92.69,18740.3636,200
66,1,92.71,92.69,18740.36364,200
66,-1,92.7,92.72,18740.36395,100
34,1,92.73,92.71,18740.36484,200
100,1,92.73,92.71,18740.36509,200
49,1,92.73,92.71,18740.3654,100
100,1,92.74,92.71,18740.36552,400
51,1,92.74,92.71,18740.36561,400
100,1,92.74,92.71,18740.36599,400
100,1,92.74,92.71,18740.36611,400
29,1,92.74,92.71,18740.36709,400
49,1,92.74,92.71,18740.36722,200
100,1,92.74,92.71,18740.36724,200
2,1,92.74,92.71,18740.36774,200
98,1,92.75,92.71,18740.37249,200
200,1,92.74,92.72,18743.01664,100
300,-1,92.73,92.76,18743.02084,100
2500,-1,92.73,92.76,18743.34986,100
12,-1,92.7,92.74,18743.42677,100
40,-1,92.69,92.73,18747.9784,100
100,1,92.71,92.69,18748.04976,100
30,-1,92.68,92.72,18749.3801,100
3,-1,92.68,92.7,18754.9736,100
200,1,92.7,92.68,18756.79554,100
200,1,92.72,92.68,18761.38038,100
500,-1,92.69,92.73,18762.44095,100
200,1,92.73,92.72,18786.00586,100
200,1,92.73,92.72,18786.00599,100
1,1,92.75,92.72,18786.00935,100
99,1,92.75,92.73,18786.56502,100
1,1,92.75,92.73,18786.56507,100
100,-1,92.74,92.76,18788.31576,200
100,-1,92.74,92.76,18788.31628,100
30,-1,92.74,92.75,18788.31694,100
100,-1,92.73,92.75,18788.31706,100
5,-1,92.72,92.75,18788.31947,100
78,-1,92.73,92.74,18791.57725,100
22,-1,92.73,92.75,18791.57854,100
60,1,92.79,92.74,18801.17193,100
40,1,92.79,92.74,18801.17198,100
100,1,92.79,92.74,18801.17205,100
200,1,92.79,92.74,18801.17207,100
100,1,92.79,92.74,18801.17213,100
100,1,92.79,92.74,18801.1722,100
100,1,92.79,92.74,18801.17245,100
100,1,92.79,92.74,18801.17257,100
25,-1,92.75,92.79,18801.17286,100
100,-1,92.75,92.79,18801.17311,100
100,-1,92.75,92.79,18801.17314,100
100,-1,92.75,92.79,18801.17322,100
100,-1,92.75,92.79,18801.17327,100
100,-1,92.75,92.79,18801.17333,100
70,-1,92.75,92.79,18801.17333,100
30,-1,92.75,92.79,18801.17434,100
2,1,92.79,92.75,18801.17503,100
100,1,92.8,92.74,18802.13189,300
2300,-1,92.75,92.79,18822.41368,100
18,-1,92.76,92.79,18832.38342,100
100,-1,92.78,92.8,18840.8083,100
2,-1,92.78,92.8,18841.85357,100
100,-1,92.78,92.79,18841.85368,100
100,1,92.79,92.77,18841.85384,100
100,1,92.79,92.77,18841.85386,100
100,1,92.79,92.77,18841.88903,100
100,1,92.8,92.77,18841.93856,200
100,1,92.8,92.79,18841.94359,100
782,1,92.8,92.77,18844.81681,100
400,-1,92.77,92.8,18849.08275,400
109,-1,92.77,92.8,18853.27793,200
109,-1,92.77,92.8,18862.14037,200
200,-1,92.77,92.8,18862.14047,200
400,-1,92.77,92.8,18862.14082,100
5,-1,92.76,92.8,18862.14086,200
100,-1,92.76,92.8,18862.14096,200
100,-1,92.76,92.8,18862.14098,200
100,-1,92.76,92.8,18862.141,200
100,-1,92.76,92.8,18862.14102,200
100,-1,92.76,92.77,18869.04377,100
100,-1,92.76,92.77,18869.05172,100
100,-1,92.76,92.77,18869.05184,100
100,-1,92.74,92.75,18871.65837,100
2400,1,92.74,92.73,18871.69191,100
100,-1,92.73,92.74,18871.84614,300
100,-1,92.73,92.74,18876.72808,200
100,-1,92.72,92.74,18879.11441,200
100,-1,92.72,92.73,18879.23838,100
100,1,92.73,92.72,18879.24186,100
100,1,92.73,92.72,18883.25194,100
100,1,92.74,92.72,18883.25215,100
10,-1,92.73,92.74,18883.2528,100
1,1,92.74,92.73,18883.25299,100
50,1,92.75,92.72,18883.26569,100
100,-1,92.74,92.76,18917.93085,100
40,-1,92.74,92.76,18930.08808,200
100,-1,92.74,92.76,18930.08822,200
100,-1,92.74,92.76,18930.08834,200
100,-1,92.74,92.76,18930.08882,200
100,-1,92.74,92.76,18930.09937,100
100,1,92.74,92.73,18930.09981,100
50,-1,92.73,92.74,18930.11707,100
1100,-1,92.73,92.74,18930.11721,100
800,1,92.74,92.71,18930.20418,100
100,-1,92.71,92.74,18930.73245,100
100,-1,92.71,92.73,18930.74131,100
100,-1,92.7,92.72,18931.75393,100
200,1,92.72,92.7,18935.05353,100
100,1,92.74,92.7,18935.05359,100
100,1,92.72,92.7,18942.59936,100
100,-1,92.7,92.72,18942.61213,100
11,1,92.71,92.7,18946.39935,100
100,-1,92.7,92.71,18946.4022,100
100,-1,92.7,92.71,18946.4048,100
100,1,92.71,92.68,18946.40493,300
100,-1,92.69,92.71,18959.82639,100
100,1,92.71,92.69,18960.54084,100
100,-1,92.69,92.71,18960.5447,100
11,-1,92.69,92.71,18960.5448,100
100,-1,92.69,92.71,18961.59773,100
89,-1,92.69,92.71,18961.61117,100
11,-1,92.69,92.71,18961.61192,100
100,-1,92.69,92.71,18961.61195,100
1200,-1,92.69,92.71,18961.61268,100
25,-1,92.68,92.69,18961.6213,100
20,-1,92.68,92.69,18961.62146,100
19,-1,92.68,92.69,18961.62149,100
64,-1,92.67,92.69,18961.62164,100
30,-1,92.67,92.69,18961.62259,100
6,1,92.69,92.66,18961.69741,200
14,1,92.69,92.66,18961.71482,100
25,1,92.71,92.66,18963.44048,100
61,1,92.71,92.67,18964.35244,100
39,1,92.71,92.67,18964.35277,100
36,-1,92.7,92.73,18964.35359,100
19,-1,92.7,92.73,18964.35368,100
30,-1,92.69,92.73,18964.76879,100
22,-1,92.69,92.73,18966.61138,100
5,-1,92.7,92.73,18967.97999,100
5,1,92.75,92.71,18971.97362,100
36,-1,92.72,92.76,18973.18942,100
5,-1,92.72,92.77,18983.51974,600
61,-1,92.73,92.77,18989.85295,200
100,-1,92.73,92.77,18989.853,200
100,1,92.77,92.73,18989.85304,100
20,-1,92.73,92.77,18989.8531,100
4,1,92.77,92.73,18989.85316,100
80,1,92.74,92.73,18989.99209,100
100,1,92.74,92.73,18989.99217,100
100,1,92.74,92.73,18989.99219,100
86,-1,92.73,92.77,18989.99227,100
102,1,92.74,92.73,18990.09672,100
86,-1,92.73,92.77,18990.35455,100
14,-1,92.74,92.77,18990.35867,100
14,-1,92.73,92.75,18990.36027,100
100,-1,92.73,92.75,18990.67184,100
600,1,92.76,92.74,18993.50033,100
100,-1,92.75,92.76,18993.50111,100
100,-1,92.74,92.76,18993.52759,100
1,1,92.76,92.74,18998.40647,100
99,1,92.76,92.75,18998.40697,100
19,1,92.78,92.75,18998.40822,100
39,-1,92.75,92.78,19001.47793,100
46,-1,92.75,92.78,19001.90171,100
1,1,92.78,92.75,19003.17786,200
100,1,92.8,92.74,19005.16188,100
100,-1,92.74,92.8,19007.09732,300
400,1,92.76,92.74,19008.8727,300
1200,1,92.76,92.74,19008.87283,200
1300,1,92.76,92.74,19008.88416,200
600,-1,92.74,92.79,19008.88573,400
300,-1,92.75,92.79,19009.09373,100
313,-1,92.75,92.79,19009.09387,100
100,1,92.79,92.76,19009.70597,100
100,1,92.8,92.76,19029.21143,100
100,-1,92.76,92.8,19030.19851,300
100,1,92.77,92.76,19043.05898,100
100,-1,92.76,92.8,19043.30346,200
100,-1,92.76,92.8,19043.31143,200
100,-1,92.77,92.8,19043.31263,100
100,-1,92.77,92.79,19043.31626,200
100,1,92.79,92.76,19043.36487,100
100,1,92.8,92.77,19044.55527,100
100,1,92.8,92.77,19044.55539,100
100,-1,92.78,92.8,19049.02435,100
50,-1,92.78,92.8,19049.02444,100
50,-1,92.78,92.8,19049.02446,100
100,1,92.8,92.79,19049.21581,100
100,-1,92.79,92.81,19049.21592,100
100,-1,92.8,92.83,19054.19265,100
100,1,92.83,92.8,19054.20872,100
100,1,92.83,92.8,19054.20949,100
100,-1,92.81,92.83,19054.20988,100
100,1,92.83,92.81,19054.21027,100
80,-1,92.81,92.83,19058.13242,100
220,-1,92.81,92.83,19058.1353,100
50,-1,92.81,92.83,19062.29419,100
200,1,92.83,92.82,19070.58146,100
100,-1,92.82,92.85,19070.58727,200
200,1,92.82,92.81,19073.02424,100
100,-1,92.81,92.82,19073.02454,100
100,-1,92.81,92.82,19073.02459,100
100,-1,92.81,92.82,19073.02464,100
100,-1,92.81,92.82,19073.02507,100
100,1,92.82,92.78,19073.14171,100
100,1,92.82,92.77,19076.68432,100
100,1,92.82,92.77,19080.15896,100
100,1,92.81,92.77,19100.58949,100
100,1,92.81,92.77,19104.80666,100
100,-1,92.77,92.83,19116.42126,100
100,-1,92.79,92.85,19128.66281,300
100,1,92.82,92.78,19144.00696,100
100,1,92.84,92.78,19144.00705,100
100,1,92.84,92.79,19144.00747,100
100,-1,92.79,92.84,19147.03876,200
100,-1,92.79,92.81,19149.21214,300
100,1,92.82,92.79,19151.62455,200
100,1,92.82,92.8,19152.09501,200
9,1,92.82,92.8,19152.09694,200
2,1,92.82,92.8,19152.09722,200
88,1,92.82,92.8,19152.09737,200
300,1,92.83,92.81,19152.10157,100
300,1,92.82,92.81,19152.10505,100
100,-1,92.81,92.84,19152.10517,200
200,-1,92.8,92.84,19152.61702,200
100,1,92.84,92.82,19155.2117,100
100,1,92.84,92.82,19155.21214,100
100,1,92.84,92.82,19155.21219,100
200,1,92.84,92.83,19155.21226,100
42,1,92.86,92.83,19157.1889,100
11,1,92.86,92.83,19157.19519,100
89,-1,92.83,92.86,19169.50218,200
100,-1,92.83,92.86,19169.50224,200
300,-1,92.83,92.86,19169.50234,200
100,-1,92.83,92.86,19169.50237,200
100,-1,92.83,92.86,19169.50245,200
100,-1,92.83,92.86,19169.50249,200
100,-1,92.83,92.85,19169.50314,200
2,-1,92.82,92.85,19169.50327,100
9,-1,92.82,92.85,19169.50329,100
100,1,92.84,92.8,19176.44937,100
100,-1,92.82,92.86,19184.8737,200
200,-1,92.81,92.86,19188.04037,100
100,-1,92.81,92.86,19188.04049,100
1000,-1,92.81,92.85,19188.0406,100
100,1,92.84,92.8,19195.33037,100
200,1,92.84,92.8,19195.33166,100
100,1,92.85,92.8,19195.33174,100
100,1,92.85,92.8,19195.33201,100
50,-1,92.82,92.86,19203.55082,100
50,-1,92.82,92.85,19204.25212,100
50,-1,92.82,92.85,19204.25229,100
50,-1,92.81,92.84,19204.25242,100
50,1,92.83,92.79,19204.32615,100
10,1,92.83,92.79,19216.26573,200
32,1,92.83,92.8,19216.26593,200
300,1,92.83,92.8,19216.26723,100
100,1,92.83,92.8,19216.26729,100
100,1,92.83,92.8,19216.26731,100
100,1,92.83,92.8,19216.26737,100
100,1,92.83,92.8,19216.26739,100
100,1,92.83,92.81,19216.26761,100
100,-1,92.79,92.85,19250.07902,200
200,1,92.84,92.79,19253.17993,100
100,-1,92.8,92.84,19260.01415,100
1,1,92.84,92.8,19263.31527,100
200,1,92.84,92.79,19265.17992,200
100,-1,92.82,92.84,19303.26263,100
5,-1,92.82,92.83,19308.45583,100
12,-1,92.82,92.83,19308.45654,100
100,-1,92.82,92.83,19308.45658,100
19,-1,92.81,92.82,19308.46711,100
5,-1,92.81,92.82,19308.46737,100
5,1,92.83,92.8,19308.5782,200
90,1,92.83,92.8,19312.86405,200
10,-1,92.8,92.83,19314.22498,100
5,-1,92.8,92.83,19315.07874,100
15,-1,92.8,92.83,19315.07885,100
300,1,92.82,92.78,19315.096,100
2,1,92.82,92.78,19315.09612,100
10,-1,92.78,92.83,19324.77274,200
3,1,92.81,92.78,19326.28517,100
10,1,92.83,92.78,19327.13175,200
100,1,92.83,92.78,19329.40413,200
100,1,92.81,92.78,19345.35317,100
100,-1,92.78,92.81,19346.52555,200
1,1,92.81,92.79,19347.28373,100
100,-1,92.79,92.81,19347.28376,100
100,-1,92.79,92.81,19347.28382,100
4,1,92.83,92.79,19347.28396,100
10,1,92.83,92.79,19347.29359,100
90,1,92.83,92.79,19347.2937,100
100,-1,92.79,92.82,19381.41533,100
100,-1,92.79,92.83,19383.4506,200
100,-1,92.79,92.82,19385.03775,100
100,-1,92.79,92.82,19387.41066,100
100,-1,92.79,92.82,19387.41078,100
100,-1,92.79,92.82,19387.41082,100
2,-1,92.78,92.81,19387.41092,200
100,-1,92.78,92.81,19387.41095,200
103,-1,92.78,92.81,19387.41288,200
100,-1,92.78,92.81,19387.41305,200
10,-1,92.78,92.81,19387.41315,200
1,-1,92.78,92.81,19387.41348,200
2,-1,92.78,92.81,19387.41372,200
2000,-1,92.78,92.81,19387.41386,200
100,-1,92.78,92.81,19387.41433,100
100,-1,92.78,92.81,19387.41471,100
87,-1,92.78,92.8,19387.41541,100
100,-1,92.77,92.8,19387.4155,200
100,-1,92.77,92.8,19387.41582,200
100,-1,92.76,92.77,19387.98246,100
100,1,92.77,92.74,19388.10341,100
3,1,92.75,92.74,19388.135,100
5,-1,92.74,92.77,19388.13508,600
15,-1,92.74,92.76,19392.19383,300
80,1,92.76,92.74,19393.45924,200
20,1,92.76,92.74,19393.46336,200
100,1,92.76,92.74,19393.46792,200
200,-1,92.74,92.76,19393.46873,100
3,1,92.76,92.74,19393.46877,200
100,1,92.76,92.74,19393.46925,100
2,1,92.77,92.74,19393.46936,100
10,1,92.77,92.74,19393.46939,100
100,1,92.77,92.75,19393.47684,100
100,-1,92.75,92.77,19393.48129,200
1,-1,92.73,92.77,19397.46229,100
5,1,92.75,92.72,19397.46833,100
15,-1,92.72,92.76,19402.50268,100
100,-1,92.72,92.76,19413.58546,100
38,-1,92.73,92.76,19417.6479,100
38,1,92.76,92.73,19426.19679,200
24,1,92.76,92.73,19426.1969,200
50,-1,92.73,92.76,19426.19709,100
50,1,92.76,92.73,19426.19727,200
94,1,92.76,92.73,19426.19736,200
100,1,92.76,92.73,19426.19738,200
10,1,92.76,92.74,19426.19807,100
100,-1,92.74,92.76,19426.75335,100
10,-1,92.73,92.78,19429.95839,100
10,-1,92.73,92.78,19429.9585,100
200,-1,92.73,92.78,19429.95853,100
100,-1,92.73,92.78,19429.95855,100
38,1,92.78,92.73,19429.95925,200
62,1,92.78,92.74,19429.95934,200
10,1,92.78,92.74,19429.95943,200
100,1,92.78,92.74,19429.95947,200
100,1,92.78,92.74,19429.9595,200
100,-1,92.75,92.78,19429.98783,100
50,-1,92.75,92.78,19429.99093,100
50,-1,92.75,92.78,19439.96428,100
100,1,92.78,92.75,19444.71137,100
100,1,92.78,92.76,19444.71152,100
100,1,92.8,92.76,19448.04546,100
100,1,92.8,92.76,19448.04881,100
10,1,92.8,92.77,19461.24076,100
100,-1,92.78,92.83,19461.24103,100
100,-1,92.79,92.83,19462.82415,200
100,1,92.85,92.79,19463.97701,100
20,1,92.85,92.79,19463.97828,100
9,1,92.85,92.79,19463.9798,100
2,1,92.85,92.79,19463.97996,100
7,-1,92.81,92.83,19472.56273,200
43,1,92.83,92.81,19475.5897,100
100,1,92.83,92.81,19475.59064,100
100,1,92.83,92.81,19479.30327,100
5,1,92.83,92.82,19480.33834,100
72,1,92.83,92.82,19480.33984,100
28,-1,92.82,92.85,19480.34006,100
22,-1,92.83,92.85,19480.344,200
1,-1,92.82,92.83,19484.98185,100
100,1,92.83,92.82,19485.0432,300
16,-1,92.81,92.83,19488.37851,200
100,1,92.83,92.81,19490.65331,400
100,1,92.83,92.81,19490.65339,400
100,-1,92.81,92.82,19493.45916,100
5,-1,92.81,92.82,19493.4592,100
100,1,92.81,92.8,19497.32397,100
100,1,92.81,92.8,19497.32453,100
100,1,92.81,92.8,19497.32483,100
12,-1,92.8,92.82,19497.68421,100
50,-1,92.8,92.82,19498.11053,100
38,1,92.8,92.79,19506.04625,100
38,1,92.81,92.79,19511.63676,100
38,1,92.81,92.79,19511.63695,100
100,1,92.81,92.79,19511.6403,100
100,1,92.81,92.79,19511.64081,100
97,1,92.81,92.79,19511.64099,100
100,1,92.83,92.81,19511.70346,200
100,-1,92.79,92.81,19519.86404,200
100,1,92.81,92.8,19534.23116,100
63,1,92.82,92.8,19534.23139,100
100,1,92.82,92.8,19534.23142,100
91,1,92.82,92.79,19537.34755,100
9,1,92.82,92.79,19537.34901,100
91,1,92.81,92.79,19541.24928,100
38,1,92.81,92.8,19541.24951,100
100,1,92.82,92.8,19541.25246,100
50,1,92.82,92.8,19541.25256,100
50,1,92.81,92.79,19545.52678,100
50,1,92.8,92.78,19546.63411,100
50,1,92.8,92.78,19548.48634,100
50,-1,92.79,92.81,19548.48657,100
50,-1,92.78,92.81,19550.00468,200
50,-1,92.78,92.81,19550.03429,200
37,-1,92.77,92.81,19550.03664,700
50,-1,92.77,92.81,19550.03679,700
13,-1,92.77,92.78,19550.0868,700
21,-1,92.77,92.78,19550.08721,700
40,-1,92.77,92.78,19550.14905,700
1,-1,92.77,92.78,19550.15,700
16,-1,92.77,92.78,19550.1501,700
100,1,92.78,92.77,19550.23132,100
10,-1,92.77,92.78,19550.45537,500
100,-1,92.77,92.78,19550.45548,500
100,-1,92.77,92.78,19550.45605,500
100,-1,92.77,92.78,19550.45624,500
100,-1,92.77,92.78,19550.45704,500
100,1,92.77,92.76,19550.47498,100
27,1,92.77,92.76,19550.74864,100
21,-1,92.75,92.77,19550.79456,100
2,1,92.76,92.75,19551.08064,100
100,1,92.76,92.75,19551.08213,100
100,1,92.76,92.75,19551.10325,100
100,-1,92.75,92.76,19551.14676,100
2000,-1,92.75,92.76,19551.157,100
100,1,92.77,92.73,19551.17221,100
100,1,92.77,92.73,19551.17393,100
100,1,92.77,92.73,19551.1807,100
100,1,92.77,92.73,19551.18287,100
100,-1,92.73,92.77,19551.1968,200
100,-1,92.73,92.77,19551.22701,200
100,-1,92.73,92.77,19551.23709,200
100,-1,92.73,92.77,19551.23719,200
100,-1,92.73,92.77,19551.23722,200
100,-1,92.73,92.75,19551.42094,100
100,-1,92.73,92.75,19552.5886,100
100,-1,92.73,92.77,19552.5901,100
100,1,92.77,92.73,19552.65341,100
100,1,92.77,92.73,19552.65354,100
24,1,92.77,92.73,19552.67051,100
200,-1,92.73,92.77,19552.67121,100
100,-1,92.73,92.77,19552.7036,100
100,-1,92.73,92.77,19552.76502,100
100,-1,92.73,92.77,19552.79303,100
100,-1,92.73,92.77,19552.79763,100
100,-1,92.73,92.77,19552.84079,100
200,1,92.75,92.74,19558.11031,100
100,1,92.75,92.74,19558.11043,100
100,1,92.75,92.74,19558.11046,100
3,1,92.75,92.74,19558.11058,100
31,1,92.76,92.74,19558.11071,100
69,-1,92.75,92.76,19558.11603,200
63,-1,92.75,92.76,19558.11611,200
37,1,92.75,92.74,19558.12143,100
3,1,92.76,92.74,19558.16615,100
100,1,92.78,92.74,19561.89576,100
38,1,92.77,92.75,19565.01168,100
62,1,92.78,92.76,19577.15937,100
100,1,92.78,92.76,19577.15997,100
63,-1,92.77,92.8,19577.16075,100
37,1,92.8,92.77,19577.35869,100
1,1,92.8,92.77,19577.35877,100
4,-1,92.78,92.8,19582.09758,100
7,-1,92.78,92.79,19585.38608,100
5,-1,92.77,92.78,19588.22325,200
100,-1,92.77,92.78,19588.22336,200
100,-1,92.77,92.78,19588.22353,100
100,-1,92.77,92.78,19588.22527,100
100,1,92.76,92.75,19588.22771,100
100,1,92.76,92.75,19588.22785,100
10,-1,92.75,92.79,19589.6724,100
1,-1,92.75,92.79,19594.48131,100
90,1,92.76,92.75,19617.80063,100
5,1,92.76,92.75,19617.80073,100
100,1,92.77,92.75,19617.80129,100
100,1,92.77,92.75,19617.97451,100
104,1,92.77,92.75,19624.33882,100
9,1,92.78,92.75,19637.03492,100
100,1,92.78,92.75,19637.03495,100
1,1,92.78,92.75,19637.03509,100
9,1,92.78,92.76,19638.24733,100
1,1,92.79,92.77,19644.07348,100
1,1,92.79,92.77,19644.07382,100
63,1,92.79,92.77,19644.07402,100
33,1,92.8,92.77,19644.07453,200
50,1,92.79,92.78,19644.07671,100
50,-1,92.78,92.8,19644.07776,200
100,1,92.8,92.78,19645.79113,200
600,-1,92.78,92.8,19650.48098,100
3,-1,92.77,92.79,19653.393,200
4,1,92.78,92.77,19654.63661,100
16,-1,92.77,92.78,19657.76854,100
39,-1,92.77,92.78,19663.44892,200
100,-1,92.77,92.78,19663.44898,200
146,-1,92.77,92.78,19663.44903,200
1,-1,92.77,92.78,19663.4491,200
99,-1,92.77,92.78,19663.44949,200
100,-1,92.77,92.78,19663.44981,200
119,-1,92.76,92.77,19664.37528,100
50,-1,92.75,92.76,19664.38318,300
50,-1,92.75,92.76,19664.38914,200
100,-1,92.75,92.76,19664.3925,200
100,-1,92.75,92.76,19664.39263,200
2,-1,92.75,92.76,19664.39365,200
1,-1,92.74,92.75,19664.41678,100
78,-1,92.74,92.75,19664.41687,100
22,-1,92.74,92.75,19664.41768,100
100,1,92.74,92.73,19664.48937,100
100,-1,92.71,92.76,19665.70907,100
5,-1,92.71,92.76,19665.70917,100
100,-1,92.73,92.76,19671.02612,100
100,1,92.78,92.74,19672.66927,100
100,-1,92.74,92.79,19672.66933,100
15,-1,92.74,92.79,19672.66946,200
85,1,92.79,92.74,19672.66949,100
8,1,92.78,92.74,19672.67049,100
100,1,92.79,92.74,19673.63376,100
106,1,92.79,92.75,19676.61641,100
100,1,92.8,92.76,19676.61648,100
100,1,92.8,92.77,19676.89176,100
100,-1,92.77,92.8,19677.49652,200
100,1,92.8,92.78,19697.24573,100
100,1,92.82,92.79,19704.92219,100
46,1,92.83,92.8,19709.23423,100
100,1,92.83,92.8,19709.23439,100
100,1,92.83,92.8,19709.23443,100
10,1,92.83,92.8,19717.54024,100
100,1,92.84,92.81,19718.54105,200
30,-1,92.81,92.84,19719.23025,100
87,1,92.82,92.79,19723.69911,100
13,1,92.82,92.79,19723.69983,100
87,-1,92.82,92.83,19723.70433,100
80,-1,92.82,92.83,19723.7044,100
10,-1,92.82,92.83,19723.70664,100
13,1,92.83,92.81,19723.70808,200
8,-1,92.8,92.82,19724.72003,100
8,-1,92.8,92.82,19725.36609,100
23,1,92.84,92.8,19725.37564,100
100,-1,92.8,92.83,19726.53692,200
100,1,92.82,92.8,19729.84444,100
90,-1,92.8,92.84,19730.42723,100
10,-1,92.79,92.83,19730.58621,200
90,-1,92.79,92.83,19730.5886,200
100,-1,92.79,92.83,19730.60113,200
3,-1,92.79,92.82,19746.69705,200
100,1,92.81,92.79,19746.70161,100
12,1,92.82,92.79,19750.91802,200
100,-1,92.79,92.81,19762.64328,100
100,-1,92.79,92.8,19763.06464,100
100,-1,92.79,92.8,19763.06519,100
100,-1,92.79,92.8,19763.06559,100
100,1,92.79,92.78,19763.06599,100
100,1,92.79,92.78,19769.65893,200
7,1,92.79,92.78,19769.66422,200
65,1,92.79,92.78,19769.66425,100
35,1,92.79,92.78,19769.66437,100
10,1,92.8,92.78,19769.66475,200
90,1,92.8,92.78,19769.66483,200
100,1,92.8,92.78,19769.66512,200
50,1,92.8,92.78,19771.79881,300
100,1,92.8,92.78,19773.15901,100
50,1,92.82,92.78,19773.15933,100
5,1,92.82,92.78,19774.23213,100
100,1,92.82,92.78,19774.23248,100
50,1,92.8,92.78,19779.55548,100
50,1,92.8,92.78,19779.55556,100
100,-1,92.79,92.83,19779.55787,100
200,-1,92.79,92.83,19779.55796,100
100,1,92.84,92.79,19782.3629,100
10,1,92.84,92.79,19788.70659,100
252,1,92.84,92.79,19788.70669,100
100,-1,92.8,92.84,19794.35075,200
100,-1,92.8,92.84,19796.75268,200
100,-1,92.8,92.83,19796.75966,100
100,-1,92.8,92.83,19796.7825,100
100,-1,92.8,92.82,19796.7834,100
100,-1,92.8,92.82,19796.78353,100
5,-1,92.8,92.82,19796.78356,100
100,-1,92.8,92.82,19796.78365,100
100,-1,92.79,92.82,19796.78384,100
100,-1,92.79,92.81,19796.82933,100
100,-1,92.79,92.81,19796.85174,100
100,-1,92.79,92.81,19796.86134,100
729,-1,92.79,92.81,19799.42408,100
200,-1,92.79,92.81,19801.54136,100
100,-1,92.79,92.81,19803.67967,100
10,1,92.81,92.79,19807.75658,100
5,1,92.82,92.79,19811.21687,200
100,1,92.82,92.79,19814.10578,200
100,1,92.82,92.79,19814.10601,200
20,1,92.82,92.79,19814.109,100
5,-1,92.79,92.82,19817.18816,200
100,-1,92.79,92.82,19818.07351,200
25,1,92.8,92.79,19820.45516,100
75,1,92.8,92.79,19820.45731,100
124,-1,92.79,92.82,19820.45735,100
10,-1,92.79,92.82,19820.45742,100
100,1,92.82,92.79,19826.80558,300
100,1,92.82,92.79,19826.80561,300
85,1,92.81,92.79,19833.15335,200
85,1,92.81,92.79,19835.18361,200
4,1,92.81,92.79,19835.73635,200
42,1,92.81,92.79,19836.35758,200
200,1,92.81,92.79,19836.35766,200
10,1,92.82,92.79,19836.35824,300
63,1,92.82,92.79,19836.37814,300
75,-1,92.79,92.82,19837.29154,200
270,1,92.82,92.79,19837.29232,300
100,-1,92.79,92.82,19837.43391,200
100,-1,92.79,92.82,19837.43523,200
100,-1,92.79,92.82,19837.45849,200
100,-1,92.79,92.82,19837.48048,200
100,-1,92.79,92.82,19837.48611,200
5,1,92.82,92.79,19837.59577,300
5,-1,92.79,92.82,19837.61196,200
100,-1,92.79,92.82,19837.6185,200
9,1,92.82,92.79,19837.79317,300
61,-1,92.79,92.82,19837.93995,200
200,-1,92.79,92.82,19837.9443,200
100,-1,92.79,92.81,19838.35097,200
200,-1,92.79,92.81,19838.3697,200
100,-1,92.79,92.81,19838.39594,200
110,-1,92.79,92.81,19838.41202,200
200,-1,92.79,92.81,19838.41211,200
100,1,92.81,92.79,19838.41976,100
100,1,92.81,92.79,19838.42979,100
100,1,92.81,92.79,19838.47755,100
100,-1,92.79,92.81,19838.52259,200
100,-1,92.79,92.81,19838.58314,200
100,-1,92.79,92.81,19840.03922,200
20,-1,92.79,92.8,19840.04074,200
100,-1,92.79,92.8,19840.04223,100
100,-1,92.78,92.79,19840.04478,300
100,-1,92.78,92.79,19840.04487,300
100,-1,92.78,92.79,19840.0453,200
100,-1,92.78,92.79,19840.04699,200
100,-1,92.78,92.79,19840.04708,200
300,-1,92.77,92.79,19840.05155,100
100,-1,92.77,92.79,19840.05163,100
100,-1,92.77,92.79,19840.05168,100
100,-1,92.76,92.78,19840.05659,100
100,1,92.78,92.76,19840.06694,100
100,1,92.79,92.75,19840.1457,100
300,1,92.77,92.74,19845.0392,100
400,1,92.77,92.74,19845.58181,100
100,-1,92.74,92.77,19849.21661,200
3,1,92.77,92.74,19852.84698,100
100,1,92.78,92.75,19853.18807,100
100,-1,92.75,92.76,19871.81873,100
47,1,92.75,92.74,19871.82029,100
53,-1,92.74,92.77,19873.39616,200
100,1,92.77,92.75,19874.24181,200
100,1,92.77,92.75,19874.24186,200
100,1,92.77,92.75,19880.95798,100
100,1,92.77,92.75,19880.95803,100
100,1,92.77,92.75,19880.95809,100
100,1,92.77,92.75,19880.95816,100
100,1,92.77,92.75,19880.9582,100
67,1,92.77,92.75,19880.9583,100
33,1,92.78,92.75,19880.95838,100
58,1,92.78,92.74,19893.17285,200
100,1,92.78,92.74,19898.81531,100
2,1,92.77,92.75,19899.125,100
40,-1,92.75,92.78,19901.82454,100
40,-1,92.75,92.77,19902.70577,100
60,-1,92.75,92.77,19902.70613,100
100,-1,92.75,92.77,19902.70672,100
200,-1,92.74,92.77,19902.70706,200
100,-1,92.74,92.77,19902.70724,200
100,-1,92.74,92.77,19902.70787,100
1,-1,92.74,92.77,19902.70834,100
100,1,92.76,92.74,19902.74673,100
100,1,92.76,92.74,19903.91804,100
71,-1,92.74,92.76,19908.34465,200
200,-1,92.74,92.76,19908.34467,200
100,-1,92.74,92.76,19908.34474,200
100,-1,92.74,92.76,19908.34476,200
100,-1,92.74,92.76,19908.34479,200
9,-1,92.7,92.74,19911.06035,100
8,-1,92.7,92.74,19911.0605,100
10,-1,92.7,92.73,19913.22294,100
5,1,92.71,92.7,19913.22353,100
10,-1,92.7,92.71,19913.22388,100
100,1,92.71,92.67,19917.2822,100
7,1,92.71,92.67,19917.28229,100
10,1,92.71,92.68,19917.28266,100
100,1,92.71,92.7,19920.57057,100
100,-1,92.7,92.72,19920.57069,100
18,1,92.71,92.7,19925.00763,100
10,1,92.72,92.7,19925.36933,100
5,1,92.73,92.7,19932.56814,300
6,1,92.72,92.71,19939.24612,100
100,1,92.72,92.71,19939.24629,100
85,1,92.72,92.71,19939.24657,100
741,-1,92.71,92.74,19939.26949,200
100,-1,92.71,92.74,19939.26953,200
2,1,92.74,92.71,19939.26956,100
3,1,92.74,92.71,19939.26959,100
100,1,92.74,92.71,19939.26961,100
118,-1,92.72,92.73,19943.18029,100
73,-1,92.72,92.73,19943.18722,100
100,-1,92.71,92.72,19955.0595,100
100,-1,92.71,92.72,19955.05965,100
1,1,92.71,92.7,19955.1172,100
100,-1,92.7,92.71,19956.0059,100
103,1,92.7,92.69,19956.00707,100
10,1,92.69,92.67,19956.39193,200
1,1,92.68,92.66,19956.44381,100
58,-1,92.65,92.67,19956.59962,200
100,1,92.66,92.65,19956.62755,100
100,1,92.66,92.63,19956.7043,100
100,1,92.66,92.63,19956.7044,100
10,-1,92.65,92.66,19956.76726,100
100,1,92.66,92.65,19957.31908,100
2,-1,92.66,92.68,19957.31944,100
100,-1,92.66,92.68,19957.31949,100
10,-1,92.64,92.68,19962.66066,100
100,1,92.66,92.61,19964.768,100
3,1,92.67,92.62,19964.76862,100
10,-1,92.62,92.69,19967.89471,200
5,1,92.7,92.62,19968.03783,100
95,-1,92.67,92.7,19984.35458,100
4,-1,92.67,92.7,19984.35474,100
1,-1,92.66,92.68,20023.9512,100
111,-1,92.66,92.67,20037.4495,100
16,-1,92.66,92.67,20037.44954,100
10,-1,92.65,92.67,20037.44998,200
100,-1,92.65,92.67,20037.45008,200
100,-1,92.65,92.67,20037.45091,200
100,-1,92.65,92.67,20037.45106,200
2,-1,92.65,92.67,20038.28683,200
100,-1,92.65,92.67,20039.50274,200
5,-1,92.65,92.66,20039.50414,100
100,-1,92.64,92.66,20039.50429,100
100,-1,92.63,92.65,20040.18368,100
10,-1,92.63,92.64,20042.63517,100
10,-1,92.62,92.63,20043.01151,500
20,-1,92.62,92.63,20043.01158,400
20,-1,92.62,92.63,20043.01177,400
1,1,92.62,92.61,20043.05081,100
81,-1,92.61,92.63,20043.12771,200
19,-1,92.61,92.64,20047.84125,200
100,1,92.64,92.61,20047.84134,200
100,1,92.61,92.58,20053.76743,100
20,1,92.6,92.58,20053.87536,100
100,-1,92.59,92.63,20054.01383,100
1,-1,92.59,92.62,20055.71996,100
5,1,92.62,92.57,20057.28975,200
100,-1,92.57,92.62,20057.29202,100
100,-1,92.57,92.63,20059.43368,100
102,1,92.63,92.59,20060.0535,200
49,1,92.62,92.6,20086.40626,200
7,1,92.62,92.61,20086.97067,100
2,1,92.63,92.61,20086.97076,200
100,1,92.63,92.61,20086.971,200
100,1,92.63,92.61,20086.97108,200
100,1,92.63,92.61,20086.97111,100
100,1,92.63,92.61,20086.97121,100
100,1,92.63,92.61,20086.97123,100
100,1,92.62,92.59,20088.69556,100
200,-1,92.6,92.62,20101.75775,300
100,-1,92.6,92.62,20101.75886,300
100,1,92.62,92.6,20114.84495,100
100,1,92.62,92.6,20115.36746,100
98,1,92.62,92.6,20115.36923,100
95,-1,92.6,92.62,20115.36935,100
5,-1,92.6,92.63,20115.3695,100
49,1,92.64,92.61,20115.38807,200
100,1,92.64,92.61,20115.38866,200
100,-1,92.63,92.64,20115.39049,100
100,1,92.64,92.62,20115.42904,200
100,1,92.64,92.61,20115.75749,200
100,1,92.64,92.61,20115.75828,200
100,1,92.64,92.61,20115.75907,200
50,1,92.64,92.62,20115.77642,200
50,1,92.64,92.62,20115.82249,100
8,1,92.64,92.62,20115.82282,100
100,1,92.64,92.62,20115.86296,100
100,1,92.64,92.62,20115.86379,100
100,1,92.64,92.62,20115.86392,100
100,-1,92.63,92.66,20115.87049,100
50,-1,92.63,92.66,20115.87058,100
50,1,92.67,92.63,20116.122,100
100,1,92.67,92.63,20116.1225,100
100,1,92.67,92.64,20116.1767,100
100,1,92.67,92.64,20116.17717,100
100,1,92.68,92.65,20116.184,100
100,1,92.68,92.65,20116.18456,100
8,-1,92.64,92.69,20118.03705,100
192,-1,92.64,92.69,20118.04206,100
15,-1,92.64,92.69,20118.04284,100
100,-1,92.64,92.69,20118.04963,100
100,-1,92.64,92.69,20118.15431,100
100,1,92.67,92.65,20131.21128,100
5,1,92.67,92.65,20136.35119,100
100,-1,92.65,92.67,20136.35122,300
100,-1,92.67,92.7,20136.35157,100
100,1,92.71,92.68,20136.35177,100
100,-1,92.68,92.71,20136.3518,100
100,1,92.7,92.68,20136.35186,100
100,1,92.7,92.68,20136.35831,300
100,1,92.7,92.68,20136.35965,300
100,-1,92.65,92.69,20139.8526,400
100,-1,92.65,92.67,20143.44337,200
100,-1,92.65,92.66,20144.26252,200
100,-1,92.65,92.66,20144.26495,200
200,-1,92.65,92.66,20156.842,300
100,-1,92.65,92.66,20156.84211,300
100,-1,92.65,92.66,20156.84232,300
100,-1,92.65,92.66,20156.84242,300
100,-1,92.65,92.66,20156.84249,300
100,-1,92.65,92.66,20156.84266,300
100,-1,92.63,92.65,20157.33129,100
56,-1,92.63,92.65,20157.33137,100
100,-1,92.62,92.65,20157.33145,200
100,-1,92.62,92.65,20157.33151,200
100,-1,92.62,92.63,20158.71072,100
100,-1,92.61,92.63,20158.71265,500
100,-1,92.61,92.62,20158.71302,500
200,1,92.62,92.61,20158.72161,200
100,1,92.63,92.6,20159.46528,100
100,1,92.61,92.59,20169.04846,100
100,-1,92.59,92.63,20169.04858,200
100,1,92.64,92.6,20169.93306,100
100,-1,92.6,92.66,20169.93313,300
100,-1,92.61,92.64,20172.49131,200
52,1,92.67,92.61,20174.01439,100
48,1,92.66,92.62,20181.77322,100
52,-1,92.62,92.65,20190.05296,300
100,-1,92.62,92.63,20192.86558,100
100,-1,92.62,92.63,20192.86595,100
12,-1,92.62,92.63,20192.86634,100
3,1,92.62,92.61,20192.86674,100
200,1,92.61,92.6,20192.95558,100
100,-1,92.6,92.63,20192.95636,100
100,1,92.63,92.6,20194.09107,200
48,1,92.63,92.6,20194.38172,200
100,-1,92.6,92.63,20194.43724,200
100,1,92.63,92.59,20202.51947,200
100,-1,92.59,92.63,20202.64114,200
400,-1,92.6,92.62,20202.64289,200
100,1,92.63,92.6,20207.37184,200
2,1,92.63,92.6,20207.3727,100
100,1,92.63,92.61,20207.37273,100
100,1,92.63,92.61,20207.37275,100
100,1,92.64,92.62,20207.3731,100
100,-1,92.63,92.67,20207.37434,100
100,-1,92.63,92.67,20207.37459,100
100,-1,92.63,92.67,20207.37965,100
50,1,92.67,92.63,20210.21126,100
50,1,92.67,92.64,20211.51077,100
81,1,92.67,92.64,20211.51088,100
19,-1,92.64,92.67,20211.51108,100
19,1,92.67,92.64,20218.93193,200
100,1,92.67,92.64,20218.93425,200
3,-1,92.64,92.67,20234.04457,100
100,-1,92.64,92.67,20234.0513,100
2,1,92.65,92.64,20234.05305,100
32,-1,92.64,92.67,20235.97745,200
100,-1,92.64,92.67,20251.52217,200
98,-1,92.65,92.67,20261.14117,100
100,-1,92.65,92.68,20264.34892,100
100,-1,92.65,92.68,20264.92685,200
100,-1,92.65,92.68,20265.33172,100
13,1,92.67,92.66,20267.04977,100
2,1,92.68,92.66,20267.04987,100
100,1,92.68,92.66,20267.05006,100
100,1,92.68,92.67,20267.05114,100
360,1,92.69,92.67,20267.20973,100
98,1,92.69,92.67,20268.44328,100
2,1,92.69,92.67,20268.44347,100
48,1,92.69,92.68,20268.44591,100
50,1,92.7,92.68,20268.446,100
2,-1,92.67,92.69,20273.38806,100
48,1,92.69,92.67,20274.54192,100
52,1,92.69,92.67,20274.542,100
7,1,92.69,92.67,20274.54235,100
100,1,92.69,92.67,20274.54245,100
10,1,92.69,92.67,20274.54254,100
200,1,92.69,92.67,20274.54416,100
100,1,92.68,92.67,20285.42349,100
100,-1,92.67,92.69,20286.22766,200
100,-1,92.69,92.7,20286.22888,100
100,1,92.7,92.69,20286.229,200
90,-1,92.69,92.7,20286.22911,200
10,-1,92.69,92.7,20286.22922,200
100,-1,92.69,92.7,20286.22924,200
25,-1,92.69,92.7,20286.2293,200
200,-1,92.68,92.7,20286.22938,100
100,-1,92.68,92.7,20286.22941,100
100,1,92.7,92.68,20286.22943,200
23,1,92.71,92.68,20286.2295,100
177,1,92.71,92.67,20286.31951,100
100,-1,92.67,92.71,20290.39845,300
100,-1,92.67,92.69,20295.52622,300
100,-1,92.67,92.69,20296.51199,300
200,-1,92.67,92.69,20296.51238,300
559,-1,92.67,92.69,20296.51247,300
4,-1,92.67,92.69,20296.51251,300
100,-1,92.67,92.69,20296.51304,300
100,-1,92.67,92.69,20296.51309,300
100,-1,92.67,92.69,20296.51314,300
59,-1,92.67,92.69,20296.51324,300
100,-1,92.67,92.69,20296.51334,300
100,-1,92.67,92.69,20296.51339,300
100,1,92.67,92.64,20313.51876,100
52,1,92.68,92.65,20315.09764,100
52,1,92.69,92.65,20315.1144,100
1,1,92.69,92.66,20321.91922,100
100,1,92.69,92.66,20321.91939,100
100,1,92.69,92.66,20321.92263,100
100,1,92.69,92.66,20321.92268,100
100,1,92.71,92.67,20321.92276,100
100,1,92.71,92.67,20321.92278,100
100,-1,92.64,92.68,20328.28903,600
100,-1,92.65,92.66,20340.35524,300
8,1,92.66,92.64,20341.24641,100
200,1,92.66,92.64,20341.24663,100
100,1,92.66,92.64,20341.2475,100
200,1,92.67,92.65,20341.24759,200
100,1,92.67,92.65,20341.24762,200
100,1,92.66,92.64,20356.57737,100
66,1,92.66,92.65,20375.16071,300
44,1,92.66,92.65,20375.18602,300
56,1,92.66,92.65,20375.18642,300
1,1,92.66,92.65,20375.18654,300
3,1,92.67,92.65,20377.53696,300
100,1,92.67,92.65,20377.53833,100
100,1,92.68,92.65,20377.53843,100
44,1,92.68,92.65,20377.53846,100
100,1,92.67,92.65,20385.31733,300
5,1,92.67,92.65,20386.04266,300
100,1,92.67,92.65,20386.04283,300
100,1,92.67,92.65,20386.04416,300
100,1,92.67,92.66,20386.04645,300
100,1,92.67,92.66,20386.04645,300
100,1,92.68,92.67,20386.29227,100
100,-1,92.67,92.71,20386.68906,400
100,1,92.71,92.67,20388.34094,100
29,-1,92.67,92.7,20408.24233,300
37,-1,92.67,92.7,20408.24261,300
100,-1,92.67,92.69,20408.24413,300
100,-1,92.67,92.69,20408.24437,300
6,-1,92.67,92.69,20408.24444,300
94,-1,92.67,92.69,20408.24451,300
1,-1,92.67,92.69,20408.24473,300
6,-1,92.67,92.69,20408.24473,300
100,-1,92.67,92.69,20408.24488,300
5,-1,92.67,92.69,20408.24586,300
100,-1,92.67,92.69,20408.24586,300
50,-1,92.67,92.68,20408.24598,300
100,-1,92.66,92.67,20409.79189,100
100,-1,92.66,92.67,20409.79198,100
100,-1,92.65,92.66,20409.79542,100
100,-1,92.65,92.66,20409.7961,100
100,1,92.65,92.64,20410.71155,100
200,-1,92.64,92.65,20413.02381,200
100,1,92.64,92.63,20413.02612,100
100,1,92.64,92.63,20413.02621,100
100,1,92.64,92.63,20413.02624,100
100,-1,92.63,92.64,20413.42504,200
81,-1,92.62,92.63,20413.4311,100
65,-1,92.61,92.63,20413.43127,100
2,-1,92.61,92.62,20413.43814,100
19,-1,92.6,92.61,20415.06431,400
18,-1,92.6,92.61,20415.07503,300
3,1,92.61,92.6,20415.26452,100
100,1,92.61,92.58,20423.05983,100
3,1,92.61,92.59,20426.19868,100
100,1,92.62,92.6,20436.97503,100
40,-1,92.61,92.62,20448.6286,100
100,1,92.61,92.6,20448.6291,100
1,-1,92.59,92.6,20460.10418,300
180,-1,92.59,92.6,20460.10432,300
100,-1,92.59,92.6,20460.10607,200
60,-1,92.59,92.6,20460.10674,200
89,-1,92.59,92.6,20460.1077,200
90,1,92.59,92.57,20460.21747,100
100,1,92.59,92.57,20460.2183,100
100,1,92.6,92.57,20460.63427,100
100,1,92.6,92.57,20465.61322,100
100,1,92.6,92.58,20466.33326,100
100,-1,92.59,92.62,20466.33361,100
100,1,92.62,92.59,20466.33394,100
100,1,92.63,92.59,20466.33434,100
100,1,92.63,92.59,20466.33585,100
96,1,92.64,92.59,20466.33593,300
100,1,92.64,92.6,20466.336,300
61,1,92.64,92.6,20466.33603,300
39,-1,92.6,92.64,20477.73335,200
61,-1,92.61,92.64,20488.1832,100
6,-1,92.59,92.61,20489.20407,100
88,1,92.6,92.58,20489.50889,100
100,-1,92.57,92.6,20495.72749,100
100,-1,92.57,92.6,20497.84196,100
1,1,92.58,92.57,20499.11415,100
99,1,92.58,92.57,20499.11522,100
100,-1,92.57,92.6,20499.11553,100
100,1,92.59,92.57,20502.11047,100
1,1,92.58,92.57,20502.1107,100
99,1,92.58,92.57,20502.11079,100
100,1,92.58,92.57,20502.11089,100
1,1,92.58,92.57,20508.44507,100
100,1,92.58,92.57,20508.44529,100
99,1,92.58,92.57,20512.93923,300
100,1,92.58,92.57,20517.4301,300
10,1,92.58,92.57,20517.4303,300
91,1,92.58,92.57,20517.43041,300
9,1,92.58,92.57,20517.43051,300
100,1,92.58,92.57,20517.43054,300
100,-1,92.58,92.59,20517.43733,100
100,-1,92.58,92.59,20517.45658,100
100,1,92.59,92.57,20518.92192,100
100,1,92.59,92.57,20518.92196,100
100,1,92.59,92.57,20518.92271,100
400,-1,92.57,92.58,20522.99946,300
100,-1,92.57,92.58,20522.9996,300
1,-1,92.57,92.58,20523.14261,300
100,-1,92.57,92.58,20524.43293,300
100,-1,92.57,92.58,20524.43302,300
100,-1,92.57,92.58,20524.43306,300
100,-1,92.57,92.58,20524.43308,300
100,-1,92.57,92.58,20524.43321,300
1,-1,92.57,92.58,20524.43335,300
400,-1,92.57,92.58,20524.43347,300
100,-1,92.56,92.58,20524.81678,100
100,-1,92.56,92.57,20532.96918,100
100,1,92.57,92.56,20536.96961,200
98,1,92.57,92.56,20536.96974,200
69,1,92.57,92.56,20536.96995,200
100,1,92.57,92.56,20536.97009,200
100,1,92.57,92.56,20536.9702,200
100,1,92.57,92.56,20536.97022,200
100,1,92.57,92.55,20543.27818,200
100,1,92.58,92.55,20543.71039,100
100,-1,92.55,92.57,20548.95295,200
100,1,92.57,92.55,20548.95377,300
100,1,92.58,92.55,20549.09066,100
200,1,92.58,92.55,20549.09071,100
50,-1,92.55,92.58,20549.84719,300
100,-1,92.55,92.58,20549.94149,300
100,-1,92.55,92.58,20549.94156,300
102,1,92.57,92.55,20551.60124,100
100,1,92.58,92.55,20557.75615,100
100,1,92.58,92.55,20557.75638,100
100,1,92.58,92.55,20557.75644,100
10,1,92.6,92.56,20559.03943,100
100,-1,92.57,92.6,20559.0402,100
90,-1,92.57,92.6,20559.04031,100
98,-1,92.57,92.6,20559.04043,200
100,1,92.6,92.57,20563.82008,100
100,1,92.62,92.57,20569.25727,100
100,1,92.63,92.59,20572.44058,100
100,-1,92.6,92.63,20579.14417,200
100,1,92.63,92.6,20579.14513,100
100,1,92.63,92.61,20581.5929,100
146,1,92.63,92.61,20581.59365,100
100,1,92.64,92.62,20582.009,100
100,1,92.65,92.62,20582.18273,100
100,1,92.65,92.63,20588.85981,100
2281,1,92.66,92.63,20590.57443,100
100,1,92.66,92.64,20599.18232,100
100,1,92.66,92.65,20599.18245,100
200,1,92.66,92.65,20599.18255,100
100,1,92.66,92.65,20599.18271,100
100,1,92.67,92.66,20601.90427,100
200,1,92.67,92.66,20601.9044,100
207,1,92.67,92.66,20601.90464,100
100,-1,92.66,92.68,20607.42026,100
100,-1,92.66,92.67,20607.42043,100
100,-1,92.65,92.67,20607.42047,100
100,-1,92.65,92.67,20607.42062,100
53,1,92.66,92.63,20607.42819,100
100,1,92.66,92.63,20607.42955,100
100,-1,92.63,92.66,20611.73624,200
100,-1,92.63,92.66,20615.76357,300
100,-1,92.63,92.66,20631.3973,300
100,-1,92.63,92.66,20631.3991,300
100,-1,92.63,92.66,20631.40024,300
80,-1,92.63,92.66,20631.40134,300
100,-1,92.63,92.65,20631.41095,100
102,-1,92.63,92.65,20631.43084,100
500,-1,92.63,92.64,20631.43249,100
100,-1,92.63,92.64,20631.43259,100
100,-1,92.63,92.64,20631.43279,100
100,1,92.64,92.63,20631.50476,100
200,1,92.64,92.63,20631.68169,100
13,1,92.64,92.63,20631.68179,100
10,-1,92.62,92.64,20631.90651,100
100,1,92.63,92.62,20632.41381,100
100,-1,92.62,92.63,20634.32819,100
100,1,92.63,92.62,20635.34357,200
100,1,92.62,92.61,20635.99596,100
100,1,92.62,92.61,20641.24192,100
100,1,92.62,92.61,20641.24209,100
2,-1,92.61,92.62,20642.64708,100
3688,-1,92.61,92.62,20643.08541,100
1000,1,92.62,92.61,20645.67362,100
18,1,92.62,92.61,20645.67545,100
100,1,92.62,92.61,20645.67554,100
100,1,92.63,92.62,20645.6782,200
100,1,92.63,92.62,20645.67854,200
100,1,92.63,92.62,20645.67937,100
57,1,92.64,92.62,20645.82861,100
97,-1,92.62,92.64,20650.35959,200
43,1,92.64,92.62,20650.97809,200
100,1,92.64,92.62,20650.97852,100
3,1,92.64,92.62,20650.97855,100
100,-1,92.63,92.68,20650.97931,100
6,-1,92.64,92.69,20651.41534,300
100,-1,92.63,92.66,20660.33643,100
100,1,92.65,92.64,20666.85367,100
100,-1,92.64,92.65,20666.85472,100
100,1,92.65,92.64,20669.06903,100
100,1,92.65,92.64,20669.06917,100
200,-1,92.64,92.67,20669.85317,100
100,1,92.66,92.65,20672.88177,100
100,-1,92.65,92.68,20672.88235,400
100,-1,92.65,92.68,20672.88248,400
300,-1,92.66,92.68,20672.88251,100
100,1,92.67,92.65,20679.98733,100
77,-1,92.65,92.66,20680.72018,200
23,1,92.66,92.65,20687.1784,200
100,1,92.66,92.65,20690.35422,200
100,-1,92.65,92.68,20690.35455,200
43,-1,92.65,92.68,20690.35464,300
100,-1,92.66,92.69,20690.35984,200
90,-1,92.66,92.69,20690.35994,200
40,-1,92.66,92.71,20690.36237,300
27,-1,92.66,92.7,20690.36611,300
10,-1,92.65,92.67,20695.26395,100
100,-1,92.65,92.66,20695.26494,100
5,1,92.66,92.64,20695.27124,300
100,1,92.66,92.64,20695.27453,400
3,1,92.66,92.64,20695.27555,400
147,-1,92.65,92.66,20695.27823,100
100,1,92.66,92.65,20695.28079,400
500,1,92.66,92.65,20695.28097,400
200,1,92.66,92.65,20695.28126,300
900,-1,92.65,92.66,20695.28801,300
700,-1,92.64,92.68,20695.34846,200
100,1,92.66,92.64,20700.17053,100
100,1,92.67,92.64,20702.4039,100
95,1,92.67,92.65,20706.24364,100
2,1,92.69,92.65,20706.29621,100
100,-1,92.66,92.71,20706.312,200
100,1,92.68,92.65,20708.874,100
100,-1,92.66,92.68,20708.87493,100
10,1,92.66,92.64,20718.50654,100
100,1,92.66,92.64,20718.50669,100
15,1,92.66,92.64,20718.50681,100
10,-1,92.63,92.66,20718.50997,200
100,-1,92.63,92.66,20720.86031,100
200,-1,92.62,92.65,20722.42104,100
12,-1,92.62,92.65,20722.42123,100
12,-1,92.62,92.65,20722.42156,100
100,1,92.63,92.62,20722.42647,100
100,-1,92.62,92.63,20722.42898,100
100,-1,92.61,92.63,20722.43197,300
100,-1,92.61,92.63,20722.43211,300
2,-1,92.61,92.63,20723.19753,200
100,1,92.64,92.61,20727.32179,100
100,-1,92.61,92.64,20728.26984,200
100,-1,92.61,92.64,20728.27039,200
14,-1,92.61,92.64,20743.61592,400
86,-1,92.61,92.63,20743.61692,400
100,-1,92.61,92.63,20743.617,400
100,-1,92.61,92.63,20743.61725,400
3507,1,92.63,92.61,20743.66855,200
100,-1,92.61,92.63,20766.23649,300
100,1,92.64,92.62,20773.50328,100
100,-1,92.63,92.64,20773.50431,100
100,1,92.65,92.62,20776.63832,200
1,-1,92.63,92.65,20776.8176,100
99,-1,92.63,92.65,20777.73038,100
100,-1,92.62,92.64,20781.89974,100
100,1,92.63,92.62,20781.91835,100
100,1,92.63,92.62,20781.92437,100
100,-1,92.62,92.63,20792.31677,200
100,1,92.63,92.62,20792.32845,200
100,1,92.63,92.62,20799.28,200
100,1,92.63,92.62,20799.28036,100
100,1,92.64,92.62,20799.28048,100
100,1,92.64,92.63,20799.34241,100
100,1,92.65,92.63,20799.87676,100
400,1,92.65,92.63,20799.87686,100
400,-1,92.64,92.65,20802.0821,100
500,1,92.63,92.62,20802.0842,100
100,1,92.64,92.62,20804.95124,100
100,1,92.64,92.62,20804.95146,100
100,-1,92.63,92.65,20816.36686,100
100,-1,92.62,92.64,20817.88202,200
100,-1,92.62,92.64,20823.81117,200
62,-1,92.62,92.64,20823.81127,200
38,-1,92.62,92.64,20823.81129,200
100,-1,92.62,92.63,20823.81243,200
100,-1,92.62,92.63,20823.81278,200
100,-1,92.62,92.63,20823.81281,200
5,-1,92.61,92.63,20823.91013,100
100,-1,92.61,92.63,20826.13769,100
100,-1,92.62,92.63,20826.13952,100
100,1,92.64,92.61,20830.26586,200
100,1,92.64,92.61,20840.99905,100
1,-1,92.61,92.65,20841.44412,200
114,-1,92.61,92.65,20841.44427,200
100,-1,92.61,92.65,20841.44469,200
5,1,92.65,92.61,20850.25569,200
300,1,92.65,92.63,20851.971,100
400,1,92.65,92.63,20853.444,100
1200,1,92.65,92.64,20856.60967,100
300,1,92.65,92.64,20856.60969,100
900,1,92.65,92.64,20856.60989,100
100,1,92.66,92.64,20856.61096,100
100,-1,92.64,92.65,20864.35511,100
100,1,92.64,92.63,20864.35584,100
100,-1,92.63,92.64,20864.49593,300
100,-1,92.63,92.64,20867.72499,300
100,-1,92.63,92.64,20870.10047,200
100,1,92.63,92.61,20873.61183,100
190,1,92.63,92.61,20873.61197,100
10,1,92.63,92.61,20873.61199,100
100,1,92.63,92.61,20882.78592,100
100,-1,92.62,92.64,20882.7864,100
100,1,92.64,92.62,20889.15251,100
15,1,92.64,92.62,20889.15263,100
100,1,92.65,92.64,20911.08415,100
85,1,92.65,92.64,20911.08425,100
28,1,92.66,92.63,20911.19298,200
100,1,92.66,92.63,20911.24333,200
45,-1,92.63,92.65,20940.55816,300
100,-1,92.63,92.64,20940.55896,100
100,-1,92.63,92.64,20940.56013,100
100,-1,92.63,92.64,20940.56027,100
95,-1,92.63,92.64,20940.56055,100
5,-1,92.63,92.64,20940.56088,100
200,-1,92.61,92.63,20952.06347,100
100,-1,92.61,92.63,20952.06355,100
100,1,92.62,92.59,20952.62277,100
99,1,92.61,92.58,20953.21065,400
100,1,92.61,92.58,20953.21377,400
1,1,92.61,92.58,20966.24828,100
100,1,92.62,92.6,20966.2502,200
5,1,92.62,92.6,20966.25029,200
52,-1,92.62,92.64,20966.29976,100
300,-1,92.62,92.64,20966.29987,100
100,-1,92.61,92.64,20966.3,200
100,-1,92.62,92.64,20966.30031,100
100,1,92.64,92.6,20968.91728,200
400,-1,92.6,92.64,20973.96542,100
100,1,92.62,92.6,20978.51188,300
54,1,92.62,92.6,20980.56346,300
100,-1,92.6,92.62,20986.07338,200
100,1,92.62,92.6,20986.9876,400
200,-1,92.6,92.61,20990.12487,200
100,-1,92.6,92.61,20990.12496,200
100,1,92.62,92.61,20990.12632,300
13,1,92.62,92.6,20990.57667,300
100,1,92.62,92.6,20998.21462,300
2,-1,92.6,92.62,21006.72232,300
2,1,92.62,92.6,21021.94119,300
2,1,92.62,92.6,21026.11128,300
115,1,92.62,92.6,21026.11132,300
200,1,92.62,92.6,21026.11138,300
54,1,92.62,92.6,21026.11177,300
74,1,92.62,92.6,21026.11536,300
100,-1,92.6,92.62,21028.73538,300
100,-1,92.6,92.62,21028.74677,300
100,-1,92.6,92.62,21034.09265,300
5,1,92.62,92.6,21035.94085,300
100,-1,92.61,92.62,21037.80436,200
100,-1,92.61,92.62,21037.88815,200
100,1,92.62,92.61,21038.23775,100
100,1,92.62,92.61,21038.24005,100
38,1,92.62,92.61,21038.24015,100
100,1,92.62,92.61,21038.24015,100
100,1,92.62,92.61,21038.24067,100
2,1,92.62,92.61,21038.24126,100
100,1,92.62,92.61,21038.2439,100
100,1,92.62,92.61,21038.24435,100
100,1,92.63,92.61,21038.24549,200
4,-1,92.62,92.63,21038.25446,200
100,-1,92.62,92.63,21038.25458,200
100,-1,92.62,92.63,21038.25506,200
5,-1,92.62,92.63,21038.25579,200
100,-1,92.62,92.63,21038.28753,200
100,-1,92.62,92.63,21038.28765,200
50,-1,92.62,92.63,21038.29724,100
46,-1,92.62,92.63,21038.30238,100
100,1,92.62,92.61,21039.69884,100
100,1,92.63,92.61,21039.69991,400
4,1,92.62,92.61,21045.48092,100
100,1,92.62,92.61,21045.48098,100
100,1,92.62,92.61,21045.48195,200
100,-1,92.61,92.62,21048.4448,100
100,-1,92.61,92.62,21060.75428,200
96,-1,92.61,92.62,21061.49454,200
4,-1,92.61,92.62,21061.5118,200
96,-1,92.61,92.62,21064.94754,200
100,-1,92.61,92.62,21064.95078,200
100,1,92.62,92.61,21065.01653,300
15,1,92.62,92.61,21065.01657,300
100,1,92.62,92.61,21065.01674,300
5,1,92.62,92.61,21065.01681,300
100,-1,92.62,92.63,21068.1642,100
100,1,92.63,92.62,21080.3783,100
100,-1,92.62,92.63,21086.83194,400
100,-1,92.62,92.63,21092.19887,300
100,-1,92.62,92.63,21093.05578,200
100,-1,92.62,92.63,21097.96171,200
50,-1,92.62,92.63,21097.96182,200
16,-1,92.62,92.63,21097.96226,200
1,-1,92.62,92.63,21097.96229,200
100,-1,92.62,92.63,21097.96232,200
4,-1,92.62,92.63,21097.96237,200
25,-1,92.62,92.63,21097.96239,200
75,-1,92.62,92.63,21097.96242,200
1,-1,92.62,92.63,21097.96305,200
1,-1,92.62,92.63,21097.96317,200
9,-1,92.62,92.63,21097.96321,200
5,-1,92.62,92.63,21097.96323,200
100,1,92.61,92.6,21097.97871,200
100,1,92.61,92.6,21105.25041,200
165,-1,92.6,92.61,21105.47931,200
5,-1,92.6,92.61,21105.47941,200
20,-1,92.6,92.61,21105.4795,200
100,-1,92.6,92.61,21105.47955,200
61,-1,92.6,92.61,21105.47965,200
1400,-1,92.6,92.61,21105.47967,200
7,-1,92.6,92.61,21105.48251,200
99,-1,92.59,92.6,21105.60295,200
99,-1,92.59,92.6,21105.60323,200
100,-1,92.59,92.6,21107.15137,100
1,-1,92.59,92.6,21107.97717,100
100,-1,92.59,92.6,21109.8604,100
1,-1,92.59,92.6,21109.86073,100
99,-1,92.58,92.59,21109.97991,200
39,-1,92.58,92.59,21109.98004,200
85,-1,92.54,92.57,21112.78024,200
115,-1,92.54,92.57,21112.78263,200
100,-1,92.54,92.57,21112.78321,200
100,-1,92.54,92.57,21112.78321,200
100,-1,92.54,92.57,21112.78396,200
1,-1,92.54,92.57,21112.78497,200
100,1,92.56,92.53,21113.10282,100
10,1,92.56,92.53,21113.10336,100
8,-1,92.55,92.57,21114.77959,100
92,-1,92.54,92.56,21114.97571,100
100,-1,92.55,92.56,21120.69694,100
100,-1,92.55,92.56,21120.99295,100
60,1,92.55,92.54,21124.13633,200
61,1,92.55,92.53,21129.00863,400
5,1,92.54,92.53,21129.00892,100
35,1,92.54,92.53,21129.00911,100
25,1,92.54,92.53,21129.00922,200
64,1,92.54,92.53,21129.00924,300
100,1,92.54,92.53,21129.06621,300
100,1,92.54,92.51,21129.50967,300
5,1,92.54,92.51,21129.50977,300
100,1,92.53,92.5,21129.51233,100
24,1,92.53,92.5,21130.04024,200
100,1,92.52,92.5,21130.04088,200
1,1,92.52,92.5,21130.04124,200
33,1,92.52,92.5,21130.04158,200
43,1,92.54,92.52,21130.089,200
6,1,92.54,92.52,21130.08939,200
94,-1,92.51,92.53,21130.33018,100
100,-1,92.52,92.53,21130.6524,100
3,-1,92.52,92.54,21132.52244,400
1,-1,92.52,92.54,21132.52298,400
9,1,92.54,92.52,21132.8836,100
200,-1,92.53,92.54,21132.88398,200
100,1,92.53,92.51,21133.24944,200
100,1,92.53,92.51,21133.24953,200
2,1,92.53,92.51,21133.33911,100
10,-1,92.5,92.54,21135.53729,100
10,-1,92.5,92.51,21142.57113,100
90,1,92.51,92.48,21144.51759,400
100,1,92.51,92.48,21144.51779,400
100,1,92.5,92.48,21144.51787,100
100,1,92.49,92.46,21145.29038,100
100,1,92.49,92.47,21149.93865,100
100,1,92.49,92.48,21154.9479,100
100,1,92.49,92.48,21154.94852,100
100,1,92.49,92.48,21154.94861,100
5,-1,92.48,92.5,21154.94879,300
100,1,92.5,92.49,21154.94947,100
300,-1,92.5,92.51,21154.95476,200
6,-1,92.49,92.51,21155.06594,100
100,-1,92.48,92.5,21159.0715,100
1,1,92.49,92.48,21160.43301,100
100,-1,92.49,92.51,21160.43351,100
100,1,92.49,92.48,21167.72669,100
100,1,92.48,92.47,21169.48557,100
100,-1,92.47,92.48,21169.49257,300
4,-1,92.47,92.48,21169.49342,300
100,-1,92.47,92.48,21169.49362,300
100,-1,92.45,92.47,21203.39711,100
100,1,92.47,92.45,21203.54911,100
100,1,92.47,92.45,21203.92426,100
100,1,92.47,92.45,21206.22186,100
200,1,92.47,92.46,21207.70691,100
100,1,92.47,92.46,21207.70721,100
100,1,92.48,92.46,21207.70726,100
100,-1,92.47,92.48,21208.83,1000
99,1,92.48,92.47,21209.10038,100
2,1,92.49,92.47,21209.1008,200
100,1,92.49,92.48,21209.36211,200
3,-1,92.49,92.52,21209.36291,300
200,-1,92.48,92.5,21216.16352,200
200,1,92.49,92.47,21225.82956,100
1,1,92.5,92.47,21227.64575,100
99,-1,92.47,92.49,21229.59707,200
200,-1,92.47,92.49,21229.60487,200
100,1,92.49,92.47,21230.3339,100
200,1,92.49,92.47,21230.34328,100
100,1,92.5,92.47,21235.99416,100
100,1,92.49,92.47,21239.17127,100
200,-1,92.47,92.49,21239.34523,300
100,-1,92.47,92.49,21239.34534,300
100,-1,92.47,92.49,21239.34537,300
59,-1,92.47,92.49,21239.34543,300
41,-1,92.47,92.49,21239.34606,300
100,-1,92.47,92.49,21239.34612,300
100,-1,92.47,92.49,21239.34642,300
100,-1,92.47,92.49,21239.34718,300
100,-1,92.47,92.49,21239.34745,200
100,-1,92.47,92.48,21239.34776,200
100,1,92.47,92.45,21239.35638,200
100,-1,92.45,92.47,21240.12639,100
21,1,92.47,92.45,21240.54567,300
79,-1,92.45,92.47,21242.2516,100
21,1,92.46,92.45,21247.63062,100
100,-1,92.45,92.47,21247.63083,100
100,1,92.47,92.46,21247.64272,300
100,1,92.46,92.45,21251.78034,100
300,1,92.46,92.45,21251.79091,100
100,-1,92.45,92.47,21251.81044,200
1,1,92.47,92.45,21251.83124,300
100,-1,92.45,92.47,21251.84141,100
100,-1,92.45,92.47,21251.84247,100
28,-1,92.45,92.47,21251.84365,100
100,1,92.47,92.46,21251.87701,200
100,1,92.47,92.46,21251.88769,200
100,1,92.47,92.45,21251.99035,200
82,1,92.47,92.45,21256.04216,300
18,1,92.47,92.45,21256.04265,300
200,1,92.47,92.45,21256.04273,300
55,1,92.47,92.45,21256.04275,200
5,1,92.47,92.45,21256.04285,200
1,1,92.47,92.45,21256.04293,200
100,1,92.47,92.45,21256.04298,100
25,1,92.47,92.45,21256.04301,100
100,1,92.47,92.45,21256.04304,100
24,1,92.47,92.45,21256.04306,100
8,1,92.47,92.46,21256.07705,400
84,-1,92.47,92.48,21256.09355,100
100,-1,92.47,92.48,21256.09357,100
7,-1,92.47,92.48,21256.09367,100
100,1,92.48,92.47,21256.10022,100
100,1,92.49,92.47,21256.10077,100
100,1,92.49,92.48,21262.40645,100
13,-1,92.48,92.51,21262.40669,100
50,-1,92.48,92.51,21262.40698,100
24,-1,92.48,92.51,21262.40779,100
100,1,92.51,92.49,21274.37242,100
100,1,92.51,92.49,21274.37245,100
100,1,92.51,92.49,21274.37264,100
100,1,92.51,92.49,21284.66602,100
3,1,92.51,92.49,21284.67843,100
100,1,92.51,92.49,21285.93679,100
100,1,92.51,92.49,21286.30197,100
100,1,92.51,92.49,21286.66808,100
26,1,92.5,92.49,21287.0844,100
74,1,92.51,92.5,21308.71232,100
100,1,92.51,92.5,21308.73179,100
100,1,92.52,92.5,21308.76294,100
100,-1,92.5,92.51,21315.71618,400
100,-1,92.5,92.51,21315.71628,400
100,-1,92.5,92.51,21315.7165,400
2,-1,92.5,92.51,21315.71812,300
100,-1,92.49,92.5,21315.72066,100
100,-1,92.49,92.5,21315.72163,100
100,-1,92.49,92.5,21315.72193,100
100,-1,92.49,92.5,21315.72294,100
12,-1,92.48,92.5,21315.74955,100
100,1,92.5,92.48,21315.74965,100
21,1,92.5,92.49,21315.75023,100
79,1,92.51,92.48,21316.1409,100
100,1,92.5,92.48,21322.95551,100
19,1,92.5,92.49,21322.95591,100
1,-1,92.49,92.51,21323.2411,200
10,-1,92.49,92.51,21323.24288,200
4,-1,92.48,92.5,21324.04755,100
87,1,92.5,92.48,21327.51014,200
100,1,92.48,92.47,21337.00262,200
100,1,92.48,92.47,21337.00663,200
6,-1,92.47,92.48,21341.11847,200
3,-1,92.47,92.48,21341.11859,200
100,-1,92.47,92.48,21341.11861,200
95,1,92.46,92.44,21342.04295,100
100,1,92.45,92.44,21342.73932,100
100,1,92.45,92.44,21342.73965,100
18,-1,92.45,92.46,21342.75079,200
100,1,92.46,92.45,21343.42705,100
100,-1,92.45,92.46,21349.57343,100
100,1,92.45,92.44,21350.0437,100
28,1,92.46,92.44,21350.04406,200
4,1,92.46,92.44,21357.12923,300
100,1,92.46,92.44,21357.12928,300
100,1,92.46,92.45,21358.40753,200
100,-1,92.45,92.47,21358.40765,200
100,-1,92.45,92.47,21358.40767,200
15,-1,92.47,92.48,21360.57515,100
100,-1,92.47,92.48,21361.37698,300
11,-1,92.47,92.48,21361.37756,300
100,-1,92.47,92.48,21365.32433,300
100,-1,92.47,92.48,21371.95235,200
100,1,92.47,92.46,21371.9526,200
100,1,92.47,92.46,21371.95268,200
100,1,92.47,92.46,21371.9527,200
30,1,92.47,92.46,21371.95287,200
100,-1,92.46,92.47,21371.95291,200
50,-1,92.46,92.47,21371.95297,200
50,-1,92.46,92.47,21371.95309,200
10,1,92.47,92.46,21371.9532,200
100,1,92.47,92.46,21371.9926,100
34,-1,92.47,92.49,21371.99293,100
2,-1,92.47,92.49,21372.06688,100
100,1,92.48,92.47,21380.73839,100
2,1,92.49,92.47,21380.73854,200
98,-1,92.48,92.49,21380.73946,200
25,1,92.49,92.47,21388.20789,200
300,1,92.49,92.47,21388.20797,100
206,1,92.5,92.47,21389.01413,100
206,1,92.5,92.48,21395.05808,200
100,1,92.5,92.48,21395.05813,200
100,1,92.5,92.48,21395.05816,200
100,1,92.5,92.48,21395.0583,100
72,1,92.5,92.48,21395.05838,100
300,1,92.5,92.49,21395.05847,100
85,-1,92.49,92.52,21395.06584,200
100,-1,92.5,92.51,21411.23597,100
7,-1,92.5,92.51,21411.2369,100
33,-1,92.5,92.51,21411.2375,100
100,-1,92.49,92.5,21411.24329,100
50,1,92.5,92.49,21411.24541,300
98,1,92.5,92.49,21411.2738,100
50,1,92.5,92.48,21412.44378,100
101,-1,92.48,92.5,21418.42201,200
100,1,92.5,92.48,21422.04265,100
100,-1,92.48,92.5,21425.73097,200
100,1,92.5,92.48,21439.52832,100
100,1,92.5,92.49,21446.98815,100
62,-1,92.49,92.5,21458.48413,200
100,-1,92.49,92.5,21458.48474,100
100,-1,92.49,92.5,21458.4849,100
100,-1,92.49,92.5,21458.48499,100
2,1,92.49,92.48,21458.48636,100
100,1,92.49,92.48,21458.48689,100
100,-1,92.48,92.49,21458.49157,300
100,-1,92.48,92.49,21458.49179,300
100,-1,92.48,92.49,21458.49237,300
7,-1,92.48,92.49,21458.49364,300
100,-1,92.48,92.49,21458.49415,300
100,-1,92.48,92.49,21458.54435,300
100,1,92.49,92.48,21462.08623,200
25,1,92.49,92.48,21471.10981,300
100,1,92.49,92.48,21471.10985,300
100,1,92.49,92.48,21471.11262,200
100,1,92.49,92.48,21471.11287,100
100,1,92.49,92.48,21471.11297,100
12,-1,92.49,92.5,21471.11863,100
100,-1,92.49,92.5,21471.11873,100
100,-1,92.49,92.5,21471.11883,100
100,-1,92.49,92.5,21471.11911,200
2,-1,92.5,92.52,21476.93141,200
100,-1,92.5,92.51,21476.93214,100
100,-1,92.5,92.51,21476.93228,100
100,-1,92.5,92.51,21476.93239,100
7,-1,92.5,92.51,21476.93249,100
100,-1,92.5,92.51,21476.93251,100
71,-1,92.49,92.5,21482.02706,100
53,-1,92.49,92.5,21482.02718,100
100,-1,92.48,92.5,21482.02931,200
47,-1,92.48,92.5,21482.03054,200
100,1,92.49,92.48,21485.03691,200
100,1,92.49,92.48,21485.03745,100
100,1,92.5,92.49,21485.04046,100
100,1,92.5,92.49,21485.04052,100
82,1,92.5,92.49,21485.0411,100
72,1,92.51,92.5,21485.0474,200
100,-1,92.5,92.52,21492.40331,100
100,-1,92.5,92.51,21492.87258,100
1000,-1,92.5,92.51,21492.87284,100
200,-1,92.49,92.51,21492.87314,200
200,-1,92.49,92.51,21492.87334,200
100,1,92.51,92.49,21494.20385,200
10,-1,92.49,92.51,21497.3472,100
5,-1,92.49,92.5,21497.3524,100
100,-1,92.49,92.5,21497.35296,100
100,-1,92.48,92.5,21497.35656,200
100,1,92.51,92.48,21507.17206,100
100,1,92.51,92.49,21508.83456,200
100,1,92.51,92.49,21516.50879,100
100,1,92.51,92.49,21516.54568,100
100,1,92.5,92.49,21527.05333,500
100,1,92.5,92.49,21527.10501,500
100,1,92.5,92.49,21527.16696,500
62,-1,92.48,92.5,21530.1365,300
100,1,92.49,92.48,21530.13697,100
100,-1,92.48,92.49,21544.64614,300
100,1,92.48,92.47,21544.64669,200
100,-1,92.46,92.48,21544.64782,200
100,1,92.47,92.46,21545.52115,100
100,-1,92.46,92.48,21549.11237,100
1,1,92.48,92.46,21550.00452,100
2,1,92.48,92.46,21556.3483,200
6,-1,92.46,92.48,21563.11528,200
100,1,92.48,92.46,21563.33282,300
200,1,92.48,92.46,21563.33316,300
94,-1,92.48,92.49,21563.33417,100
3,-1,92.48,92.49,21563.34788,100
100,1,92.48,92.47,21563.83861,100
97,1,92.49,92.48,21564.83294,400
100,1,92.48,92.47,21565.0566,100
100,1,92.49,92.48,21565.05836,400
14,1,92.49,92.48,21565.05872,400
100,1,92.49,92.48,21565.05952,400
49,-1,92.49,92.5,21565.06547,300
51,-1,92.49,92.5,21565.17194,100
200,1,92.5,92.49,21571.04164,100
49,1,92.5,92.49,21571.0426,100
51,1,92.5,92.49,21571.0435,100
1,-1,92.5,92.51,21571.04655,100
63,1,92.52,92.5,21571.16393,200
100,1,92.52,92.5,21571.17386,200
2,-1,92.51,92.52,21581.61537,100
98,-1,92.51,92.52,21581.61559,100
100,-1,92.51,92.52,21581.61616,100
2,-1,92.51,92.52,21581.61636,100
98,-1,92.51,92.52,21581.61639,100
19,1,92.51,92.5,21581.67503,200
2,-1,92.5,92.52,21581.68248,200
36,1,92.52,92.5,21582.11896,200
112,1,92.52,92.5,21582.94393,200
100,1,92.52,92.51,21583.48574,200
100,1,92.52,92.51,21587.78883,200
100,1,92.52,92.51,21587.78888,200
100,1,92.52,92.51,21587.78892,200
100,1,92.52,92.51,21587.78906,100
100,-1,92.51,92.53,21587.78926,400
36,1,92.54,92.52,21592.1337,100
28,-1,92.53,92.54,21592.6411,100
36,1,92.54,92.52,21599.11835,100
94,1,92.57,92.54,21599.12707,100
1,1,92.57,92.55,21610.79478,100
100,-1,92.56,92.59,21610.79535,100
100,-1,92.56,92.59,21610.79567,100
100,-1,92.57,92.59,21610.79641,100
104,-1,92.58,92.59,21611.61615,100
100,-1,92.58,92.59,21611.61626,100
100,-1,92.58,92.59,21611.61629,100
100,-1,92.58,92.59,21611.61645,100
100,1,92.58,92.57,21611.6176,100
100,1,92.59,92.58,21614.48906,100
55,-1,92.58,92.61,21614.48953,200
1,-1,92.58,92.61,21619.50831,300
2,-1,92.58,92.61,21625.25322,200
100,-1,92.58,92.61,21625.25661,200
100,-1,92.58,92.61,21625.25706,200
800,-1,92.58,92.59,21634.24679,300
1500,-1,92.58,92.59,21634.24757,300
2,-1,92.58,92.59,21634.24762,300
100,-1,92.58,92.59,21634.2477,300
100,-1,92.58,92.59,21634.24799,200
100,-1,92.58,92.59,21634.2481,100
70,-1,92.58,92.59,21634.24812,100
100,-1,92.57,92.59,21634.24819,200
170,-1,92.57,92.58,21634.25693,200
12,-1,92.57,92.58,21634.25711,100
86,-1,92.56,92.58,21634.25719,300
1,-1,92.56,92.57,21642.64049,300
100,-1,92.56,92.57,21642.64074,300
100,-1,92.56,92.57,21642.64078,300
300,-1,92.56,92.57,21642.64085,300
100,1,92.56,92.55,21642.64176,100
100,1,92.56,92.55,21642.64179,100
100,-1,92.54,92.56,21645.12602,500
300,-1,92.54,92.56,21645.12614,500
100,-1,92.55,92.56,21645.15391,100
100,-1,92.55,92.56,21645.1541,100
100,-1,92.55,92.56,21645.15459,100
100,-1,92.55,92.56,21645.15505,100
100,-1,92.54,92.55,21645.15709,500
500,-1,92.54,92.55,21645.15721,500
100,-1,92.54,92.55,21645.15751,500
100,-1,92.54,92.55,21645.15832,300
5,-1,92.54,92.55,21645.15928,200
3,-1,92.54,92.55,21645.15942,200
100,1,92.55,92.53,21649.1897,200
95,1,92.54,92.53,21649.52827,100
100,1,92.54,92.53,21649.52847,100
100,1,92.54,92.53,21649.52856,100
100,1,92.53,92.52,21656.80012,200
100,-1,92.52,92.53,21664.51001,100
200,-1,92.51,92.52,21664.51047,100
100,-1,92.51,92.52,21664.51056,100
100,1,92.52,92.51,21664.5106,100
100,-1,92.51,92.52,21664.51066,100
100,1,92.52,92.5,21664.51096,100
100,-1,92.5,92.51,21664.56502,100
100,1,92.51,92.5,21674.02137,200
100,1,92.51,92.5,21674.0215,200
100,1,92.51,92.5,21674.02161,200
100,1,92.51,92.5,21674.02187,200
300,1,92.51,92.5,21674.02195,200
400,-1,92.51,92.52,21674.02694,300
4,-1,92.51,92.52,21674.03506,300
15,-1,92.51,92.52,21674.03564,300
20,-1,92.51,92.52,21674.03573,300
100,-1,92.51,92.52,21674.04088,300
2300,-1,92.51,92.52,21674.04148,300
16,1,92.52,92.5,21674.04383,100
100,1,92.52,92.5,21674.04397,100
47,1,92.52,92.5,21674.04443,100
83,-1,92.5,92.52,21674.04477,100
17,-1,92.5,92.52,21674.04489,100
100,-1,92.5,92.52,21674.04553,100
100,-1,92.5,92.52,21674.04766,100
100,-1,92.5,92.52,21674.04776,100
83,1,92.52,92.5,21674.13684,100
100,1,92.52,92.5,21674.1573,100
100,-1,92.51,92.53,21674.15773,100
100,1,92.54,92.51,21676.03429,100
100,1,92.56,92.52,21688.43929,200
100,1,92.56,92.52,21688.43938,200
100,1,92.56,92.53,21688.43945,100
217,1,92.56,92.53,21688.43955,100
83,1,92.56,92.53,21688.48645,100
17,1,92.57,92.53,21691.26858,100
100,-1,92.55,92.57,21693.17835,200
130,1,92.56,92.55,21701.69983,200
100,1,92.56,92.55,21701.69998,200
94,1,92.56,92.55,21701.70004,100
4,1,92.56,92.55,21701.70008,100
4,1,92.57,92.55,21701.70019,100
100,1,92.57,92.55,21701.70038,100
100,1,92.57,92.55,21703.37856,200
100,-1,92.54,92.56,21705.45831,200
100,1,92.56,92.54,21706.78759,200
100,1,92.55,92.54,21707.99012,100
100,-1,92.53,92.55,21723.9508,300
100,1,92.55,92.53,21731.3432,100
100,1,92.55,92.54,21731.34362,100
15,-1,92.54,92.56,21731.34375,200
100,-1,92.54,92.56,21731.34378,200
100,-1,92.55,92.56,21734.07027,200
6,-1,92.55,92.56,21734.07072,200
100,-1,92.55,92.56,21734.07083,200
94,1,92.55,92.54,21737.79525,200
100,-1,92.54,92.55,21740.57003,100
100,-1,92.53,92.54,21743.95426,200
3,-1,92.53,92.54,21743.95445,200
100,-1,92.53,92.54,21743.95457,100
100,-1,92.53,92.54,21743.95466,100
6,1,92.53,92.52,21743.96213,200
62,1,92.52,92.51,21744.09818,100
100,1,92.52,92.51,21749.48588,600
38,1,92.52,92.51,21751.76488,600
62,1,92.52,92.51,21751.76496,200
38,1,92.52,92.51,21751.76504,200
100,1,92.52,92.51,21751.76512,100
100,1,92.52,92.51,21751.7652,100
55,-1,92.51,92.53,21751.76524,200
4,-1,92.51,92.53,21751.76532,300
100,1,92.53,92.52,21751.76643,200
200,1,92.53,92.52,21751.76739,100
100,1,92.54,92.52,21751.76751,200
45,1,92.54,92.52,21758.25771,200
55,1,92.54,92.52,21758.25792,200
28,1,92.54,92.52,21758.25883,200
96,1,92.54,92.52,21758.25961,200
17,1,92.54,92.52,21758.26034,200
100,-1,92.52,92.54,21758.27138,500
100,1,92.53,92.52,21759.66643,400
100,1,92.53,92.52,21759.67925,400
100,1,92.53,92.52,21759.67991,400
100,1,92.53,92.52,21759.68133,300
100,1,92.53,92.52,21759.74825,300
100,-1,92.53,92.54,21759.75773,100
100,-1,92.53,92.54,21759.75776,100
100,1,92.53,92.52,21759.75895,100
100,1,92.53,92.52,21759.76065,100
100,1,92.53,92.52,21759.77395,100
100,1,92.54,92.52,21760.46631,200
6,1,92.54,92.52,21760.46648,200
100,1,92.54,92.52,21760.46659,200
100,1,92.54,92.52,21760.46662,200
100,1,92.55,92.53,21763.07805,100
3,1,92.55,92.53,21763.07835,100
47,-1,92.54,92.55,21763.07926,200
50,-1,92.54,92.55,21763.65341,300
100,-1,92.54,92.55,21763.65706,300
100,-1,92.54,92.55,21763.66029,300
200,1,92.55,92.54,21771.47741,100
100,1,92.55,92.54,21771.47879,100
100,1,92.55,92.54,21771.65293,100
3,1,92.55,92.54,21771.67155,100
100,1,92.55,92.54,21774.10285,100
1,1,92.55,92.54,21774.10288,100
100,1,92.55,92.54,21774.31961,100
100,1,92.55,92.54,21774.31991,100
100,-1,92.54,92.56,21774.32001,200
100,-1,92.54,92.56,21774.32018,200
100,-1,92.55,92.56,21774.34636,300
100,1,92.56,92.55,21780.53674,200
100,1,92.57,92.55,21780.53714,100
100,-1,92.57,92.58,21784.20795,100
100,-1,92.57,92.58,21785.56,100
200,-1,92.57,92.58,21785.56133,100
100,1,92.57,92.56,21785.56172,200
100,-1,92.56,92.57,21788.38856,100
100,-1,92.56,92.57,21788.3908,100
100,-1,92.56,92.57,21788.39341,100
200,-1,92.55,92.57,21788.39352,500
100,-1,92.55,92.56,21792.40012,100
100,1,92.55,92.54,21796.41665,100
90,1,92.55,92.54,21796.41883,100
100,1,92.55,92.54,21803.625,100
100,1,92.55,92.54,21803.62507,100
248,1,92.55,92.54,21803.62515,100
3,1,92.55,92.54,21803.62517,100
97,-1,92.54,92.56,21803.62539,100
5,-1,92.54,92.55,21815.15451,100
100,-1,92.54,92.55,21815.15461,100
17,-1,92.54,92.55,21815.16467,100
67,1,92.54,92.53,21815.18588,200
500,1,92.55,92.53,21815.23753,100
500,-1,92.54,92.55,21815.26507,200
500,1,92.55,92.54,21815.26793,100
100,1,92.55,92.54,21815.27944,100
100,1,92.55,92.54,21815.32686,100
100,1,92.55,92.53,21815.36282,200
100,-1,92.53,92.55,21817.52677,400
100,1,92.54,92.53,21817.53484,100
39,1,92.54,92.53,21817.53572,100
36,1,92.54,92.53,21817.5436,200
100,1,92.54,92.53,21817.77751,100
3,1,92.55,92.53,21818.97073,200
50,-1,92.53,92.54,21819.04884,100
108,-1,92.53,92.54,21819.04884,100
100,1,92.54,92.52,21819.049,800
6,-1,92.51,92.53,21819.09221,600
100,-1,92.51,92.53,21819.35062,400
11,1,92.52,92.51,21821.06034,100
100,1,92.52,92.51,21821.07497,100
100,-1,92.51,92.54,21821.84211,100
78,-1,92.51,92.54,21821.84245,100
100,1,92.53,92.52,21827.82015,200
22,1,92.53,92.52,21827.8202,200
78,1,92.53,92.52,21827.82027,200
22,1,92.53,92.52,21827.82031,200
100,1,92.54,92.52,21827.82038,200
57,1,92.54,92.53,21827.82571,100
51,-1,92.53,92.54,21829.72378,100
100,-1,92.53,92.54,21833.43695,200
58,-1,92.53,92.54,21833.43708,200
42,-1,92.53,92.54,21833.43791,200
100,-1,92.52,92.54,21834.55681,100
10,1,92.54,92.51,21845.90465,200
33,-1,92.53,92.54,21845.96978,100
100,-1,92.52,92.54,21846.26547,200
10,-1,92.52,92.54,21852.95515,200
100,-1,92.52,92.53,21867.38763,200
100,-1,92.52,92.53,21867.38861,200
100,-1,92.52,92.53,21867.38873,100
100,-1,92.52,92.53,21867.38882,100
100,1,92.52,92.51,21869.11097,100
100,1,92.52,92.51,21871.01296,100
100,-1,92.51,92.52,21871.03899,400
100,1,92.52,92.51,21886.58705,200
100,1,92.52,92.51,21886.58716,100
100,1,92.52,92.51,21886.58718,100
100,1,92.52,92.51,21886.58723,100
200,-1,92.52,92.53,21886.60125,100
600,-1,92.52,92.53,21886.60136,300
600,-1,92.52,92.53,21894.85302,100
1,-1,92.52,92.53,21895.21775,100
100,1,92.53,92.52,21895.22014,200
100,1,92.53,92.52,21895.22031,200
10,-1,92.52,92.53,21920.71922,300
1,-1,92.52,92.53,21934.98838,300
64,-1,92.52,92.53,21935.88674,100
1,-1,92.52,92.53,21935.88684,100
146,-1,92.52,92.53,21935.88686,100
100,-1,92.52,92.53,21935.88692,100
100,-1,92.52,92.53,21935.88702,100
100,-1,92.52,92.53,21935.88731,100
200,-1,92.52,92.53,21935.88742,100
100,-1,92.51,92.52,21939.9765,400
5,1,92.52,92.51,21940.16967,100
100,1,92.52,92.51,21940.16972,100
13,-1,92.51,92.53,21940.16981,400
100,-1,92.51,92.53,21940.16983,400
100,-1,92.51,92.53,21940.17016,500
100,-1,92.51,92.53,21940.17026,700
100,1,92.53,92.52,21940.1755,400
100,1,92.53,92.52,21940.17599,300
100,1,92.53,92.52,21940.17989,400
50,1,92.53,92.52,21940.17994,400
50,1,92.53,92.52,21940.18019,400
2,1,92.53,92.52,21940.18039,300
87,1,92.53,92.52,21940.18049,100
13,1,92.54,92.52,21940.18051,100
48,1,92.54,92.52,21940.18054,100
52,-1,92.53,92.54,21940.18184,200
100,-1,92.53,92.54,21940.1838,200
100,-1,92.53,92.54,21940.18664,200
37,1,92.54,92.53,21940.80804,100
100,1,92.54,92.53,21940.80812,100
50,1,92.55,92.53,21940.80909,100
50,1,92.55,92.53,21943.53136,100
54,1,92.56,92.53,21943.53232,100
46,1,92.56,92.53,21943.53242,100
46,-1,92.54,92.56,21943.53302,200
100,-1,92.54,92.55,21949.69518,100
50,-1,92.54,92.55,21949.69533,100
50,1,92.54,92.53,21949.69637,200
3,1,92.54,92.53,21961.96734,100
2,1,92.54,92.53,21962.25756,100
5,-1,92.54,92.55,21962.2583,100
100,-1,92.54,92.55,21962.25838,100
95,-1,92.54,92.55,21968.35419,100
5,-1,92.54,92.55,21968.35432,100
95,1,92.55,92.53,21968.78968,100
100,-1,92.53,92.55,21970.51128,200
100,1,92.55,92.54,21973.27718,100
14,1,92.55,92.54,21973.53655,100
1,-1,92.55,92.56,21973.56311,400
99,1,92.55,92.54,21973.56999,200
8,1,92.55,92.54,21973.57001,200
63,1,92.55,92.54,21973.57004,200
37,1,92.55,92.54,21973.57007,200
23,1,92.55,92.54,21974.70695,100
40,1,92.55,92.54,21976.56251,100
67,1,92.55,92.54,21976.56283,100
100,1,92.56,92.55,21982.7335,100
100,1,92.56,92.55,21982.73445,100
100,1,92.56,92.55,21982.73451,100
1,1,92.56,92.55,21982.73465,100
100,1,92.57,92.56,21982.73759,100
100,-1,92.56,92.57,21982.89581,100
100,1,92.57,92.56,21982.93089,100
100,1,92.58,92.56,21982.93094,100
300,1,92.58,92.56,21988.64225,100
100,1,92.58,92.56,21990.32687,100
2,1,92.57,92.56,21994.43867,200
98,1,92.57,92.56,21994.44486,200
2,1,92.57,92.56,21994.44774,100
100,1,92.58,92.56,21994.44817,100
100,-1,92.57,92.58,21994.4489,100
100,-1,92.57,92.58,22000.40311,200
100,-1,92.57,92.58,22000.40342,200
65,1,92.58,92.56,22000.40353,200
35,1,92.57,92.56,22002.40321,100
65,-1,92.56,92.59,22005.38237,200
100,1,92.59,92.57,22005.38742,100
19,1,92.59,92.57,22005.38753,100
65,-1,92.57,92.58,22010.45881,100
35,1,92.57,92.56,22010.45914,200
100,1,92.57,92.56,22015.48035,300
22,-1,92.56,92.57,22016.33899,200
200,1,92.57,92.56,22020.61585,200
100,1,92.57,92.56,22020.61593,200
100,1,92.57,92.56,22025.63893,200
30,1,92.57,92.56,22035.5509,200
400,1,92.57,92.56,22035.55101,200
300,1,92.57,92.56,22035.55111,100
100,1,92.57,92.56,22035.55134,100
100,1,92.57,92.56,22035.55145,100
101,1,92.58,92.57,22035.55212,100
99,1,92.59,92.57,22035.55304,100
200,-1,92.58,92.59,22035.68992,100
100,1,92.59,92.58,22037.49939,100
14,-1,92.58,92.59,22039.36385,200
100,1,92.6,92.58,22040.99015,100
100,-1,92.59,92.6,22040.99232,200
30,1,92.6,92.58,22040.99272,100
86,1,92.6,92.59,22041.10961,100
86,1,92.6,92.59,22041.25167,100
14,1,92.6,92.59,22041.64672,100
100,-1,92.59,92.6,22043.51498,100
100,-1,92.59,92.6,22043.51574,100
1,1,92.59,92.58,22043.51616,100
200,1,92.59,92.58,22043.51627,100
100,1,92.59,92.58,22043.51629,100
100,1,92.59,92.58,22043.51632,100
1,-1,92.58,92.59,22046.38464,300
100,1,92.59,92.58,22048.63014,200
100,1,92.59,92.58,22054.17023,100
100,1,92.6,92.58,22054.83705,100
100,-1,92.59,92.6,22056.67737,200
10,1,92.6,92.58,22056.67742,100
26,-1,92.58,92.59,22058.222,100
15,-1,92.58,92.59,22061.69327,100
85,-1,92.57,92.59,22062.10973,600
6,1,92.58,92.57,22062.11303,200
100,-1,92.57,92.58,22066.53268,400
15,-1,92.57,92.58,22066.53291,200
100,1,92.57,92.56,22066.53441,200
100,1,92.57,92.56,22066.53448,200
100,-1,92.56,92.57,22066.536,500
4,-1,92.56,92.57,22066.53671,500
100,-1,92.56,92.57,22066.53721,500
10,-1,92.56,92.57,22066.53721,500
100,-1,92.56,92.57,22066.53936,400
100,-1,92.56,92.57,22066.53941,400
100,-1,92.56,92.57,22066.53943,400
100,-1,92.56,92.57,22066.5395,400
100,-1,92.56,92.57,22066.53975,400
200,-1,92.56,92.57,22066.5399,400
100,-1,92.56,92.57,22066.54004,400
100,-1,92.56,92.57,22066.54006,400
75,-1,92.56,92.57,22066.54006,400
300,-1,92.56,92.57,22066.54011,400
41,-1,92.55,92.56,22066.54158,400
75,1,92.56,92.55,22066.5424,200
100,1,92.56,92.55,22066.66573,100
100,-1,92.55,92.56,22067.87591,200
100,1,92.56,92.55,22073.34504,100
100,1,92.56,92.55,22073.34509,100
100,1,92.56,92.55,22073.3456,100
100,-1,92.56,92.57,22078.77634,100
69,1,92.57,92.56,22082.20092,100
100,1,92.58,92.56,22082.29474,100
100,1,92.57,92.56,22085.61465,100
28,-1,92.56,92.57,22086.60951,400
100,-1,92.56,92.57,22086.60955,400
100,-1,92.56,92.57,22089.20057,300
100,-1,92.56,92.57,22090.14144,300
78,1,92.57,92.56,22094.10899,200
100,1,92.57,92.56,22097.4405,200
100,1,92.57,92.56,22111.49962,200
96,1,92.57,92.56,22111.88199,200
100,1,92.57,92.56,22111.88288,200
100,1,92.57,92.56,22111.88298,200
100,1,92.57,92.56,22112.43237,100
4,1,92.57,92.56,22112.43259,100
6,1,92.57,92.56,22112.4328,100
500,1,92.57,92.56,22112.43289,100
10,1,92.57,92.56,22112.4329,100
51,1,92.58,92.57,22123.70821,100
100,1,92.58,92.57,22123.70846,100
100,1,92.59,92.57,22123.70857,100
200,1,92.59,92.57,22123.70867,100
100,1,92.59,92.57,22123.70869,100
100,1,92.6,92.58,22123.75219,200
100,-1,92.57,92.59,22124.23337,300
100,-1,92.58,92.59,22124.29285,100
100,-1,92.58,92.59,22124.29304,100
100,1,92.59,92.58,22125.31512,200
100,1,92.59,92.58,22125.31543,200
100,1,92.59,92.58,22125.77238,200
100,-1,92.58,92.59,22128.27251,200
100,-1,92.58,92.59,22128.27254,200
25,-1,92.58,92.59,22128.27257,200
17,-1,92.58,92.59,22128.27273,100
5,-1,92.57,92.59,22128.27285,300
100,-1,92.57,92.59,22128.27287,300
100,-1,92.57,92.59,22128.2729,300
100,1,92.58,92.57,22128.27615,200
8,1,92.58,92.57,22132.91158,200
100,1,92.58,92.57,22132.91178,100
100,1,92.58,92.57,22132.91187,100
100,1,92.58,92.57,22132.91191,100
100,-1,92.58,92.59,22132.91331,200
100,-1,92.58,92.59,22132.91391,100
100,1,92.59,92.58,22132.9223,100
1,-1,92.58,92.59,22132.92854,300
100,-1,92.58,92.59,22132.92908,300
63,-1,92.58,92.59,22132.93834,200
100,1,92.58,92.57,22132.94119,300
5,1,92.58,92.57,22136.40668,200
100,1,92.58,92.57,22136.40671,200
100,1,92.58,92.57,22136.43793,200
5,1,92.58,92.57,22136.46089,200
10,1,92.58,92.57,22136.46118,200
85,1,92.58,92.57,22136.50207,200
2,1,92.58,92.57,22137.61547,100
100,1,92.58,92.57,22137.61565,100
100,-1,92.58,92.59,22137.6542,200
100,1,92.59,92.58,22137.65453,100
5,1,92.6,92.58,22137.65465,200
2,-1,92.58,92.61,22139.60623,400
20,-1,92.58,92.61,22139.60666,400
80,1,92.61,92.6,22144.98581,100
20,1,92.61,92.6,22144.98593,100
100,1,92.61,92.6,22144.98606,100
100,1,92.61,92.6,22148.05825,100
100,1,92.62,92.6,22148.0884,200
100,-1,92.6,92.61,22151.73247,600
13,1,92.61,92.6,22151.73263,100
87,-1,92.6,92.61,22151.73272,600
13,-1,92.6,92.61,22151.73282,300
300,-1,92.6,92.61,22151.73301,200
1,-1,92.6,92.61,22151.73312,100
100,1,92.6,92.59,22151.73375,100
87,1,92.6,92.59,22151.7348,100
87,-1,92.6,92.61,22151.73761,300
2,-1,92.6,92.61,22151.73764,300
110,1,92.6,92.59,22151.73812,200
100,1,92.6,92.59,22151.73813,200
100,1,92.6,92.59,22151.84823,200
100,-1,92.59,92.6,22152.49875,200
86,-1,92.59,92.6,22152.84378,200
35,1,92.6,92.59,22154.16352,100
100,1,92.61,92.59,22154.16443,200
49,1,92.61,92.6,22156.67013,400
100,1,92.61,92.6,22156.67031,200
51,1,92.61,92.6,22156.6704,200
100,1,92.62,92.61,22156.6804,100
100,1,92.62,92.61,22156.68111,100
100,1,92.63,92.61,22156.68188,100
200,-1,92.61,92.64,22156.69512,300
100,1,92.64,92.63,22158.05245,100
5,1,92.64,92.63,22158.35427,100
100,1,92.64,92.63,22158.35438,100
400,1,92.64,92.63,22158.35463,100
1200,1,92.65,92.64,22158.46444,200
90,1,92.66,92.64,22158.50852,200
100,-1,92.64,92.66,22158.53542,300
100,1,92.66,92.64,22158.60867,200
3,-1,92.64,92.66,22158.70724,300
700,1,92.66,92.64,22160.87543,200
10,-1,92.64,92.66,22160.89753,200
2,1,92.65,92.64,22160.90072,100
100,-1,92.63,92.64,22161.3101,200
100,-1,92.63,92.64,22161.31021,200
10,-1,92.63,92.64,22161.31191,100
100,-1,92.63,92.64,22161.31359,100
100,-1,92.62,92.64,22161.47552,100
88,1,92.63,92.62,22161.81658,100
2,-1,92.63,92.64,22164.00795,100
700,-1,92.62,92.64,22164.00846,100
100,-1,92.62,92.64,22164.04417,100
400,1,92.63,92.62,22164.94478,200
100,1,92.63,92.62,22164.94684,100
1790,-1,92.62,92.63,22165.9412,100
100,-1,92.62,92.63,22165.95924,100
48,1,92.62,92.61,22165.99661,200
100,-1,92.61,92.62,22167.1419,300
100,-1,92.61,92.62,22167.14202,300
10,1,92.63,92.61,22168.15366,100
90,-1,92.61,92.63,22169.01591,200
100,-1,92.61,92.63,22169.01603,200
300,-1,92.61,92.63,22170.5802,600
300,1,92.63,92.61,22170.76565,200
100,-1,92.61,92.62,22177.214,300
100,-1,92.61,92.62,22177.21481,300
100,-1,92.61,92.62,22177.21493,300
700,-1,92.61,92.62,22177.21495,300
100,-1,92.61,92.62,22177.21498,300
100,-1,92.61,92.62,22177.215,300
3,-1,92.6,92.61,22177.21619,400
99,-1,92.6,92.61,22177.2166,200
100,-1,92.6,92.61,22177.2166,200
1,1,92.61,92.6,22177.21818,300
100,-1,92.6,92.61,22177.22873,100
100,1,92.61,92.6,22177.23016,300
100,1,92.61,92.6,22177.23056,300
1,1,92.61,92.6,22177.23089,300
100,1,92.61,92.6,22177.23096,300
100,1,92.61,92.59,22177.23135,300
200,1,92.61,92.59,22177.23138,300
100,1,92.61,92.59,22177.23148,200
400,1,92.61,92.59,22177.23181,200
2970,-1,92.59,92.61,22177.23393,500
100,1,92.61,92.59,22177.25213,100
100,1,92.61,92.6,22177.28142,100
100,-1,92.6,92.61,22178.0904,100
100,-1,92.6,92.61,22185.25795,100
3,-1,92.6,92.61,22185.42352,100
100,-1,92.6,92.61,22185.42356,100
100,-1,92.6,92.61,22185.42358,100
5,-1,92.59,92.61,22185.42403,600
100,-1,92.59,92.61,22185.75759,300
100,-1,92.59,92.6,22186.00726,100
100,1,92.59,92.58,22186.0077,100
13,-1,92.57,92.58,22187.75364,600
100,1,92.58,92.57,22187.81743,200
100,-1,92.57,92.58,22188.88145,600
604,-1,92.57,92.58,22188.88174,600
1,1,92.58,92.57,22189.00002,200
18,1,92.58,92.57,22189.00011,200
100,-1,92.57,92.58,22190.66772,500
3,-1,92.56,92.57,22191.5116,300
100,-1,92.56,92.57,22192.35813,200
10,-1,92.54,92.56,22195.63398,900
100,-1,92.54,92.56,22197.41324,700
100,1,92.56,92.54,22201.21065,200
100,1,92.56,92.54,22201.21116,200
100,1,92.56,92.55,22201.21169,100
100,1,92.56,92.55,22201.21169,100
12,1,92.56,92.55,22201.21176,100
73,1,92.56,92.55,22201.21184,100
16,1,92.56,92.55,22201.21204,100
100,1,92.57,92.55,22201.21222,300
100,1,92.57,92.56,22202.19757,200
100,-1,92.56,92.57,22202.95463,700
10,-1,92.56,92.57,22202.95519,600
90,-1,92.56,92.57,22202.95528,600
10,-1,92.56,92.57,22202.95531,600
2,1,92.57,92.56,22204.95158,300
3,1,92.57,92.56,22206.04556,300
100,1,92.57,92.56,22206.04596,300
84,1,92.57,92.56,22206.04605,300
13,1,92.57,92.56,22206.04628,300
100,1,92.59,92.57,22206.04709,100
195,1,92.59,92.58,22206.05039,100
5,-1,92.59,92.6,22206.06953,100
100,1,92.59,92.58,22206.07383,200
200,-1,92.59,92.6,22206.20725,600
46,-1,92.58,92.6,22210.70819,800
50,1,92.61,92.58,22211.93029,100
10,1,92.61,92.58,22211.93071,100
100,1,92.61,92.58,22211.93076,100
87,1,92.61,92.58,22211.93086,100
8,1,92.61,92.59,22211.93191,100
100,-1,92.59,92.61,22215.64387,800
100,-1,92.58,92.6,22223.02607,800
100,-1,92.58,92.6,22223.02609,800
100,-1,92.58,92.6,22223.02629,800
100,-1,92.58,92.6,22223.02637,800
499,-1,92.58,92.6,22223.02677,800
100,-1,92.58,92.59,22227.31643,200
155,1,92.59,92.58,22227.66279,300
100,1,92.59,92.58,22234.38044,200
100,1,92.59,92.58,22234.38066,100
5,1,92.59,92.58,22234.38078,100
100,1,92.59,92.58,22234.38138,100
100,1,92.59,92.58,22234.38146,100
1,1,92.6,92.58,22234.38151,100
100,1,92.6,92.58,22234.38157,100
10,1,92.6,92.58,22234.38161,100
100,1,92.6,92.59,22234.39738,100
100,1,92.6,92.59,22234.39761,100
100,-1,92.6,92.61,22234.3979,200
100,-1,92.6,92.61,22235.40362,1300
335,1,92.61,92.6,22238.51912,300
200,1,92.61,92.6,22238.55089,100
100,1,92.62,92.61,22239.009,100
50,1,92.62,92.61,22239.1271,100
100,-1,92.61,92.64,22239.14835,1400
100,-1,92.61,92.63,22242.82632,1400
100,1,92.63,92.61,22242.82639,100
100,-1,92.61,92.63,22256.08317,1300
100,-1,92.61,92.62,22256.34177,800
100,-1,92.61,92.62,22256.34184,800
100,-1,92.61,92.62,22256.34197,800
100,-1,92.61,92.62,22256.34207,300
200,-1,92.61,92.62,22256.34217,300
100,-1,92.61,92.62,22256.34231,300
100,-1,92.61,92.62,22256.34233,300
100,-1,92.61,92.62,22256.34242,300
100,-1,92.61,92.62,22256.34249,200
100,1,92.62,92.6,22260.72062,200
100,1,92.62,92.61,22265.29017,100
323,1,92.62,92.61,22265.29036,100
100,-1,92.62,92.63,22265.29164,200
5,1,92.63,92.62,22265.33454,200
50,1,92.63,92.62,22265.33705,200
21,1,92.63,92.62,22265.33716,200
100,-1,92.62,92.65,22265.38723,700
23,-1,92.63,92.66,22266.16362,600
10,-1,92.64,92.66,22266.16391,100
77,-1,92.64,92.65,22270.42075,600
23,-1,92.64,92.65,22270.42086,600
5,-1,92.64,92.65,22270.42091,100
6,1,92.64,92.63,22270.42697,100
99,-1,92.63,92.64,22270.95477,800
32,-1,92.63,92.64,22271.42823,300
95,-1,92.63,92.64,22271.42832,300
4,-1,92.63,92.64,22271.42833,300
95,-1,92.63,92.64,22271.42899,200
100,-1,92.63,92.64,22271.42955,200
5,-1,92.63,92.64,22271.42967,200
500,-1,92.63,92.64,22271.43007,100
100,1,92.63,92.61,22271.43018,200
20,1,92.63,92.61,22271.4302,200
1,1,92.63,92.61,22271.4413,300
57,-1,92.61,92.62,22272.59806,100
500,-1,92.61,92.62,22272.60559,100
2,-1,92.6,92.61,22274.907,200
100,1,92.61,92.6,22278.28069,200
100,1,92.61,92.6,22278.28078,200
100,1,92.61,92.6,22278.28099,200
400,1,92.61,92.6,22278.28111,200
200,1,92.61,92.6,22278.28163,200
100,1,92.62,92.61,22281.94719,400
100,-1,92.61,92.62,22284.83612,100
100,-1,92.61,92.62,22285.07182,100
100,-1,92.61,92.62,22285.07185,100
6,-1,92.61,92.62,22285.07189,100
100,-1,92.61,92.62,22285.07229,100
1,-1,92.6,92.61,22285.08697,200
100,-1,92.6,92.61,22285.08706,200
100,-1,92.6,92.61,22285.09784,200
11,1,92.6,92.59,22285.10697,100
3,1,92.6,92.59,22285.122,100
500,1,92.6,92.59,22293.94059,200
1,1,92.6,92.59,22295.25052,100
89,1,92.6,92.59,22295.25064,100
100,1,92.6,92.59,22295.25068,100
2,-1,92.6,92.62,22295.25096,100
94,-1,92.6,92.62,22295.25104,100
6,-1,92.6,92.62,22295.25114,200
100,1,92.61,92.6,22298.23135,100
4,-1,92.61,92.62,22298.23304,100
34,-1,92.61,92.62,22299.80086,200
100,1,92.62,92.61,22302.43286,400
5,-1,92.61,92.62,22303.20833,100
100,-1,92.61,92.62,22303.20843,100
66,1,92.62,92.61,22303.21172,400
34,-1,92.61,92.62,22303.21189,100
100,1,92.62,92.61,22303.25315,400
100,-1,92.61,92.62,22308.16175,200
100,1,92.62,92.61,22311.23865,500
100,-1,92.61,92.62,22311.36071,300
200,1,92.62,92.61,22311.36576,200
200,1,92.62,92.61,22311.36597,200
66,1,92.62,92.61,22311.3662,100
3,1,92.63,92.61,22311.36631,100
6,1,92.63,92.61,22311.36633,100
66,1,92.63,92.61,22311.36635,100
20,-1,92.61,92.62,22311.3784,500
500,1,92.62,92.61,22312.23712,500
100,1,92.62,92.61,22312.25882,500
3,-1,92.61,92.62,22312.95749,300
100,1,92.62,92.61,22314.16408,500
100,-1,92.61,92.62,22314.27408,200
32,-1,92.61,92.62,22314.2741,200
90,-1,92.59,92.6,22314.99664,300
1,-1,92.59,92.6,22316.07548,100
100,1,92.6,92.59,22317.09293,100
104,-1,92.59,92.6,22317.10929,300
100,-1,92.59,92.6,22319.9912,200
100,-1,92.59,92.6,22321.46844,300
100,1,92.6,92.59,22328.24062,200
100,1,92.6,92.59,22328.241,200
100,1,92.6,92.59,22328.24111,200
1,1,92.61,92.6,22331.6471,100
100,1,92.62,92.6,22336.06786,300
100,-1,92.61,92.62,22336.06999,100
3,-1,92.61,92.62,22336.10309,100
100,1,92.62,92.61,22336.35633,300
300,1,92.62,92.61,22336.35734,200
100,1,92.62,92.61,22336.35757,200
100,1,92.62,92.61,22336.35764,200
100,1,92.62,92.61,22336.35778,200
150,1,92.63,92.62,22337.63859,100
100,-1,92.61,92.63,22338.28377,300
100,1,92.62,92.61,22338.46001,100
100,-1,92.61,92.63,22338.67014,300
100,-1,92.61,92.63,22338.87568,400
100,-1,92.61,92.63,22339.15947,200
150,1,92.63,92.61,22339.23924,100
11,-1,92.61,92.62,22341.01601,100
100,1,92.62,92.61,22341.18489,200
100,1,92.61,92.6,22343.69841,200
100,-1,92.6,92.61,22343.7071,200
100,-1,92.6,92.61,22343.74009,100
92,-1,92.6,92.61,22343.74018,100
42,1,92.6,92.59,22343.74078,100
8,-1,92.59,92.6,22343.74537,300
12,-1,92.59,92.6,22343.75142,300
2,-1,92.59,92.6,22345.27294,300
1,-1,92.59,92.6,22349.32117,200
100,-1,92.59,92.6,22349.32128,200
2,-1,92.59,92.6,22352.60636,300
100,1,92.6,92.59,22354.2387,100
6,1,92.6,92.59,22354.27703,100
6,1,92.6,92.59,22360.27128,100
100,1,92.6,92.59,22360.27219,100
100,1,92.6,92.59,22360.27257,100
100,-1,92.6,92.62,22360.27303,400
100,1,92.63,92.6,22362.63916,100
194,-1,92.62,92.63,22362.74485,200
75,-1,92.62,92.63,22363.45069,200
10,-1,92.62,92.63,22367.44605,200
100,-1,92.62,92.63,22369.22625,100
105,1,92.62,92.61,22371.24068,100
1,1,92.62,92.61,22375.55645,100
2,-1,92.61,92.62,22377.19926,100
1,-1,92.61,92.62,22379.26028,100
1,1,92.62,92.61,22379.95751,200
93,1,92.62,92.61,22381.44115,200
100,1,92.62,92.61,22385.44439,100
2,1,92.62,92.61,22385.61179,100
99,1,92.62,92.61,22391.91006,100
91,1,92.63,92.62,22392.11386,100
100,1,92.63,92.62,22392.11425,100
100,1,92.63,92.62,22392.11436,100
500,1,92.64,92.62,22392.11442,100
50,1,92.64,92.63,22392.11775,100
50,-1,92.63,92.64,22392.12041,200
50,-1,92.63,92.66,22392.12301,200
3,1,92.65,92.64,22395.76258,100
100,-1,92.65,92.66,22396.52924,200
50,-1,92.65,92.66,22396.52932,100
100,-1,92.65,92.66,22396.52935,100
3,-1,92.65,92.66,22396.52942,100
647,-1,92.65,92.66,22396.52944,100
100,-1,92.65,92.66,22396.52947,100
6,-1,92.65,92.66,22396.52956,100
3,-1,92.65,92.66,22396.52968,100
9,1,92.66,92.64,22396.52981,200
88,1,92.66,92.64,22396.52983,200
12,1,92.65,92.64,22396.52991,300
100,1,92.65,92.64,22396.53029,200
136,1,92.65,92.64,22396.53041,100
100,-1,92.65,92.66,22396.53918,100
100,-1,92.64,92.66,22398.28644,200
10,-1,92.64,92.66,22398.28658,200
100,-1,92.64,92.65,22398.29617,100
100,1,92.65,92.64,22399.23773,100
100,1,92.66,92.64,22399.2393,100
200,1,92.65,92.64,22400.64296,100
6,1,92.66,92.64,22400.64554,100
6,-1,92.64,92.65,22401.36844,100
100,-1,92.64,92.65,22401.36851,100
50,-1,92.64,92.65,22401.36908,100
50,-1,92.64,92.65,22401.4228,100
97,1,92.64,92.63,22401.69498,100
100,1,92.65,92.63,22408.64127,200
100,1,92.65,92.63,22408.72991,100
2,-1,92.64,92.65,22409.32323,100
100,-1,92.64,92.65,22411.49161,100
100,1,92.65,92.64,22413.5426,100
100,1,92.65,92.64,22413.54278,100
5,1,92.66,92.65,22413.54422,100
300,1,92.66,92.65,22413.54436,100
100,1,92.66,92.65,22413.54446,100
200,-1,92.66,92.68,22413.54924,200
56,-1,92.66,92.67,22413.57267,100
46,-1,92.67,92.68,22413.92584,100
100,-1,92.66,92.69,22413.99291,200
200,-1,92.66,92.67,22420.00124,300
100,-1,92.66,92.67,22420.00247,300
100,-1,92.66,92.67,22420.00616,300
300,-1,92.66,92.67,22420.00626,300
100,-1,92.66,92.67,22420.00705,300
33,-1,92.66,92.67,22420.00713,300
22,-1,92.66,92.67,22420.00777,300
5,1,92.66,92.64,22420.03098,200
19,1,92.66,92.64,22420.11224,200
76,1,92.66,92.64,22420.14784,200
19,1,92.66,92.64,22420.26745,200
100,1,92.66,92.65,22424.28471,100
100,1,92.66,92.65,22424.28494,100
100,-1,92.65,92.67,22426.74574,200
100,1,92.67,92.65,22431.05508,100
100,1,92.68,92.66,22431.05537,400
100,1,92.68,92.66,22431.15729,200
100,1,92.67,92.66,22436.49452,200
100,-1,92.65,92.67,22439.02632,200
100,1,92.67,92.66,22440.05207,300
100,1,92.67,92.65,22440.05262,300
100,-1,92.65,92.67,22440.05269,300
100,-1,92.65,92.67,22440.05453,300
100,-1,92.65,92.67,22440.09314,300
117,1,92.67,92.65,22440.10291,200
100,1,92.67,92.65,22440.10317,100
100,1,92.67,92.65,22440.10317,100
96,1,92.67,92.65,22440.10328,100
100,1,92.68,92.66,22440.13856,100
100,1,92.68,92.67,22440.13897,100
2,1,92.68,92.67,22440.13905,100
115,1,92.68,92.67,22440.13905,100
2,-1,92.67,92.71,22440.20465,100
100,1,92.72,92.68,22440.22629,200
100,1,92.72,92.68,22440.22629,200
100,1,92.72,92.68,22440.22632,200
93,1,92.72,92.68,22440.22636,200
5,1,92.73,92.68,22440.2268,100
100,1,92.73,92.68,22440.2268,100
100,-1,92.71,92.73,22440.3374,100
10,1,92.73,92.71,22440.34064,100
100,1,92.74,92.72,22440.34098,100
10,1,92.74,92.72,22440.43628,100
100,1,92.75,92.72,22440.43654,200
32,-1,92.72,92.75,22441.0128,200
68,-1,92.72,92.75,22442.00514,100
114,-1,92.71,92.75,22442.07823,200
46,1,92.75,92.72,22442.36777,200
22,1,92.74,92.72,22443.14792,100
100,-1,92.72,92.75,22443.36321,200
100,-1,92.73,92.75,22443.38034,200
100,-1,92.73,92.75,22443.4741,200
78,-1,92.73,92.75,22444.98853,200
22,1,92.75,92.73,22446.21415,100
100,1,92.75,92.73,22446.21418,100
100,1,92.76,92.74,22446.21442,200
100,-1,92.75,92.76,22446.25397,200
100,-1,92.75,92.76,22446.254,200
100,-1,92.75,92.76,22446.25448,200
8,-1,92.75,92.76,22446.2545,200
1,-1,92.75,92.76,22446.25499,200
3,-1,92.75,92.76,22446.25502,200
47,-1,92.75,92.76,22446.2551,200
3,1,92.76,92.74,22447.13392,100
100,-1,92.74,92.75,22447.9908,100
1,-1,92.73,92.75,22447.99788,300
100,-1,92.73,92.75,22447.99804,200
100,-1,92.73,92.75,22447.99813,200
100,-1,92.73,92.75,22447.99838,100
100,-1,92.73,92.75,22447.99899,100
100,-1,92.73,92.75,22448.00058,100
5,-1,92.73,92.74,22448.02402,100
100,-1,92.72,92.73,22448.40696,200
5,-1,92.71,92.72,22452.41639,200
100,-1,92.71,92.72,22452.41649,200
100,-1,92.71,92.72,22452.41763,200
100,-1,92.71,92.72,22452.41818,200
100,1,92.71,92.7,22452.4216,100
100,1,92.71,92.7,22452.42254,200
100,1,92.71,92.7,22452.67251,200
70,1,92.71,92.7,22453.09499,100
70,-1,92.7,92.72,22455.81147,200
1,-1,92.71,92.72,22456.47711,100
1,-1,92.71,92.72,22456.48039,100
100,-1,92.71,92.72,22458.7931,100
1,-1,92.71,92.72,22458.79346,100
100,-1,92.71,92.72,22458.79359,100
100,-1,92.71,92.72,22458.79437,100
81,1,92.71,92.7,22458.81789,500
100,1,92.71,92.7,22458.8185,500
100,1,92.71,92.7,22458.82099,100
100,1,92.71,92.7,22458.82115,100
100,-1,92.7,92.72,22458.9068,200
100,-1,92.7,92.72,22458.91418,200
200,1,92.71,92.7,22466.00649,100
100,1,92.71,92.7,22466.00652,100
100,1,92.71,92.7,22466.00661,100
100,1,92.71,92.7,22466.00671,100
100,1,92.71,92.7,22466.00748,100
100,1,92.71,92.7,22466.00758,100
500,1,92.71,92.7,22466.00771,100
100,-1,92.71,92.72,22466.14711,100
100,-1,92.71,92.72,22468.4757,100
100,1,92.72,92.71,22469.56933,100
6,1,92.72,92.71,22470.07577,100
100,1,92.72,92.71,22470.07587,100
100,1,92.72,92.71,22470.0759,100
100,1,92.72,92.71,22470.07604,100
6,1,92.75,92.71,22470.45904,200
100,-1,92.72,92.75,22471.62861,100
100,1,92.74,92.73,22473.31684,100
1384,1,92.77,92.74,22474.65235,200
100,1,92.77,92.76,22475.93373,100
3,1,92.77,92.76,22475.93394,100
97,-1,92.77,92.78,22475.93443,100
3,1,92.78,92.77,22477.81357,100
100,-1,92.77,92.78,22477.93488,300
100,-1,92.77,92.78,22477.93752,300
100,1,92.78,92.77,22479.24822,200
100,1,92.78,92.77,22479.25824,200
94,1,92.78,92.77,22479.25863,100
100,1,92.78,92.77,22479.26044,100
50,1,92.78,92.77,22479.26099,100
50,-1,92.78,92.8,22479.29055,200
33,1,92.81,92.78,22480.65521,300
67,-1,92.78,92.79,22480.97298,100
100,-1,92.78,92.79,22480.97302,100
100,-1,92.78,92.79,22480.97306,100
100,-1,92.78,92.79,22480.97331,100
10,-1,92.76,92.78,22480.97809,100
100,1,92.77,92.76,22480.97922,300
100,1,92.77,92.76,22481.24376,200
100,1,92.77,92.76,22483.27412,200
100,-1,92.76,92.77,22486.43959,100
100,-1,92.76,92.77,22486.44308,100
100,1,92.77,92.76,22489.12372,200
100,1,92.77,92.76,22489.21691,200
100,1,92.77,92.76,22489.21695,200
100,1,92.77,92.76,22489.58136,100
200,-1,92.76,92.78,22489.59279,100
100,-1,92.76,92.78,22489.74246,100
100,-1,92.77,92.78,22489.74386,100
100,-1,92.77,92.78,22489.98972,100
36,1,92.78,92.77,22489.9965,200
50,1,92.78,92.77,22489.99859,200
14,-1,92.76,92.78,22491.13355,200
14,-1,92.76,92.77,22491.15632,200
67,-1,92.76,92.77,22491.15893,200
33,-1,92.76,92.78,22491.26022,100
100,1,92.78,92.76,22491.26165,200
167,-1,92.77,92.79,22491.62583,100
33,1,92.78,92.77,22496.16633,100
5,1,92.79,92.78,22496.19577,300
35,1,92.79,92.78,22496.1959,300
35,1,92.79,92.78,22496.19602,200
5,1,92.79,92.78,22498.28239,200
2,-1,92.77,92.79,22498.33934,400
115,1,92.78,92.77,22498.34098,100
100,-1,92.78,92.79,22498.36919,100
6,1,92.79,92.78,22499.21773,200
19,1,92.79,92.78,22499.21937,200
1,1,92.79,92.78,22499.22145,200
4,1,92.79,92.78,22499.22177,100
100,-1,92.79,92.81,22499.22276,300
100,-1,92.79,92.81,22499.22476,300
1,-1,92.8,92.83,22499.22789,100
64,-1,92.8,92.83,22499.22864,100
11,-1,92.79,92.81,22499.23243,200
1,-1,92.79,92.81,22499.2355,100
1,-1,92.79,92.81,22499.23701,100
100,-1,92.79,92.8,22499.23811,100
1,1,92.79,92.78,22499.24226,100
100,1,92.79,92.78,22499.25729,100
100,-1,92.78,92.79,22502.92485,200
2,-1,92.78,92.79,22502.92523,100
100,-1,92.78,92.79,22502.92532,100
100,-1,92.78,92.79,22502.92535,100
10,-1,92.78,92.79,22502.92537,100
100,1,92.78,92.77,22503.88607,100
100,-1,92.77,92.79,22508.47273,100
100,1,92.79,92.78,22509.57241,100
100,1,92.8,92.78,22512.90961,200
81,-1,92.79,92.8,22513.59079,100
100,1,92.8,92.79,22515.13539,200
8,-1,92.79,92.81,22515.13582,100
500,-1,92.8,92.83,22515.1409,200
500,-1,92.8,92.82,22515.8097,100
500,-1,92.8,92.81,22517.1702,100
100,-1,92.8,92.83,22517.53119,100
100,1,92.84,92.81,22518.64596,100
100,1,92.84,92.81,22518.64814,100
100,1,92.84,92.83,22518.65184,100
30,1,92.85,92.83,22519.5295,100
33,1,92.87,92.84,22523.43889,200
41,1,92.87,92.85,22525.53081,100
26,1,92.89,92.85,22525.53094,100
5,-1,92.86,92.89,22525.53918,100
42,1,92.9,92.87,22527.58875,100
58,1,92.91,92.87,22527.94875,100
100,1,92.91,92.9,22530.19345,100
13,1,92.91,92.9,22530.19351,100
13,-1,92.91,92.94,22533.21655,200
100,1,92.95,92.91,22533.46092,200
100,1,92.96,92.92,22534.1224,300
100,-1,92.92,92.95,22534.18037,100
4500,-1,92.92,92.94,22534.18087,100
200,1,92.94,92.92,22534.18144,100
100,-1,92.92,92.94,22535.88367,100
100,-1,92.92,92.94,22539.33325,200
200,-1,92.9,92.91,22540.58575,200
100,-1,92.9,92.91,22540.58608,100
100,-1,92.9,92.91,22540.5861,100
100,-1,92.9,92.91,22540.58619,100
23,-1,92.89,92.91,22540.58636,200
300,1,92.9,92.89,22540.60898,100
100,1,92.9,92.89,22540.60928,100
100,1,92.93,92.89,22547.57144,300
100,1,92.93,92.89,22549.11421,100
100,1,92.93,92.89,22549.11431,100
100,-1,92.9,92.94,22559.59416,200
3,-1,92.9,92.94,22559.59467,200
47,-1,92.91,92.94,22560.30589,100
39,1,92.91,92.9,22560.35123,200
20,1,92.91,92.9,22560.35171,200
100,-1,92.89,92.91,22560.40787,100
100,-1,92.89,92.91,22560.46522,100
41,-1,92.89,92.91,22560.46531,100
49,1,92.91,92.89,22560.52684,100
100,-1,92.89,92.91,22563.99597,500
100,-1,92.89,92.91,22568.74664,600
100,-1,92.89,92.91,22575.68148,700
100,-1,92.89,92.91,22575.68447,700
700,-1,92.89,92.91,22575.68534,700
200,-1,92.89,92.91,22575.68534,700
600,-1,92.89,92.91,22575.68548,700
1300,-1,92.89,92.9,22575.69223,700
1000,-1,92.89,92.9,22575.69238,700
400,-1,92.89,92.9,22575.69386,500
87,-1,92.89,92.9,22575.69415,500
100,-1,92.89,92.9,22575.6959,500
100,-1,92.89,92.9,22575.6959,500
100,-1,92.89,92.9,22575.69883,500
100,-1,92.89,92.9,22575.70056,500
100,-1,92.89,92.9,22575.71182,400
100,-1,92.89,92.9,22575.71193,400
100,-1,92.89,92.9,22575.7213,300
11,-1,92.89,92.9,22575.72142,200
81,-1,92.89,92.9,22575.7266,200
100,-1,92.89,92.9,22575.72671,200
100,-1,92.89,92.9,22575.73145,100
100,-1,92.89,92.9,22575.73225,100
50,-1,92.88,92.9,22578.75195,200
7,1,92.89,92.88,22580.94938,100
100,-1,92.88,92.9,22580.98658,100
50,1,92.88,92.87,22582.83793,200
200,1,92.88,92.87,22582.8399,200
100,1,92.88,92.87,22582.84944,200
100,1,92.89,92.87,22585.92577,200
50,1,92.88,92.87,22586.30277,100
49,1,92.88,92.87,22586.93638,100
51,1,92.88,92.87,22586.93668,100
51,1,92.88,92.87,22586.93671,100
49,1,92.88,92.87,22586.93679,100
51,1,92.88,92.87,22586.93705,100
49,-1,92.87,92.89,22586.93737,600
300,1,92.89,92.88,22587.0937,100
100,1,92.9,92.88,22587.12252,300
100,-1,92.88,92.9,22589.99392,100
100,1,92.88,92.87,22591.21069,200
100,1,92.88,92.87,22591.21081,200
100,1,92.88,92.87,22591.21085,200
100,1,92.88,92.87,22591.21087,200
100,1,92.88,92.87,22591.21095,200
20,-1,92.87,92.88,22591.79349,400
100,-1,92.87,92.88,22591.79438,400
100,1,92.88,92.87,22593.41652,100
200,-1,92.87,92.88,22596.33797,400
100,-1,92.87,92.88,22596.33803,400
100,-1,92.87,92.88,22596.3381,400
100,-1,92.87,92.88,22596.33819,400
100,-1,92.87,92.88,22596.33829,400
100,1,92.88,92.87,22596.33834,200
100,-1,92.87,92.88,22596.33847,400
100,-1,92.87,92.88,22596.33852,400
100,-1,92.87,92.88,22596.33928,400
10,1,92.87,92.86,22596.34204,400
90,-1,92.86,92.87,22596.34208,200
30,1,92.87,92.86,22596.34212,400
2,1,92.87,92.86,22596.34245,400
150,1,92.86,92.85,22596.34316,100
1,-1,92.85,92.86,22596.66912,200
1,-1,92.85,92.86,22596.66922,200
100,-1,92.85,92.86,22596.67029,100
100,-1,92.84,92.85,22598.03983,200
6,1,92.85,92.84,22598.04124,200
40,1,92.86,92.85,22599.02997,100
80,1,92.87,92.85,22599.03005,100
100,1,92.86,92.84,22600.35014,100
200,-1,92.84,92.86,22600.62293,200
51,-1,92.84,92.86,22600.62782,200
200,-1,92.84,92.86,22606.33974,100
47,-1,92.84,92.86,22606.34004,100
78,-1,92.84,92.86,22606.34017,100
3,-1,92.84,92.85,22606.34069,100
254,-1,92.84,92.85,22606.34073,100
122,-1,92.84,92.85,22606.34078,100
78,-1,92.84,92.85,22606.34112,100
22,-1,92.83,92.84,22606.34441,100
46,1,92.84,92.82,22606.34982,100
54,1,92.84,92.82,22608.28622,100
73,1,92.84,92.82,22608.28783,100
6,1,92.85,92.82,22609.04179,200
46,1,92.85,92.83,22609.27081,100
100,1,92.86,92.83,22610.2474,100
100,-1,92.84,92.85,22613.05635,200
400,-1,92.83,92.85,22613.09649,300
500,-1,92.83,92.84,22617.95647,100
400,-1,92.83,92.84,22617.95684,100
500,-1,92.83,92.84,22618.00402,100
100,-1,92.83,92.84,22618.50926,100
100,-1,92.83,92.84,22618.51148,100
100,1,92.83,92.82,22618.51326,200
78,1,92.83,92.82,22618.75208,100
100,-1,92.82,92.83,22619.64202,100
200,1,92.82,92.81,22619.64227,100
100,-1,92.8,92.83,22619.74995,300
100,1,92.82,92.8,22620.23995,100
2,1,92.82,92.8,22620.2405,100
48,1,92.82,92.8,22620.24053,100
100,1,92.83,92.8,22620.24087,200
38,1,92.83,92.81,22620.24134,100
62,1,92.83,92.81,22620.24792,100
42,1,92.83,92.82,22621.02482,100
100,1,92.83,92.82,22621.02512,100
100,1,92.83,92.82,22621.02678,100
100,1,92.83,92.82,22621.02715,100
6,1,92.83,92.82,22621.02729,100
100,1,92.83,92.82,22621.02741,100
100,1,92.83,92.82,22621.02751,100
100,1,92.83,92.82,22621.02791,100
100,1,92.83,92.82,22621.028,100
100,1,92.83,92.82,22621.02833,100
1,1,92.84,92.82,22621.91861,300
200,1,92.84,92.82,22622.79426,300
3,-1,92.82,92.84,22623.19656,400
100,1,92.84,92.82,22624.08576,200
100,1,92.84,92.82,22624.08632,200
100,-1,92.82,92.84,22626.44909,400
200,1,92.84,92.82,22626.78426,200
5,1,92.84,92.82,22627.24008,300
5,1,92.84,92.82,22630.24186,200
5,1,92.84,92.82,22632.23908,200
100,-1,92.82,92.84,22633.54256,500
100,-1,92.82,92.84,22640.21224,300
100,1,92.84,92.82,22642.7862,300
100,1,92.84,92.82,22643.43584,300
1,1,92.84,92.82,22647.45392,300
100,1,92.84,92.82,22647.45516,300
100,1,92.84,92.82,22647.4559,200
100,1,92.84,92.82,22647.4561,200
64,1,92.84,92.82,22647.4587,200
36,1,92.84,92.82,22647.46115,200
100,1,92.84,92.82,22647.46125,200
64,1,92.84,92.82,22647.46187,200
100,1,92.84,92.82,22647.46786,200
3,1,92.84,92.82,22647.46842,200
5,1,92.84,92.82,22647.46853,200
100,1,92.84,92.82,22647.46855,200
100,1,92.84,92.83,22647.47166,200
14,1,92.84,92.83,22647.47588,100
100,1,92.84,92.83,22647.48477,100
63,1,92.84,92.83,22647.4849,100
100,1,92.84,92.83,22647.48652,100
100,1,92.85,92.84,22647.49619,200
3,1,92.85,92.84,22647.4963,200
200,1,92.85,92.84,22647.49675,200
100,1,92.85,92.84,22647.49688,200
100,1,92.85,92.84,22647.49692,200
2,1,92.85,92.84,22647.50211,200
100,1,92.86,92.85,22647.76357,100
8,-1,92.85,92.88,22647.77419,200
1,-1,92.85,92.87,22647.97945,200
100,-1,92.85,92.87,22648.56463,200
94,1,92.87,92.85,22650.89015,100
6,1,92.87,92.85,22651.23906,100
100,1,92.88,92.86,22653.01477,100
2,-1,92.86,92.88,22653.21459,200
8,-1,92.86,92.87,22653.21549,100
2,-1,92.86,92.87,22653.21554,100
100,-1,92.86,92.87,22653.21558,100
88,-1,92.86,92.87,22653.2156,100
100,1,92.86,92.85,22653.22608,300
100,1,92.85,92.84,22653.31653,100
7,-1,92.83,92.85,22653.39082,500
100,1,92.85,92.83,22654.43828,100
100,1,92.85,92.84,22654.44094,100
10,1,92.86,92.84,22666.65197,100
1,1,92.86,92.85,22666.65247,100
100,1,92.86,92.85,22666.65959,100
100,1,92.85,92.84,22666.67232,100
7,1,92.85,92.84,22668.45186,100
100,1,92.85,92.84,22668.4525,100
100,-1,92.84,92.87,22668.45275,100
5,-1,92.85,92.87,22668.45658,100
48,1,92.86,92.85,22669.58353,100
75,-1,92.85,92.86,22672.67695,100
5,1,92.86,92.85,22676.39966,100
10,1,92.86,92.85,22676.39987,100
100,1,92.86,92.85,22676.39996,100
100,1,92.87,92.86,22676.40353,100
100,-1,92.86,92.87,22677.04371,200
79,-1,92.86,92.87,22677.13047,200
5,-1,92.86,92.87,22677.1333,200
21,1,92.87,92.86,22680.04637,200
58,1,92.87,92.86,22680.0642,100
42,1,92.87,92.86,22680.06493,100
100,-1,92.87,92.88,22680.06658,100
100,1,92.88,92.86,22680.18582,200
100,-1,92.86,92.87,22680.45444,300
100,-1,92.87,92.88,22681.95829,100
100,-1,92.87,92.88,22681.96022,100
100,1,92.88,92.87,22681.96447,200
100,1,92.88,92.87,22682.06322,200
100,1,92.88,92.87,22682.06454,200
100,1,92.88,92.87,22682.06508,200
82,1,92.88,92.87,22682.06775,100
100,1,92.88,92.87,22682.06775,100
68,-1,92.88,92.9,22682.06938,100
18,-1,92.88,92.9,22682.06982,200
100,-1,92.89,92.9,22686.28228,500
1,-1,92.89,92.9,22686.28238,500
100,-1,92.89,92.9,22686.28241,500
100,-1,92.89,92.9,22686.28241,500
100,-1,92.89,92.9,22686.28272,100
100,1,92.9,92.88,22686.35554,200
88,-1,92.89,92.9,22686.65965,100
95,1,92.89,92.88,22686.66074,100
100,1,92.89,92.88,22686.66289,100
100,-1,92.88,92.89,22688.46172,200
51,-1,92.88,92.89,22688.46209,200
100,-1,92.88,92.89,22688.46254,100
200,-1,92.87,92.89,22688.46256,200
32,-1,92.87,92.89,22688.46284,200
68,1,92.88,92.86,22689.54164,200
95,1,92.88,92.86,22691.14263,300
100,1,92.88,92.87,22692.19547,200
32,-1,92.87,92.88,22694.32654,100
74,1,92.88,92.87,22694.75024,300
5,1,92.88,92.87,22694.75036,300
100,1,92.88,92.87,22694.7504,300
26,1,92.88,92.87,22694.75042,300
100,1,92.89,92.87,22694.75061,100
100,1,92.89,92.88,22695.87692,200
100,1,92.89,92.88,22695.87711,200
100,-1,92.88,92.91,22695.87725,300
100,-1,92.88,92.91,22695.8773,300
100,-1,92.89,92.91,22695.87755,100
100,-1,92.9,92.92,22697.97177,100
100,-1,92.9,92.92,22697.9718,100
100,1,92.9,92.88,22697.97553,200
100,-1,92.89,92.91,22698.99031,100
100,1,92.91,92.88,22704.5904,200
100,1,92.91,92.9,22707.04493,100
66,-1,92.9,92.93,22707.04525,300
100,1,92.94,92.91,22711.74328,100
3,1,92.94,92.91,22711.74352,100
1,1,92.96,92.93,22718.13273,200
100,1,92.97,92.93,22722.00422,100
3,-1,92.95,92.97,22722.00432,100
100,-1,92.95,92.97,22722.09539,100
100,-1,92.95,92.97,22722.76683,100
40,1,92.97,92.95,22723.23475,200
100,-1,92.95,92.97,22723.23509,100
100,1,92.97,92.95,22724.88278,100
6,1,92.98,92.95,22724.88287,200
52,1,92.98,92.96,22724.95356,100
48,1,92.99,92.98,22727.49654,100
2,1,92.99,92.98,22728.41097,100
98,1,92.99,92.98,22728.4114,100
40,1,92.99,92.98,22728.41142,100
60,1,93,92.99,22728.72416,300
40,1,93,92.99,22729.24082,300
60,-1,92.99,93,22730.4281,400
6,-1,92.99,93,22730.42833,400
100,-1,92.99,93,22730.42912,400
100,-1,92.99,93,22730.42923,400
3,-1,92.99,93,22730.43008,100
100,-1,92.99,93,22730.43011,100
100,-1,92.98,93,22730.84454,200
92,-1,92.98,93,22730.84463,200
5,-1,92.98,93,22730.84481,200
100,-1,92.98,92.99,22730.84711,100
1,1,92.99,92.98,22730.84735,200
3,-1,92.98,92.99,22730.84756,100
11,-1,92.96,92.98,22731.076,100
97,1,92.98,92.95,22731.13325,100
2,-1,92.95,92.97,22733.21235,200
2,-1,92.94,92.97,22736.53569,200
13,1,92.97,92.94,22736.63535,200
8,1,92.97,92.94,22736.63794,100
100,1,92.97,92.95,22736.63832,100
92,1,92.97,92.96,22736.64082,100
8,1,92.97,92.94,22740.6073,200
30,1,92.97,92.94,22740.61017,100
100,1,92.97,92.95,22740.61027,100
100,1,92.97,92.95,22740.61029,100
100,1,92.97,92.95,22744.24135,100
100,-1,92.95,92.97,22748.74598,100
2,-1,92.95,92.97,22748.74618,100
100,1,92.96,92.94,22748.74643,100
100,1,92.96,92.94,22748.74655,100
100,1,92.96,92.94,22748.74659,100
100,1,92.95,92.94,22751.23975,300
1,-1,92.94,92.95,22752.03583,200
2,-1,92.94,92.95,22752.0361,200
100,-1,92.93,92.94,22752.04024,100
100,-1,92.93,92.94,22752.06803,100
100,-1,92.92,92.94,22752.15673,200
1,1,92.93,92.92,22753.3117,100
100,1,92.93,92.92,22757.24261,300
100,-1,92.92,92.93,22762.71962,300
100,-1,92.92,92.93,22762.71975,300
1,-1,92.92,92.93,22762.71977,300
148,-1,92.92,92.93,22762.7198,300
10,1,92.91,92.9,22763.0077,100
100,1,92.91,92.9,22763.02178,100
10,1,92.91,92.9,22763.64197,100
100,1,92.91,92.9,22764.56743,300
6,1,92.91,92.9,22764.56819,300
10,1,92.91,92.9,22765.98682,300
3,1,92.91,92.9,22765.98693,300
300,1,92.91,92.9,22765.98699,300
3,1,92.91,92.9,22765.98703,300
100,1,92.91,92.9,22765.98733,300
97,1,92.91,92.9,22765.98743,200
3,1,92.91,92.9,22765.98753,300
97,1,92.91,92.9,22765.98756,200
100,1,92.91,92.9,22765.98758,100
100,-1,92.9,92.92,22765.98761,200
300,-1,92.91,92.92,22765.98763,200
100,-1,92.91,92.92,22765.98765,200
200,-1,92.91,92.92,22765.98768,200
4,-1,92.91,92.92,22765.98771,300
100,1,92.92,92.9,22769.08022,200
100,1,92.92,92.9,22769.08052,200
100,1,92.92,92.9,22769.08061,200
100,1,92.92,92.9,22769.08081,200
2,1,92.92,92.9,22769.08376,200
3,-1,92.92,92.93,22769.09716,200
7,1,92.93,92.91,22771.72467,500
100,1,92.93,92.91,22773.63826,500
100,1,92.93,92.91,22776.23819,500
100,1,92.93,92.91,22776.24273,500
100,1,92.93,92.92,22778.64348,500
100,-1,92.92,92.93,22779.91671,200
24,-1,92.92,92.93,22779.91712,200
100,-1,92.92,92.93,22779.91722,200
100,1,92.92,92.91,22779.91982,100
2566,1,92.92,92.91,22788.63689,300
100,1,92.92,92.91,22788.83921,300
100,1,92.92,92.91,22795.37794,500
100,-1,92.91,92.92,22796.50093,300
100,-1,92.91,92.92,22796.73674,200
100,-1,92.91,92.92,22796.73741,200
100,-1,92.91,92.92,22796.73855,200
100,-1,92.91,92.92,22796.74181,200
100,-1,92.91,92.92,22796.74351,200
100,-1,92.91,92.92,22796.76512,200
100,1,92.91,92.9,22798.04749,100
100,1,92.91,92.9,22798.04759,100
161,1,92.91,92.9,22798.0476,100
1,1,92.91,92.9,22798.04785,100
100,1,92.91,92.9,22798.04796,100
3,1,92.92,92.91,22798.05212,200
100,1,92.92,92.91,22798.05288,200
200,1,92.92,92.91,22798.05371,200
100,1,92.92,92.91,22798.06693,200
100,1,92.92,92.91,22798.06703,100
11,1,92.92,92.91,22798.06705,100
192,1,92.92,92.91,22798.06708,100
14,1,92.93,92.91,22798.0671,500
100,1,92.93,92.91,22798.06718,500
100,-1,92.92,92.93,22798.18185,200
2,-1,92.92,92.93,22798.23011,100
98,1,92.93,92.92,22799.78554,600
100,1,92.93,92.92,22799.78566,200
100,1,92.93,92.92,22799.78604,100
100,1,92.94,92.92,22799.78679,100
46,-1,92.93,92.95,22799.79397,200
100,-1,92.94,92.95,22799.81746,100
100,-1,92.93,92.95,22799.82375,100
20,-1,92.93,92.95,22799.82663,100
94,1,92.95,92.93,22800.23948,200
100,-1,92.93,92.95,22800.76064,200
100,-1,92.93,92.95,22802.89589,200
100,-1,92.93,92.95,22802.89631,200
100,-1,92.93,92.94,22804.09835,300
1,1,92.95,92.93,22804.7581,200
49,1,92.96,92.93,22804.83455,200
100,1,92.94,92.93,22806.32471,100
100,1,92.94,92.93,22807.24149,100
100,1,92.94,92.93,22813.24241,100
100,1,92.94,92.93,22813.94027,100
100,1,92.94,92.93,22813.94107,100
100,1,92.94,92.93,22819.44189,100
100,-1,92.93,92.94,22821.13045,500
100,-1,92.93,92.94,22821.13163,200
100,-1,92.93,92.94,22821.13177,200
100,-1,92.93,92.94,22821.13187,200
100,-1,92.93,92.94,22821.132,200
100,-1,92.93,92.94,22821.13202,200
100,-1,92.93,92.94,22821.13204,200
2,-1,92.93,92.94,22821.13209,200
300,-1,92.93,92.94,22821.13213,200
5,-1,92.92,92.93,22822.33738,200
100,-1,92.92,92.93,22822.36623,200
100,1,92.93,92.92,22823.84492,300
100,-1,92.92,92.93,22824.29035,200
100,1,92.92,92.91,22824.29311,200
100,1,92.92,92.91,22824.29384,200
200,1,92.92,92.91,22824.29432,200
200,1,92.92,92.91,22824.29441,200
100,-1,92.91,92.92,22824.29451,200
100,-1,92.9,92.92,22824.31456,200
300,1,92.91,92.9,22825.91494,200
100,1,92.91,92.9,22825.91506,200
17,1,92.91,92.9,22825.91512,200
100,1,92.91,92.9,22825.91603,200
83,1,92.91,92.9,22825.91653,100
100,1,92.91,92.9,22825.91664,100
100,1,92.91,92.9,22825.91703,100
100,-1,92.91,92.92,22825.94312,200
197,-1,92.91,92.92,22827.06274,200
100,1,92.92,92.91,22827.24732,200
200,1,92.92,92.91,22827.66534,200
1,1,92.92,92.91,22832.78263,200
100,-1,92.91,92.92,22832.98663,200
100,-1,92.91,92.92,22832.99111,200
100,1,92.92,92.91,22837.10368,200
100,1,92.92,92.91,22837.10458,200
12,1,92.92,92.91,22837.1061,200
100,1,92.92,92.91,22837.10674,200
100,1,92.92,92.91,22837.10744,200
26,-1,92.92,92.93,22837.10886,200
50,-1,92.92,92.93,22837.1089,200
24,-1,92.92,92.93,22837.10891,200
100,1,92.93,92.92,22837.13936,100
100,1,92.94,92.92,22837.13975,100
100,-1,92.93,92.94,22838.00665,100
100,-1,92.93,92.94,22838.00673,100
100,-1,92.93,92.94,22838.00851,100
100,-1,92.93,92.94,22838.00859,100
100,-1,92.93,92.94,22838.00924,100
100,-1,92.92,92.93,22838.01187,200
100,-1,92.92,92.93,22838.01197,200
100,1,92.93,92.92,22838.01599,100
100,1,92.93,92.92,22838.02713,100
100,1,92.93,92.92,22838.02768,100
100,-1,92.92,92.93,22838.86502,100
1,1,92.93,92.92,22839.25234,300
12,1,92.93,92.92,22842.2179,100
100,1,92.94,92.92,22845.24177,100
88,-1,92.92,92.93,22847.89307,100
1,-1,92.92,92.93,22848.01027,100
1,-1,92.92,92.93,22848.01032,100
100,-1,92.91,92.92,22849.2031,500
200,1,92.92,92.91,22849.44886,200
100,-1,92.91,92.92,22850.08252,400
1,1,92.92,92.91,22850.14967,300
100,1,92.92,92.91,22851.04251,200
100,-1,92.91,92.92,22851.57988,400
100,-1,92.91,92.92,22851.58087,300
100,-1,92.91,92.92,22851.58099,200
100,-1,92.91,92.92,22851.58102,200
200,-1,92.91,92.92,22851.58114,100
100,-1,92.91,92.92,22851.58116,100
100,-1,92.91,92.92,22851.58146,100
100,-1,92.91,92.92,22851.58159,100
9,-1,92.9,92.92,22851.585,100
41,-1,92.9,92.92,22851.58503,100
50,-1,92.9,92.92,22851.5856,100
9,1,92.91,92.9,22851.5885,200
91,1,92.91,92.88,22851.71256,300
9,1,92.9,92.89,22852.48046,100
100,-1,92.89,92.91,22852.64556,300
100,-1,92.89,92.9,22852.64598,300
100,1,92.9,92.89,22852.64788,100
100,-1,92.89,92.91,22852.80261,400
100,-1,92.89,92.91,22853.63,200
100,1,92.91,92.89,22854.04226,200
100,1,92.91,92.9,22854.04473,200
100,1,92.91,92.9,22854.04494,200
100,1,92.91,92.9,22854.04544,200
7,1,92.91,92.9,22854.04565,200
100,-1,92.91,92.92,22854.04629,100
99,-1,92.91,92.92,22854.04639,100
1,-1,92.91,92.92,22854.04641,100
2,-1,92.91,92.92,22854.04769,100
2,1,92.92,92.9,22855.60398,100
100,1,92.92,92.9,22855.60415,100
100,1,92.92,92.9,22855.79852,100
9,1,92.92,92.91,22856.82521,100
200,1,92.92,92.91,22856.82531,100
100,1,92.92,92.91,22856.82543,100
52,1,92.92,92.91,22856.82553,100
50,1,92.92,92.91,22856.82563,100
100,1,92.93,92.92,22856.82977,100
98,1,92.93,92.92,22856.82981,100
100,1,92.93,92.92,22856.82997,100
100,1,92.93,92.92,22856.83003,100
100,1,92.93,92.92,22856.83008,100
100,1,92.93,92.92,22856.8377,100
100,1,92.93,92.92,22858.05217,200
300,1,92.93,92.92,22858.20527,200
19,-1,92.92,92.93,22860.96564,300
20,-1,92.92,92.93,22861.86385,300
100,-1,92.92,92.93,22862.09448,100
100,-1,92.92,92.93,22862.9142,100
50,-1,92.92,92.93,22864.42369,100
50,-1,92.92,92.93,22864.9541,100
50,-1,92.92,92.93,22865.26508,100
50,-1,92.92,92.93,22865.26578,100
200,-1,92.92,92.93,22865.26584,100
100,-1,92.91,92.93,22865.26621,300
100,1,92.92,92.91,22865.27184,100
100,-1,92.91,92.93,22865.43766,200
100,-1,92.91,92.92,22876.59604,100
50,-1,92.9,92.92,22881.0275,200
100,1,92.93,92.91,22882.73147,200
100,1,92.93,92.91,22882.73328,200
100,1,92.93,92.91,22882.73349,100
100,1,92.93,92.92,22882.73839,300
86,1,92.93,92.92,22882.73921,100
100,1,92.93,92.92,22882.80628,100
100,1,92.93,92.92,22882.88277,100
100,-1,92.92,92.93,22885.10366,100
100,1,92.93,92.92,22890.02345,500
100,1,92.93,92.92,22891.2443,500
200,1,92.93,92.92,22891.2533,500
100,1,92.93,92.92,22891.25368,500
100,1,92.93,92.92,22891.25383,400
100,-1,92.92,92.95,22891.25398,400
100,-1,92.92,92.95,22891.254,400
100,-1,92.92,92.95,22891.25403,400
100,-1,92.92,92.95,22891.25406,400
100,-1,92.92,92.95,22891.25408,400
100,-1,92.94,92.96,22891.28921,100
100,1,92.97,92.94,22892.02495,100
100,-1,92.95,92.97,22892.07022,100
100,-1,92.96,92.97,22892.31389,100
11,-1,92.95,92.97,22892.31401,200
100,-1,92.95,92.97,22892.31439,200
51,1,92.96,92.95,22892.33062,100
200,-1,92.95,92.97,22892.36273,200
100,1,92.98,92.95,22896.21076,300
10,1,92.98,92.96,22897.47886,200
100,1,92.98,92.96,22897.47896,200
99,1,92.98,92.97,22898.23137,200
2,-1,92.97,92.98,22898.2951,100
98,-1,92.97,92.98,22898.3001,100
2,1,92.98,92.96,22899.24627,100
100,-1,92.97,92.98,22903.13439,200
100,1,92.98,92.97,22903.75389,200
100,1,92.98,92.97,22905.30733,100
100,-1,92.97,92.98,22907.68022,300
100,-1,92.97,92.98,22907.7059,300
8,-1,92.97,92.98,22907.70773,100
50,-1,92.97,92.98,22907.70797,100
50,-1,92.97,92.98,22907.7081,100
100,-1,92.97,92.98,22907.70848,100
100,-1,92.97,92.98,22907.70884,100
100,-1,92.97,92.98,22907.70984,100
100,-1,92.97,92.98,22907.71021,100
2,-1,92.97,92.98,22907.71095,100
100,-1,92.97,92.98,22907.71137,100
100,-1,92.97,92.98,22907.71137,100
100,-1,92.97,92.98,22907.71144,100
1,-1,92.97,92.98,22907.71145,100
100,-1,92.96,92.97,22907.72448,100
4,-1,92.95,92.97,22907.84285,300
1,1,92.97,92.95,22907.87675,200
2,1,92.96,92.95,22908.35736,100
25,-1,92.95,92.97,22909.58712,200
100,-1,92.95,92.97,22910.92644,200
75,1,92.97,92.95,22912.58284,100
100,-1,92.95,92.97,22913.43636,200
100,-1,92.95,92.97,22913.80961,400
100,-1,92.96,92.97,22915.03875,400
75,1,92.97,92.96,22918.47823,300
100,1,92.97,92.96,22918.47837,300
25,1,92.97,92.96,22918.47895,300
100,1,92.97,92.96,22918.47903,300
25,1,92.97,92.96,22918.47923,200
48,1,92.97,92.96,22918.47933,200
50,1,92.97,92.96,22918.47935,200
100,-1,92.96,92.99,22918.47938,400
52,-1,92.98,93,22918.65149,100
5,-1,92.98,92.99,22921.4832,100
25,-1,92.98,92.99,22921.48351,100
100,-1,92.98,92.99,22921.48432,100
100,-1,92.98,92.99,22921.48432,100
75,1,92.99,92.96,22921.48677,400
100,1,92.99,92.96,22921.48914,400
100,1,92.99,92.96,22921.48914,400
6,1,92.99,92.95,22927.45273,400
51,1,92.99,92.96,22927.45277,400
200,1,92.99,92.96,22927.45289,400
200,1,92.99,92.96,22927.45291,400
100,1,92.96,92.95,22933.18422,100
100,1,92.96,92.95,22933.18424,100
3,-1,92.95,92.97,22933.78826,300
47,-1,92.95,92.96,22935.95651,300
53,-1,92.95,92.96,22937.30086,200
35,1,92.96,92.95,22938.03409,200
64,1,92.96,92.95,22938.03631,200
140,1,92.96,92.95,22938.03631,200
36,1,92.96,92.95,22938.03646,200
64,1,92.96,92.95,22938.03866,200
36,1,92.96,92.95,22938.0436,200
47,1,92.96,92.95,22938.0436,200
100,-1,92.96,92.97,22938.04534,200
100,1,92.97,92.96,22938.04776,100
100,1,92.97,92.96,22938.05678,100
37,1,92.97,92.96,22938.05692,100
100,1,92.97,92.96,22938.05776,100
37,1,92.99,92.97,22938.07708,200
1,1,92.98,92.96,22938.11015,100
100,-1,92.97,92.99,22938.21481,200
100,-1,92.97,92.99,22938.21966,200
100,-1,92.96,92.98,22938.50052,200
100,1,92.99,92.96,22939.10483,200
242,-1,92.97,92.99,22939.21295,100
50,1,92.99,92.97,22941.19842,200
50,-1,92.97,92.99,22941.24757,300
100,1,92.98,92.97,22941.32118,100
40,1,92.99,92.97,22941.39585,200
2,1,92.98,92.97,22942.49262,200
1,1,92.99,92.97,22942.49359,100
100,1,92.99,92.97,22942.99365,200
100,-1,92.99,93,22942.99568,200
100,-1,92.99,93,22942.99577,200
100,1,93,92.99,22943.0067,100
100,-1,92.99,93.02,22943.01749,400
58,-1,93.01,93.02,22950.62911,100
100,1,93.02,93,22955.66514,400
2,1,93.02,93,22955.98168,200
100,1,93.02,93.01,22957.51698,200
100,-1,93.01,93.02,22960.41172,300
100,1,93.02,93.01,22961.91651,200
40,1,93.02,93.01,22962.11452,200
100,1,93.02,93.01,22962.11463,200
2,1,93.02,93.01,22962.11466,200
88,1,93.02,93.01,22962.1149,200
38,1,93.02,93.01,22962.11555,200
100,1,93.02,93.01,22962.11564,200
12,-1,93.02,93.03,22963.21022,200
50,-1,93.02,93.03,22963.21035,200
100,-1,93.02,93.03,22963.21038,200
12,-1,93.02,93.03,22963.2104,200
5,-1,93.02,93.03,22963.21049,200
12,-1,93.02,93.03,22963.21083,100
95,-1,93.02,93.03,22963.22538,100
150,-1,93.02,93.03,22963.23307,100
300,1,93.03,93.02,22963.98699,100
300,1,93.03,93.02,22964.00253,100
300,1,93.03,93.02,22964.00731,100
300,-1,93.02,93.05,22964.00873,400
500,1,93.04,93.03,22966.14841,100
51,-1,93.03,93.06,22966.14999,100
300,-1,93.03,93.05,22967.35102,200
400,-1,93.03,93.05,22967.35118,200
100,-1,93.03,93.05,22967.35139,200
100,-1,93.03,93.04,22967.93722,100
8,-1,93.03,93.04,22967.93775,100
100,1,93.03,93.02,22967.93843,100
100,-1,93.02,93.04,22969.65479,200
100,1,93.04,93.03,22970.25631,400
100,1,93.03,93.02,22970.58999,100
100,1,93.03,93.02,22971.45894,100
100,-1,93.02,93.04,22971.45914,300
1,-1,93.03,93.04,22971.62133,300
200,1,93.03,93.02,22971.62378,100
100,-1,93.02,93.03,22971.89308,100
100,-1,93.02,93.03,22971.89397,100
88,-1,93.02,93.03,22971.89573,100
50,-1,93.02,93.03,22971.89832,100
5,1,93.02,93.01,22972.33379,100
100,-1,93.01,93.02,22975.92367,200
10,-1,93.01,93.02,22975.92386,200
100,-1,93.01,93.02,22975.92394,200
4,-1,93.01,93.02,22975.92437,200
100,-1,93.01,93.02,22976.01181,100
2,-1,93.01,93.02,22977.75302,100
8,-1,93.01,93.02,22977.75379,100
87,1,93.01,93,22977.75575,200
100,1,93.01,93,22977.75586,200
100,1,93.01,93,22977.75652,200
100,-1,93,93.01,22978.75802,100
100,-1,93,93.01,22978.75906,100
100,-1,92.99,93.01,22978.76759,100
100,-1,92.98,92.99,22980.41778,100
200,-1,92.98,92.99,22980.41788,100
38,-1,92.98,92.99,22980.4884,100
16,-1,92.98,92.99,22980.49514,100
100,1,92.99,92.97,22981.02414,300
100,1,92.98,92.97,22981.02737,400
8,-1,92.97,92.98,22982.04788,200
100,1,92.98,92.97,22983.67964,100
62,1,92.98,92.97,22983.68041,100
100,1,92.98,92.97,22983.6805,100
192,1,92.98,92.97,22983.68075,100
200,1,92.98,92.97,22983.68183,100
98,1,92.98,92.97,22983.68188,100
8,1,92.99,92.98,22983.71355,200
600,1,92.99,92.98,22983.71363,200
100,1,92.99,92.98,22983.7138,200
9,1,92.99,92.98,22983.71408,100
91,1,92.99,92.98,22983.71462,100
100,1,92.99,92.98,22983.71489,100
100,-1,92.98,92.99,22984.08904,100
75,1,92.99,92.98,22986.18643,100
5,1,92.99,92.98,22986.18657,100
100,1,92.99,92.98,22986.18669,100
100,1,92.99,92.98,22986.18673,100
100,1,92.99,92.98,22986.18678,100
25,-1,92.98,93,22986.18702,100
50,-1,92.98,93,22986.18728,100
50,-1,92.99,93,22988.4662,100
100,-1,92.99,93,22988.46694,100
100,-1,92.99,93,22991.53036,200
100,-1,92.99,93,22991.5308,200
100,-1,92.99,93,22991.53111,200
100,1,92.99,92.98,22991.53139,100
10,-1,92.98,92.99,22991.53149,300
100,-1,92.98,92.99,22991.53411,100
90,1,92.98,92.97,22991.53753,100
100,1,92.98,92.97,22991.71095,200
100,-1,92.97,92.98,22996.94037,200
100,1,92.98,92.97,22999.04702,100
100,1,92.98,92.97,22999.05087,100
10,1,92.98,92.97,22999.05092,100
100,1,92.98,92.97,22999.05109,100
100,1,92.99,92.97,22999.05197,200
100,-1,92.98,93,22999.34864,300
100,-1,92.98,92.99,23001.37043,200
100,-1,92.98,92.99,23001.37274,200
100,-1,92.98,92.99,23001.38939,200
4,-1,92.98,92.99,23004.95174,200
10,-1,92.98,92.99,23005.86428,100
40,-1,92.98,92.99,23008.95021,100
100,-1,92.98,92.99,23009.55167,100
100,-1,92.98,92.99,23009.82976,100
10,-1,92.98,92.99,23009.89149,100
10,-1,92.98,92.99,23009.89155,100
100,1,92.99,92.97,23009.89168,300
21,1,92.99,92.97,23009.89178,300
100,1,92.99,92.97,23009.89181,300
100,1,92.98,92.97,23009.89532,200
5,-1,92.97,92.98,23009.92324,200
100,-1,92.97,92.98,23010.16662,200
100,-1,92.97,92.98,23010.16674,200
2,-1,92.97,92.98,23011.73233,200
100,-1,92.97,92.98,23011.73238,200
100,-1,92.97,92.98,23012.18165,200
100,-1,92.97,92.98,23012.18392,100
2,-1,92.96,92.98,23012.18406,100
8,1,92.97,92.96,23012.18473,200
100,1,92.97,92.96,23012.19844,200
100,-1,92.96,92.97,23012.73222,200
100,1,92.97,92.96,23012.94096,200
100,-1,92.96,92.97,23014.07591,200
100,1,92.97,92.96,23014.19552,200
100,1,92.97,92.96,23014.20049,100
8,-1,92.96,92.97,23017.94719,400
100,1,92.97,92.96,23019.59657,200
10,-1,92.96,92.97,23020.63843,400
72,-1,92.96,92.97,23021.95263,300
10,1,92.97,92.96,23025.15539,300
2,1,92.97,92.96,23025.15553,300
7,1,92.97,92.96,23025.15563,300
100,1,92.97,92.96,23025.15651,300
100,1,92.97,92.96,23025.15661,300
100,1,92.97,92.96,23025.15665,300
2,1,92.97,92.96,23025.15706,300
100,1,92.97,92.96,23025.15901,200
100,1,92.97,92.96,23025.16073,200
100,1,92.97,92.96,23025.16136,200
94,1,92.97,92.96,23025.16149,200
4,1,92.97,92.96,23025.16152,200
300,1,92.97,92.96,23025.16162,200
100,1,92.98,92.97,23025.23174,100
100,-1,92.97,92.98,23025.29808,300
100,1,92.99,92.97,23025.36945,100
100,1,92.99,92.97,23026.83397,100
300,1,92.99,92.97,23026.83829,200
100,-1,92.97,92.99,23026.85047,200
1,-1,92.97,92.99,23026.85371,200
100,-1,92.98,92.99,23028.25255,200
100,1,92.99,92.97,23028.26379,100
100,-1,92.97,92.98,23029.61754,200
98,-1,92.97,92.98,23029.88353,200
2,1,92.98,92.97,23030.09046,400
2,1,92.98,92.97,23030.20155,400
2,-1,92.96,92.98,23033.31424,400
96,-1,92.96,92.98,23033.3143,400
2,-1,92.96,92.98,23033.31434,400
98,-1,92.96,92.98,23033.31437,400
1,-1,92.96,92.98,23033.92356,500
5,-1,92.97,92.98,23034.01338,100
100,1,92.98,92.97,23035.22987,300
100,1,92.98,92.97,23035.22997,300
31,1,92.98,92.97,23036.96619,200
2,1,92.98,92.97,23036.96698,100
100,1,92.98,92.97,23036.96708,100
100,1,92.98,92.97,23036.9672,100
100,1,92.98,92.97,23036.96722,100
4,1,92.98,92.97,23036.96727,100
100,1,92.98,92.97,23036.96732,100
9,1,92.98,92.97,23036.96777,100
100,-1,92.98,93.01,23036.97177,300
1,-1,92.98,93.01,23036.97188,300
100,-1,92.98,93.01,23036.9719,300
100,-1,92.98,93.01,23036.97192,300
100,-1,92.98,93,23036.97956,300
100,1,92.98,92.97,23036.99723,100
100,1,92.98,92.97,23039.10307,100
100,1,92.98,92.97,23039.10372,100
90,1,92.98,92.97,23039.10409,100
100,1,92.98,92.97,23039.45042,300
6,1,92.98,92.97,23040.07608,400
100,1,92.98,92.97,23040.08264,300
100,1,92.98,92.97,23040.09236,300
200,1,92.98,92.97,23040.09246,300
100,1,93.01,92.99,23040.59429,100
50,1,93.02,92.99,23040.77595,200
100,1,93.03,93,23040.82352,400
2,1,93.03,93,23040.82427,400
98,-1,93.01,93.03,23040.82527,100
100,-1,93.01,93.02,23041.02744,100
100,-1,93.01,93.02,23041.02762,100
100,-1,93.01,93.02,23041.02773,100
100,-1,93.01,93.05,23043.31044,300
100,-1,93.02,93.05,23043.31231,100
100,-1,93.02,93.05,23043.31289,200
100,-1,93.03,93.06,23045.97091,200
100,-1,93.03,93.06,23046.0385,100
100,-1,93.03,93.06,23046.03861,100
100,-1,93.02,93.06,23046.0387,200
100,-1,93.02,93.05,23046.03872,200
50,-1,93.02,93.04,23046.03902,100
100,-1,93.03,93.04,23046.03968,300
200,-1,93.03,93.04,23046.03986,100
100,-1,93.03,93.04,23046.03999,100
100,-1,93.03,93.04,23047.31485,600
50,-1,93.03,93.04,23047.31495,600
55,-1,93.03,93.04,23047.31497,600
100,-1,93.03,93.04,23047.31505,600
100,-1,93.03,93.04,23047.31568,300
200,-1,93.03,93.04,23047.31588,300
100,1,93.03,93.02,23047.32722,200
3,-1,93.01,93.02,23047.50519,100
158,1,93.02,93.01,23048.65383,100
197,-1,93.01,93.03,23048.65404,200
103,-1,93.01,93.03,23048.65414,200
50,-1,93.01,93.03,23048.65416,200
47,1,93.05,93.03,23049.29758,200
3,1,93.05,93.03,23050.78699,100
97,1,93.05,93.03,23050.81506,100
3,1,93.04,93.03,23053.48142,200
97,1,93.04,93.03,23053.48163,200
3,1,93.04,93.03,23053.50806,100
100,1,93.04,93.03,23053.5083,100
100,-1,93.03,93.06,23053.5086,300
100,1,93.04,93.03,23054.15381,100
3,1,93.04,93.03,23054.15409,100
5,-1,93.03,93.06,23054.15435,500
200,-1,93.04,93.06,23054.45877,500
100,1,93.05,93.04,23055.18603,100
100,1,93.05,93.04,23055.24224,100
100,1,93.07,93.04,23055.24239,200
100,1,93.07,93.04,23055.24246,200
100,1,93.07,93.04,23055.24276,200
100,-1,93.05,93.06,23058.68252,200
100,-1,93.05,93.06,23058.68408,100
1,-1,93.05,93.06,23058.68449,100
100,-1,93.03,93.06,23059.09582,300
100,-1,93.04,93.06,23059.0968,100
100,-1,93.04,93.06,23059.09691,100
100,-1,93.02,93.04,23060.07785,200
100,1,93.03,93.02,23060.58174,300
100,1,93.03,93.01,23060.62017,200
16,-1,93.02,93.04,23060.6958,100
100,-1,93.02,93.04,23060.70487,100
3,-1,93.01,93.03,23062.3779,200
100,-1,93.01,93.02,23062.42493,100
100,1,93.02,93.01,23062.81881,100
100,1,93.04,93.02,23062.83345,100
2,1,93.04,93.02,23065.97421,100
100,-1,93.02,93.04,23065.98064,500
200,1,93.03,93.02,23065.98766,400
100,1,93.05,93.03,23066.72044,200
10,-1,93.02,93.04,23068.73188,500
10,-1,93.02,93.04,23068.7319,500
80,1,93.03,93.02,23070.22338,300
120,-1,93.02,93.04,23071.91431,500
100,1,93.04,93.02,23073.11624,200
2,1,93.04,93.03,23073.12224,100
100,1,93.04,93.03,23073.13295,100
100,1,93.05,93.03,23077.3338,300
100,1,93.04,93.03,23077.50797,100
100,1,93.05,93.03,23077.50815,200
91,1,93.05,93.03,23077.50839,200
100,-1,93.04,93.06,23077.85674,100
100,1,93.06,93.04,23077.85689,200
50,1,93.05,93.04,23078.85642,100
100,-1,93.04,93.06,23078.9189,200
100,-1,93.04,93.06,23078.91933,200
50,-1,93.04,93.06,23078.91949,200
100,-1,93.04,93.06,23078.91963,200
100,-1,93.04,93.06,23078.92004,200
100,1,93.06,93.04,23079.51297,300
200,1,93.06,93.04,23079.51311,300
100,1,93.06,93.05,23079.51332,300
100,1,93.06,93.05,23079.51344,300
100,1,93.06,93.05,23079.51352,300
100,1,93.06,93.05,23080.01291,100
300,1,93.06,93.05,23080.01366,100
100,-1,93.06,93.07,23081.01147,100
100,1,93.07,93.05,23081.01171,200
50,-1,93.04,93.06,23081.50539,100
50,1,93.04,93.02,23081.50667,100
200,1,93.05,93.03,23082.04127,100
100,-1,93.04,93.05,23082.55641,100
100,-1,93.04,93.05,23082.55686,100
100,-1,93.04,93.05,23082.55765,100
15,1,93.04,93.03,23088.31285,100
20,1,93.04,93.03,23088.42668,200
64,1,93.04,93.03,23088.42676,200
1,1,93.04,93.03,23088.42685,200
49,1,93.04,93.03,23088.42722,200
50,1,93.04,93.03,23088.42759,200
100,1,93.06,93.03,23091.46225,300
100,1,93.06,93.03,23091.46228,300
1,-1,93.04,93.05,23094.98602,200
100,-1,93.04,93.05,23094.98624,100
97,-1,93.04,93.05,23094.98726,100
200,-1,93.04,93.05,23094.98746,100
100,-1,93.03,93.04,23095.01084,100
74,-1,93.02,93.04,23095.01098,600
100,1,93.03,93.02,23095.02355,200
10,1,93.03,93.02,23097.50029,100
21,-1,93.02,93.03,23097.93811,500
100,-1,93.02,93.03,23099.74419,400
20,-1,93.02,93.03,23099.74783,400
200,-1,93.02,93.03,23099.74891,400
100,-1,93.02,93.03,23099.74925,300
100,-1,93.02,93.03,23099.7493,300
100,-1,93.02,93.03,23099.74951,100
100,-1,93.02,93.03,23099.74961,100
100,-1,93.01,93.03,23099.74963,300
100,1,93.02,93.01,23099.75206,500
100,1,93.02,93.01,23099.7575,500
100,1,93.02,93.01,23099.77057,500
100,1,93.02,93.01,23100.3264,300
12,1,93.02,93.01,23100.48247,200
100,1,93.02,93.01,23100.48257,200
100,1,93.02,93.01,23100.4931,200
13,1,93.02,93.01,23100.61651,200
72,1,93.02,93.01,23100.61656,100
100,1,93.02,93.01,23107.05331,200
100,1,93.02,93.01,23107.05351,200
50,1,93.02,93.01,23107.05389,200
100,1,93.02,93.01,23107.05415,200
100,1,93.02,93.01,23107.07183,200
1,1,93.02,93.01,23109.8915,200
55,1,93.02,93.01,23109.89158,200
100,1,93.02,93.01,23111.04781,300
40,1,93.02,93.01,23111.04824,200
100,-1,93.01,93.03,23111.04836,500
100,-1,93.01,93.03,23111.04837,500
100,-1,93.01,93.03,23111.0484,500
100,1,93.04,93.02,23111.06055,100
100,1,93.05,93.02,23111.35025,300
100,1,93.05,93.02,23111.3507,200
100,1,93.05,93.02,23111.35082,200
100,1,93.05,93.02,23111.35083,200
100,1,93.04,93.02,23114.31532,200
100,1,93.05,93.04,23115.04306,100
3,1,93.05,93.04,23115.09532,100
100,1,93.05,93.04,23115.09555,100
100,1,93.05,93.04,23115.09569,100
38,1,93.05,93.04,23115.0959,100
21,1,93.05,93.04,23115.09604,100
100,1,93.05,93.04,23115.0961,100
32,-1,93.05,93.07,23115.10724,200
100,1,93.07,93.05,23115.45688,200
1,1,93.07,93.05,23115.46933,200
33,1,93.06,93.05,23116.83071,100
50,1,93.06,93.05,23118.02266,200
17,1,93.06,93.05,23119.84319,100
100,1,93.07,93.05,23119.84337,100
100,1,93.07,93.06,23120.91196,300
100,-1,93.06,93.07,23122.46542,200
100,-1,93.06,93.07,23122.46563,200
100,-1,93.06,93.07,23122.46571,200
100,-1,93.06,93.07,23122.46615,200
100,-1,93.06,93.07,23122.46616,200
20,-1,93.06,93.07,23122.46625,200
5,-1,93.05,93.06,23122.47002,400
1,-1,93.05,93.06,23122.48592,300
100,-1,93.05,93.06,23122.48664,300
50,-1,93.05,93.06,23123.67637,300
16,-1,93.05,93.06,23123.67742,300
50,-1,93.05,93.06,23127.98438,300
584,-1,93.05,93.06,23128.81591,300
100,-1,93.05,93.06,23128.82089,200
1,-1,93.05,93.06,23130.30897,200
200,1,93.05,93.04,23130.63637,400
100,-1,93.04,93.05,23130.63935,200
14,-1,93.04,93.05,23130.63948,200
64,1,93.04,93.03,23130.64632,100
12,1,93.05,93.03,23130.89462,200
100,1,93.05,93.03,23131.25613,300
64,-1,93.04,93.05,23131.99309,100
5,-1,93.04,93.05,23132.51555,100
12,-1,93.04,93.05,23132.51557,100
200,1,93.04,93.03,23132.52415,500
100,-1,93.02,93.04,23132.52771,300
100,1,93.02,93.01,23132.62252,200
38,1,93.02,93.01,23132.64546,200
100,1,93.02,93.01,23132.67453,100
100,1,93.02,93.01,23132.683,100
300,-1,93.01,93.03,23133.07401,100
466,-1,93.01,93.02,23133.08635,100
4,1,93.02,93,23133.13769,200
1,-1,93.02,93.03,23133.28278,100
200,-1,93.02,93.03,23137.18826,100
95,-1,93.02,93.03,23137.41944,100
5,-1,93.02,93.03,23138.26232,100
95,-1,93.02,93.03,23138.26261,100
5,-1,93.01,93.03,23138.26312,200
49,1,93.02,93,23139.03437,400
100,1,93.02,93,23139.03441,400
100,1,93.01,93,23140.53971,400
100,-1,92.99,93.01,23144.42577,100
104,-1,92.99,93.01,23144.42697,100
100,-1,92.99,93.01,23144.42701,100
100,-1,92.99,93.01,23145.03149,100
100,-1,92.99,93.01,23145.03256,200
100,1,93,92.99,23145.03313,100
100,-1,92.99,93.01,23145.77263,100
100,1,93.01,93,23145.77682,400
96,-1,92.99,93,23148.29577,100
4,-1,92.99,93,23148.29641,100
200,-1,92.97,92.98,23150.9458,100
74,-1,92.97,92.98,23151.90666,100
100,-1,92.97,92.98,23151.92276,100
100,-1,92.97,92.98,23154.95408,200
3,-1,92.97,92.98,23156.9278,200
100,-1,92.97,92.98,23156.92814,200
100,-1,92.97,92.98,23156.92833,100
100,-1,92.96,92.98,23156.92845,100
100,-1,92.95,92.97,23156.93079,100
100,-1,92.95,92.97,23157.61039,300
50,-1,92.95,92.97,23158.02915,200
150,-1,92.95,92.97,23160.37922,300
100,1,92.97,92.95,23160.37935,100
200,1,92.97,92.96,23160.37988,100
100,-1,92.96,92.97,23160.66072,400
100,1,92.97,92.95,23162.90138,200
68,1,92.96,92.95,23164.01443,200
100,-1,92.95,92.97,23164.43879,600
100,-1,92.96,92.97,23164.4532,100
100,-1,92.95,92.97,23166.04182,600
116,1,92.96,92.95,23166.79164,600
100,1,92.96,92.95,23166.93838,400
100,1,92.96,92.95,23166.93838,400
65,1,92.96,92.95,23166.93838,400
100,1,92.96,92.95,23166.94041,400
100,1,92.96,92.95,23166.94055,400
100,1,92.96,92.95,23166.9407,400
202,1,92.96,92.95,23166.94098,400
35,1,92.96,92.95,23166.94156,400
100,1,92.96,92.95,23166.94171,400
100,1,92.96,92.95,23166.94286,400
100,-1,92.96,92.97,23166.952,100
200,-1,92.96,92.97,23166.96352,300
200,-1,92.96,92.97,23166.9654,300
90,-1,92.96,92.97,23166.96585,300
100,-1,92.96,92.97,23166.9689,300
88,-1,92.96,92.97,23166.97499,100
100,-1,92.96,92.97,23166.97542,100
100,1,92.97,92.96,23167.02331,100
100,1,92.97,92.96,23167.02349,100
100,1,92.97,92.96,23167.02351,100
100,1,92.97,92.96,23167.02371,100
100,1,92.98,92.96,23167.0241,200
75,-1,92.96,92.97,23167.13216,300
100,-1,92.96,92.97,23167.14317,300
10,1,92.97,92.96,23167.15051,100
29,1,92.97,92.96,23167.2968,100
3,1,92.98,92.96,23167.68145,200
100,-1,92.97,92.98,23167.68358,100
71,1,92.98,92.97,23168.40225,500
94,1,92.98,92.97,23168.40283,500
31,1,92.98,92.97,23168.40453,500
286,1,92.98,92.97,23168.40464,500
100,1,92.98,92.97,23168.5675,500
100,1,92.98,92.97,23169.02296,500
100,1,92.98,92.97,23169.02619,100
100,1,92.98,92.97,23169.03592,100
100,1,92.98,92.97,23169.09438,100
100,-1,92.98,93,23170.20319,300
100,-1,92.98,92.99,23171.20291,300
100,-1,92.98,92.99,23171.20302,300
100,-1,92.98,92.99,23171.55079,100
5,-1,92.98,92.99,23171.55089,100
6,-1,92.98,92.99,23171.55126,100
94,-1,92.98,92.99,23171.55138,100
6,1,92.98,92.97,23171.80779,100
25,1,92.98,92.97,23171.8081,200
100,-1,92.97,92.98,23171.88736,200
100,-1,92.97,92.98,23171.88774,100
100,1,92.98,92.97,23173.05932,100
100,1,92.98,92.97,23173.05973,100
100,1,92.98,92.97,23173.06736,100
100,1,92.98,92.97,23176.80588,100
100,1,92.99,92.97,23177.25968,100
100,-1,92.98,93,23177.29665,500
77,1,93,92.99,23181.62243,100
100,1,93.01,93,23181.65176,100
2,1,93.01,93,23183.38012,200
100,-1,93,93.01,23183.97611,500
100,-1,93,93.01,23184.20496,500
100,-1,92.99,93.01,23184.20534,400
50,1,93,92.99,23184.20575,200
50,1,93,92.99,23184.20587,200
64,1,93,92.99,23184.20597,200
10,1,93,92.99,23184.20599,200
50,1,93,92.99,23184.21174,300
100,1,93,92.99,23184.32145,300
136,1,93,92.99,23186.33394,200
23,-1,92.99,93,23187.97222,300
1,1,93,92.99,23188.22644,300
100,1,93,92.99,23188.22673,300
100,1,93,92.99,23189.71259,200
100,1,93.01,92.99,23189.71282,300
2,1,93.01,93,23189.71514,100
100,1,93.02,93,23189.71522,100
100,1,93.02,93,23189.71524,100
64,1,93.02,93,23189.71532,100
36,1,93.02,93,23189.71542,100
100,1,93.02,93,23189.71556,100
100,1,93.03,93.01,23189.92021,400
6,-1,93.01,93.04,23190.83366,300
95,1,93.04,93.01,23190.83369,200
100,1,93.04,93.01,23190.83376,200
50,1,93.05,93.03,23193.02913,200
100,1,93.05,93.03,23193.02952,200
100,1,93.04,93.03,23193.05354,200
85,1,93.04,93.03,23193.05487,100
100,1,93.05,93.03,23193.06703,400
200,1,93.04,93.03,23195.10157,200
100,-1,93.03,93.04,23196.60653,100
100,-1,93.03,93.04,23196.60664,100
100,-1,93.03,93.04,23196.60666,100
100,-1,93.03,93.04,23196.60674,100
100,1,93.03,93.02,23196.60684,100
100,-1,93.02,93.03,23196.60723,100
100,-1,93.02,93.03,23196.60734,100
100,-1,93.02,93.03,23196.60739,100
95,1,93.03,93.01,23196.6077,300
200,-1,93.01,93.02,23196.64899,100
100,-1,93.01,93.02,23196.64919,100
100,1,93.02,93,23196.67067,300
50,1,93.02,93,23196.67079,300
100,-1,93,93.01,23196.67163,200
98,1,93.01,93,23196.67191,300
2,-1,93,93.01,23196.67204,200
98,-1,93,93.01,23196.67206,200
2,-1,93,93.01,23196.67208,200
200,-1,93,93.01,23196.67216,200
100,-1,93,93.01,23196.67223,200
100,-1,93,93.01,23196.6723,200
100,-1,93,93.01,23196.67242,200
8,1,93.01,92.99,23196.6812,200
100,1,93.01,92.99,23196.68128,200
200,1,93.01,93,23196.6813,200
100,1,93.01,93,23196.68526,100
100,1,93.01,93,23196.98729,100
12,1,93.02,93.01,23199.65655,100
100,-1,93.01,93.05,23199.65759,300
100,-1,93.01,93.05,23199.65772,300
100,-1,93.02,93.05,23199.66232,300
12,1,93.04,93.02,23201.44078,100
100,1,93.04,93.02,23201.44306,100
100,1,93.04,93.02,23201.44577,100
1,1,93.05,93.03,23201.46288,100
50,-1,93.03,93.04,23202.15972,100
100,-1,93.03,93.04,23202.45318,100
50,-1,93.02,93.04,23202.45327,100
100,1,93.03,93.02,23204.7059,100
61,1,93.03,93.02,23205.19786,100
39,-1,93.02,93.04,23205.22546,300
1,1,93.04,93.03,23207.81856,200
100,1,93.04,93.03,23207.81883,200
90,1,93.04,93.03,23207.9004,100
5,1,93.04,93.03,23208.32422,100
10,-1,93.03,93.07,23208.33789,300
5,-1,93.04,93.07,23209.57464,100
100,-1,93.04,93.06,23209.57492,100
100,-1,93.02,93.07,23209.82107,400
161,1,93.07,93.03,23213.89286,100
39,1,93.07,93.03,23213.89321,100
39,1,93.06,93.05,23213.89952,100
100,-1,93.04,93.08,23213.93552,300
61,-1,93.04,93.07,23214.20034,100
100,-1,93.04,93.07,23214.27381,100
100,-1,93.03,93.07,23214.8458,300
39,-1,93.03,93.07,23214.84592,300
61,-1,93.03,93.06,23214.90169,300
100,-1,93.03,93.06,23214.90171,300
100,-1,93.03,93.06,23214.90191,300
100,-1,93.03,93.06,23214.90195,300
5,-1,93.03,93.06,23214.90211,300
95,-1,93.03,93.06,23214.90305,300
100,-1,93.03,93.06,23214.90313,300
100,-1,93.03,93.06,23214.90964,300
1,1,93.06,93.03,23215.43856,300
541,1,93.06,93.03,23215.44097,300
164,1,93.06,93.03,23215.44223,300
5,-1,93.03,93.06,23216.18457,100
200,-1,93.03,93.06,23216.90677,200
100,-1,93.03,93.06,23216.90683,200
120,-1,93.03,93.06,23216.90691,200
100,-1,93.03,93.06,23216.90695,200
80,1,93.04,93.03,23216.90707,100
100,1,93.04,93.03,23216.90722,100
100,-1,93.03,93.04,23216.90724,200
100,-1,93.03,93.04,23216.90732,200
100,-1,93.03,93.04,23216.90734,200
10,-1,93.03,93.04,23216.90742,200
100,-1,93.03,93.04,23216.90772,200
200,1,93.05,93.03,23220.18744,100
300,1,93.05,93.04,23220.20094,100
562,1,93.05,93.04,23220.24229,100
1400,-1,93.04,93.06,23220.24448,400
500,1,93.06,93.05,23220.5462,400
1000,1,93.06,93.05,23222.39614,500
100,1,93.06,93.05,23222.39623,500
100,1,93.06,93.05,23222.39628,400
200,1,93.06,93.05,23222.39852,400
100,1,93.06,93.05,23222.90263,300
100,1,93.07,93.05,23222.90285,100
100,1,93.08,93.06,23223.52959,100
100,1,93.09,93.07,23223.882,200
200,-1,93.07,93.08,23225.75105,300
100,-1,93.07,93.08,23225.75116,200
200,-1,93.07,93.08,23225.75123,200
100,-1,93.07,93.08,23225.75125,200
100,-1,93.07,93.08,23225.75128,200
3,-1,93.07,93.08,23225.75133,200
200,-1,93.07,93.08,23225.75135,200
100,-1,93.07,93.08,23225.75157,200
105,-1,93.07,93.08,23225.75158,100
95,-1,93.07,93.08,23225.75242,100
105,-1,93.07,93.08,23225.75255,100
100,-1,93.07,93.08,23225.80877,100
5,-1,93.07,93.08,23225.80926,100
20,-1,93.07,93.08,23225.80944,100
6,-1,93.07,93.08,23225.80954,100
3,1,93.08,93.07,23225.84706,200
100,1,93.08,93.07,23225.8575,200
100,1,93.08,93.07,23225.85785,200
400,1,93.08,93.07,23226.00747,100
200,-1,93.07,93.08,23227.8021,100
100,-1,93.07,93.08,23227.80215,100
100,-1,93.06,93.08,23227.80233,300
100,1,93.07,93.06,23227.80751,400
100,1,93.07,93.06,23227.91389,400
100,1,93.07,93.06,23227.9167,300
100,1,93.07,93.06,23228.42917,100
100,1,93.07,93.06,23228.42924,100
100,1,93.07,93.06,23228.4293,100
100,-1,93.06,93.08,23228.42961,200
100,-1,93.06,93.08,23228.42971,200
100,-1,93.06,93.08,23228.42973,200
100,-1,93.07,93.08,23230.07542,200
100,1,93.08,93.07,23230.63936,200
100,1,93.08,93.07,23230.6416,200
200,-1,93.07,93.08,23232.94821,200
100,-1,93.07,93.08,23232.94941,200
50,-1,93.07,93.08,23232.95173,200
50,1,93.08,93.07,23233.67786,100
100,-1,93.08,93.09,23233.67839,100
40,-1,93.08,93.09,23233.67982,300
100,1,93.09,93.08,23233.85362,100
100,1,93.1,93.08,23233.85443,400
100,1,93.1,93.09,23235.78772,200
7,1,93.1,93.09,23235.7953,200
46,-1,93.09,93.1,23236.06614,300
100,-1,93.09,93.1,23236.06641,300
100,-1,93.09,93.1,23236.06655,300
100,-1,93.09,93.1,23236.06669,300
200,-1,93.09,93.1,23236.06674,300
300,-1,93.09,93.1,23236.06684,200
100,-1,93.09,93.1,23236.067,200
5,-1,93.09,93.1,23236.06714,100
100,-1,93.09,93.1,23236.06734,100
500,-1,93.08,93.1,23236.06739,100
600,-1,93.08,93.1,23236.06749,100
200,-1,93.08,93.1,23236.06751,100
100,1,93.08,93.07,23236.07746,100
54,1,93.08,93.07,23236.19525,200
46,-1,93.07,93.08,23236.95533,200
100,1,93.09,93.07,23237.28118,100
10,-1,93.09,93.1,23239.97562,200
105,-1,93.09,93.1,23239.97622,200
100,-1,93.09,93.1,23239.97622,200
100,1,93.11,93.09,23240.01979,200
52,1,93.11,93.09,23240.05842,200
55,1,93.11,93.09,23242.67404,200
35,1,93.12,93.09,23242.67422,500
100,1,93.13,93.11,23242.87273,800
100,1,93.13,93.11,23242.87275,800
100,-1,93.12,93.13,23242.87385,100
100,-1,93.12,93.13,23242.87394,100
100,-1,93.12,93.13,23242.87397,100
100,-1,93.12,93.13,23242.87399,100
100,-1,93.12,93.13,23242.87436,100
100,-1,93.12,93.13,23243.34058,200
100,-1,93.12,93.13,23243.34067,200
1,1,93.13,93.12,23244.33273,600
100,-1,93.12,93.13,23246.94818,200
100,-1,93.11,93.13,23246.94894,400
100,1,93.12,93.11,23246.95001,100
100,-1,93.11,93.12,23247.85644,100
100,-1,93.11,93.12,23247.85647,100
100,-1,93.11,93.12,23247.85651,100
50,-1,93.11,93.12,23249.74693,100
55,-1,93.11,93.12,23249.74695,100
100,-1,93.11,93.12,23249.74697,100
100,-1,93.1,93.11,23250.02178,100
100,-1,93.09,93.11,23250.0611,200
400,-1,93.09,93.11,23250.10083,100
100,-1,93.09,93.1,23250.10105,100
100,1,93.1,93.09,23250.10262,400
200,1,93.1,93.09,23250.10275,400
200,1,93.1,93.09,23250.11026,200
100,1,93.11,93.09,23250.17162,300
5,1,93.11,93.09,23250.17766,300
100,1,93.11,93.09,23250.19852,300
100,1,93.11,93.1,23250.2392,100
100,1,93.11,93.1,23250.26886,100
134,1,93.11,93.1,23250.46896,300
100,-1,93.1,93.11,23250.84393,200
60,-1,93.1,93.11,23250.84403,200
100,-1,93.1,93.11,23252.17552,200
4,1,93.11,93.1,23252.52305,200
46,1,93.11,93.1,23252.52339,200
100,1,93.12,93.1,23252.53582,400
54,1,93.12,93.1,23252.53587,100
100,1,93.13,93.11,23252.63151,600
100,1,93.13,93.11,23252.63158,600
3,1,93.13,93.11,23252.63162,600
100,1,93.13,93.11,23252.63195,600
100,1,93.12,93.11,23252.93128,100
100,1,93.12,93.1,23253.50159,300
100,1,93.11,93.1,23253.89635,100
100,1,93.11,93.1,23253.89648,100
100,-1,93.1,93.11,23255.94578,400
100,-1,93.1,93.11,23255.94678,400
100,1,93.11,93.1,23255.97319,100
100,1,93.11,93.1,23256.8446,100
100,-1,93.11,93.12,23256.84494,300
100,-1,93.11,93.12,23256.84508,300
111,1,93.12,93.11,23259.36135,300
100,1,93.12,93.11,23259.42984,300
50,1,93.12,93.11,23259.45534,200
50,1,93.12,93.11,23259.45978,100
100,1,93.12,93.11,23259.46238,100
100,1,93.13,93.11,23259.88813,600
100,1,93.13,93.11,23260.19062,700
3,-1,93.11,93.13,23260.43569,800
100,-1,93.11,93.13,23260.43993,800
100,-1,93.11,93.12,23260.45209,800
100,-1,93.11,93.12,23260.45222,800
100,-1,93.11,93.12,23260.45294,800
100,-1,93.11,93.12,23260.45302,700
100,-1,93.11,93.12,23260.45318,600
55,-1,93.11,93.12,23260.4604,600
45,-1,93.11,93.12,23261.01235,600
100,1,93.12,93.11,23261.87101,100
100,1,93.12,93.11,23261.87119,100
100,-1,93.11,93.12,23261.89463,600
95,-1,93.11,93.12,23262.66041,100
5,-1,93.11,93.12,23262.66085,100
100,-1,93.11,93.12,23262.66131,100
100,-1,93.11,93.12,23262.66141,100
5,1,93.11,93.1,23263.18453,300
76,1,93.11,93.1,23263.87459,200
300,1,93.11,93.1,23264.27164,200
100,1,93.11,93.1,23264.27174,200
1,1,93.11,93.1,23264.27176,200
50,1,93.11,93.1,23264.27178,200
50,1,93.11,93.1,23264.27195,200
100,1,93.11,93.1,23265.45468,100
100,1,93.12,93.1,23265.45527,300
98,1,93.12,93.1,23265.4566,300
100,1,93.12,93.1,23267.06459,200
100,1,93.12,93.11,23267.09002,100
100,1,93.12,93.11,23267.10168,100
100,1,93.13,93.12,23267.12529,400
100,1,93.13,93.12,23269.05499,700
100,1,93.13,93.12,23269.05509,700
3,1,93.13,93.12,23269.05521,700
100,-1,93.12,93.13,23269.81686,600
100,-1,93.12,93.13,23269.81722,600
100,-1,93.12,93.13,23269.81776,300
20,-1,93.12,93.13,23269.81779,300
20,-1,93.12,93.13,23269.81791,300
100,-1,93.12,93.13,23269.81805,300
100,-1,93.12,93.13,23269.81818,300
100,-1,93.12,93.13,23269.81823,300
200,-1,93.12,93.13,23269.81832,300
100,-1,93.12,93.13,23269.81861,300
100,-1,93.12,93.13,23269.81904,300
100,-1,93.12,93.13,23269.81905,300
100,-1,93.12,93.13,23269.81911,300
100,-1,93.11,93.12,23269.82436,100
100,-1,93.1,93.12,23269.84252,300
100,1,93.11,93.09,23270.04571,400
100,1,93.1,93.09,23270.20423,100
100,1,93.1,93.09,23270.20537,400
100,1,93.1,93.09,23270.21587,500
200,-1,93.09,93.1,23270.2188,400
200,-1,93.09,93.1,23270.74532,200
100,-1,93.09,93.1,23271.40772,200
100,-1,93.09,93.1,23271.40801,200
100,-1,93.09,93.1,23271.40807,200
100,-1,93.09,93.1,23271.40813,200
100,1,93.1,93.09,23271.41305,600
100,-1,93.09,93.1,23271.4173,200
200,-1,93.09,93.1,23271.4198,200
100,-1,93.09,93.1,23271.4199,200
100,1,93.1,93.09,23271.4401,500
12,1,93.1,93.09,23271.44284,500
100,1,93.1,93.09,23271.44296,500
100,1,93.1,93.09,23272.63926,400
100,1,93.1,93.09,23273.8305,500
100,1,93.1,93.09,23273.83059,500
64,-1,93.09,93.1,23274.25587,300
84,-1,93.08,93.1,23274.25603,100
36,1,93.08,93.07,23274.26611,100
64,-1,93.07,93.09,23274.26691,400
16,1,93.08,93.07,23274.26713,100
36,-1,93.08,93.09,23274.78357,300
64,1,93.09,93.08,23275.03446,400
36,1,93.09,93.08,23275.03455,400
9,1,93.09,93.08,23275.042,400
468,1,93.09,93.08,23275.04303,400
4,1,93.09,93.08,23275.05104,400
100,1,93.09,93.08,23275.05128,400
100,1,93.09,93.08,23275.05412,400
91,1,93.08,93.07,23275.06641,100
96,1,93.08,93.07,23275.06755,100
5,1,93.09,93.08,23275.06907,300
100,-1,93.08,93.09,23276.56133,300
100,-1,93.08,93.09,23276.56311,300
100,-1,93.08,93.09,23276.56468,100
100,1,93.08,93.07,23276.59037,200
100,1,93.08,93.07,23276.82449,100
100,1,93.08,93.07,23276.82468,100
200,-1,93.07,93.08,23277.49848,400
95,-1,93.07,93.08,23277.4986,400
100,-1,93.07,93.08,23277.50172,300
100,-1,93.07,93.08,23277.50195,300
100,-1,93.07,93.08,23277.50521,200
100,1,93.08,93.07,23277.84185,400
100,1,93.08,93.07,23277.84568,400
100,1,93.08,93.07,23277.8458,400
100,1,93.08,93.07,23277.85243,400
100,1,93.08,93.07,23277.85269,400
38,1,93.08,93.07,23277.85906,400
100,1,93.08,93.07,23277.86329,400
100,1,93.08,93.07,23277.87084,400
4,1,93.08,93.07,23277.87095,400
300,1,93.08,93.07,23277.87123,400
100,1,93.08,93.07,23277.87139,400
100,1,93.08,93.07,23277.87141,400
100,1,93.08,93.07,23277.87162,400
6,1,93.08,93.07,23277.87175,400
2,1,93.08,93.07,23277.87177,400
100,1,93.08,93.07,23277.87206,400
100,1,93.08,93.07,23277.87215,400
100,1,93.08,93.07,23277.87226,400
100,1,93.08,93.07,23277.87318,300
100,1,93.08,93.07,23277.87367,300
100,1,93.08,93.07,23277.87549,300
24,1,93.08,93.07,23277.87936,300
10,1,93.08,93.07,23277.8795,300
347,1,93.08,93.07,23277.87966,300
100,1,93.08,93.07,23277.88026,300
75,1,93.08,93.07,23277.88258,300
100,1,93.08,93.07,23277.88764,300
15,1,93.08,93.07,23277.88773,300
100,1,93.08,93.07,23277.88781,300
85,1,93.08,93.07,23277.88786,200
95,1,93.08,93.07,23277.88796,200
5,1,93.08,93.07,23277.88809,200
62,1,93.08,93.07,23277.88811,200
33,1,93.08,93.07,23277.88813,200
100,1,93.08,93.07,23277.88816,200
5,1,93.08,93.07,23277.89301,200
100,1,93.08,93.07,23277.89313,200
100,1,93.08,93.07,23277.89481,100
16,1,93.08,93.07,23277.895,100
84,1,93.08,93.07,23277.90555,100
100,1,93.08,93.07,23277.90568,100
17,1,93.08,93.07,23277.9057,100
7,1,93.09,93.07,23277.90597,600
100,1,93.09,93.07,23277.90611,600
83,1,93.09,93.07,23277.90636,600
400,-1,93.08,93.09,23277.90694,100
1400,-1,93.08,93.09,23277.90705,100
4,1,93.09,93.08,23277.90723,600
100,1,93.09,93.08,23277.90749,600
16,1,93.09,93.08,23277.91526,600
78,1,93.09,93.08,23277.91539,600
200,1,93.09,93.08,23277.93884,500
300,1,93.09,93.08,23277.93914,400
300,1,93.09,93.08,23277.93931,400
200,1,93.09,93.08,23277.93945,400
100,1,93.09,93.08,23277.94002,400
400,1,93.09,93.08,23277.94019,400
300,1,93.09,93.08,23277.94022,400
300,1,93.09,93.08,23277.94024,400
300,1,93.09,93.08,23277.9405,400
100,1,93.09,93.08,23277.94062,400
2,1,93.09,93.08,23277.97451,400
100,1,93.09,93.08,23277.97464,400
200,1,93.09,93.08,23277.97514,400
100,1,93.09,93.08,23277.97525,400
5,1,93.09,93.08,23277.97527,400
15,1,93.09,93.08,23277.97535,400
100,1,93.09,93.08,23278.00371,400
100,1,93.09,93.08,23278.00433,300
100,1,93.09,93.08,23278.00442,300
200,1,93.09,93.08,23278.00444,300
500,1,93.09,93.08,23278.00446,300
78,1,93.09,93.08,23278.0045,300
100,1,93.09,93.08,23278.00534,200
25,1,93.09,93.08,23278.00544,200
97,1,93.09,93.08,23278.00652,200
3,1,93.1,93.08,23278.00838,200
100,1,93.1,93.08,23278.01554,200
100,-1,93.08,93.1,23278.03958,700
100,1,93.1,93.08,23278.06005,200
100,1,93.09,93.08,23278.10749,200
100,1,93.09,93.08,23278.1076,200
500,1,93.09,93.08,23278.10762,200
100,1,93.09,93.08,23278.10793,200
100,1,93.09,93.08,23278.1083,100
100,1,93.09,93.08,23278.10852,100
3,1,93.09,93.08,23278.10887,100
100,1,93.1,93.08,23278.20865,200
100,1,93.1,93.08,23278.2088,200
100,1,93.1,93.08,23278.20898,200
100,1,93.1,93.09,23278.21554,200
10,1,93.1,93.09,23278.21629,200
100,1,93.1,93.09,23278.2164,200
10,1,93.1,93.09,23278.21642,200
2,1,93.1,93.09,23278.21657,200
100,1,93.1,93.09,23278.21663,100
100,1,93.1,93.09,23278.21675,100
49,1,93.1,93.09,23278.21682,100
100,1,93.1,93.09,23278.21787,100
100,1,93.1,93.09,23278.22038,100
100,1,93.1,93.09,23278.22555,100
100,1,93.1,93.09,23278.22557,100
100,1,93.1,93.09,23278.22571,100
100,1,93.11,93.09,23278.22607,400
100,1,93.11,93.09,23278.22618,400
100,1,93.11,93.09,23278.22632,400
100,1,93.11,93.09,23278.2265,400
10,1,93.11,93.1,23278.23979,300
400,1,93.11,93.1,23278.23999,200
100,1,93.11,93.1,23278.24017,200
51,1,93.11,93.1,23278.24029,200
100,-1,93.11,93.12,23278.24227,200
100,-1,93.11,93.12,23278.24238,100
49,-1,93.11,93.12,23278.24247,100
100,-1,93.1,93.11,23278.33348,200
80,-1,93.1,93.11,23278.3336,200
4,-1,93.1,93.11,23278.33368,200
2,-1,93.1,93.11,23278.3337,100
100,-1,93.1,93.11,23278.33373,100
100,1,93.11,93.09,23278.33397,200
88,-1,93.09,93.1,23278.52261,300
10,-1,93.09,93.1,23278.6036,300
100,-1,93.09,93.1,23278.66679,200
200,1,93.11,93.09,23279.00585,200
100,1,93.11,93.09,23279.00596,200
100,1,93.11,93.09,23279.00624,200
2,1,93.11,93.09,23279.00654,200
100,-1,93.1,93.11,23279.1213,200
100,-1,93.1,93.11,23279.12218,200
5,1,93.1,93.08,23279.80042,300
95,1,93.1,93.08,23279.80096,100
100,1,93.1,93.08,23279.80108,100
100,1,93.1,93.08,23279.80111,100
5,1,93.12,93.09,23279.95809,100
100,-1,93.1,93.12,23280.01768,500
100,-1,93.1,93.12,23280.04798,600
3,1,93.11,93.1,23280.08044,100
100,1,93.12,93.1,23280.26755,100
100,1,93.12,93.1,23280.26762,100
100,1,93.12,93.1,23280.2678,100
3,1,93.12,93.1,23280.26806,100
1,1,93.12,93.1,23280.26819,100
100,1,93.13,93.11,23280.2702,400
100,1,93.13,93.12,23280.27064,400
100,1,93.13,93.12,23280.27064,400
50,1,93.13,93.12,23280.27072,400
50,1,93.13,93.11,23280.27094,400
151,1,93.13,93.12,23280.27119,400
100,1,93.13,93.12,23280.27249,400
200,1,93.14,93.12,23280.28927,200
100,1,93.14,93.12,23280.28953,100
100,1,93.14,93.12,23280.28963,100
100,-1,93.12,93.14,23280.28973,400
100,-1,93.12,93.14,23280.28983,400
3,1,93.14,93.12,23280.28985,100
97,1,93.14,93.12,23280.28987,100
3,1,93.14,93.12,23280.28994,100
100,1,93.15,93.12,23280.29016,300
100,1,93.15,93.13,23280.29063,300
100,1,93.15,93.13,23280.29077,300
50,1,93.15,93.13,23280.29079,300
50,-1,93.13,93.16,23280.31712,500
100,-1,93.13,93.16,23280.43113,400
100,1,93.16,93.13,23280.58024,500
5,1,93.16,93.13,23280.58137,300
3,1,93.16,93.13,23280.58139,300
100,1,93.16,93.13,23280.58146,300
3,1,93.16,93.13,23280.58154,300
100,1,93.16,93.13,23280.58212,300
100,1,93.16,93.15,23280.58409,300
95,1,93.16,93.15,23280.5846,300
100,1,93.16,93.15,23280.58466,200
400,1,93.16,93.15,23280.58665,200
90,1,93.17,93.16,23280.60263,500
100,-1,93.16,93.17,23280.65368,400
5,1,93.17,93.16,23280.72155,200
100,1,93.17,93.16,23280.72167,200
50,1,93.17,93.16,23280.72189,200
100,1,93.17,93.16,23280.72217,200
100,1,93.18,93.16,23280.78369,2100
50,1,93.18,93.16,23280.78375,2100
100,1,93.18,93.16,23280.78391,2100
100,1,93.18,93.16,23280.78393,2100
100,1,93.18,93.16,23280.78434,2100
100,1,93.18,93.16,23280.78447,2100
5,1,93.18,93.16,23280.78459,2100
100,1,93.18,93.16,23280.78499,2100
100,1,93.18,93.16,23280.7851,2100
100,1,93.18,93.16,23280.7853,2100
100,1,93.18,93.16,23280.78549,2100
1,1,93.18,93.16,23280.78584,2100
100,1,93.18,93.16,23280.78584,2100
100,1,93.18,93.16,23280.78587,2100
8,1,93.18,93.16,23280.78596,2100
92,1,93.18,93.16,23280.78598,2100
100,1,93.18,93.16,23280.78603,2100
100,1,93.18,93.16,23280.78608,2000
8,1,93.18,93.16,23280.78608,2000
104,1,93.18,93.16,23280.78651,1500
96,1,93.18,93.16,23280.78659,1500
100,1,93.18,93.16,23280.78659,1500
100,1,93.18,93.16,23280.78673,1300
4,1,93.18,93.17,23280.78721,1300
100,1,93.18,93.17,23280.78779,1300
100,1,93.18,93.17,23280.78787,1000
100,1,93.18,93.17,23280.79062,1000
204,1,93.18,93.17,23281.01192,1000
100,1,93.18,93.17,23281.01336,1000
100,1,93.18,93.17,23281.01393,1000
100,1,93.18,93.17,23281.03449,1000
100,1,93.18,93.17,23281.03722,1000
96,1,93.19,93.17,23281.12662,1000
100,-1,93.17,93.19,23281.12671,400
100,1,93.19,93.18,23281.15973,1100
100,1,93.19,93.18,23281.1599,1000
100,1,93.19,93.18,23281.16004,900
100,1,93.19,93.18,23281.16051,800
50,-1,93.18,93.19,23281.16068,400
152,1,93.19,93.18,23281.30437,700
100,1,93.19,93.18,23281.30473,400
20,1,93.19,93.18,23281.30484,400
100,1,93.19,93.18,23281.30486,400
32,1,93.19,93.18,23281.30493,400
100,1,93.19,93.18,23281.30534,100
100,1,93.19,93.18,23281.3059,100
104,-1,93.18,93.2,23281.30621,600
100,1,93.2,93.18,23281.30663,800
100,1,93.2,93.18,23281.30723,800
89,1,93.2,93.19,23281.57038,200
100,1,93.2,93.19,23281.57229,100
4,1,93.2,93.19,23281.57232,100
96,-1,93.2,93.21,23281.70597,500
3,-1,93.2,93.21,23281.70603,500
3,-1,93.2,93.21,23281.70609,200
100,-1,93.2,93.21,23281.70612,200
4,-1,93.2,93.21,23281.70614,200
93,-1,93.2,93.21,23281.70616,100
10,-1,93.2,93.21,23281.7062,100
1,-1,93.2,93.21,23281.70622,100
100,-1,93.2,93.21,23281.70625,100
99,-1,93.2,93.21,23281.70633,100
7,-1,93.2,93.21,23281.70635,100
100,-1,93.2,93.21,23281.70638,100
100,1,93.2,93.19,23281.71386,100
1,1,93.21,93.2,23281.98476,1700
100,1,93.21,93.2,23281.98488,1700
8,1,93.21,93.2,23282.29005,1600
91,1,93.21,93.2,23282.29021,1600
9,1,93.21,93.2,23282.29029,1600
20,1,93.21,93.2,23282.33042,1600
100,-1,93.2,93.22,23282.63831,300
100,-1,93.2,93.22,23282.80778,300
20,-1,93.2,93.22,23282.8079,300
77,1,93.22,93.2,23282.80845,200
100,-1,93.2,93.22,23282.80853,300
4,-1,93.2,93.21,23283.22058,300
100,-1,93.2,93.21,23283.22075,200
7,1,93.21,93.2,23283.27537,100
93,1,93.21,93.2,23283.27559,100
99,1,93.21,93.2,23283.27578,100
1,-1,93.2,93.21,23283.65523,400
100,1,93.21,93.2,23283.79257,100
100,1,93.21,93.2,23283.79268,100
100,1,93.21,93.2,23283.79282,100
100,1,93.21,93.2,23283.93801,100
100,1,93.21,93.2,23283.93804,100
100,1,93.21,93.2,23283.96861,100
200,1,93.21,93.2,23283.9687,100
330,1,93.21,93.2,23284.26597,100
100,-1,93.2,93.22,23284.74806,400
100,-1,93.2,93.22,23284.78341,500
20,1,93.23,93.2,23285.76975,1700
180,1,93.23,93.2,23285.76986,1700
20,1,93.23,93.2,23285.76988,1700
80,1,93.23,93.2,23285.77027,1700
100,-1,93.2,93.23,23286.02022,400
100,1,93.23,93.2,23286.28709,1700
100,1,93.23,93.2,23286.28727,1700
100,1,93.23,93.2,23286.28737,1700
100,1,93.23,93.2,23286.28753,1700
100,1,93.23,93.2,23286.35225,1700
100,1,93.23,93.2,23286.60868,1700
100,1,93.21,93.2,23286.93063,400
800,1,93.21,93.2,23288.58344,100
100,-1,93.2,93.22,23288.58939,500
300,-1,93.2,93.21,23288.94386,400
15,1,93.21,93.2,23288.94989,300
85,1,93.21,93.2,23288.95001,300
100,1,93.22,93.21,23289.53836,200
100,-1,93.21,93.22,23290.23234,500
100,-1,93.21,93.22,23290.23285,100
100,-1,93.21,93.22,23290.23288,100
72,-1,93.2,93.22,23290.23377,200
100,1,93.22,93.21,23291.32342,600
100,1,93.22,93.21,23291.32359,600
15,1,93.22,93.21,23291.45849,600
100,1,93.22,93.21,23291.45863,500
50,1,93.22,93.21,23291.4828,500
50,1,93.22,93.21,23291.54851,500
96,1,93.22,93.21,23291.54864,400
76,1,93.22,93.21,23292.0798,200
24,1,93.22,93.21,23293.17928,400
100,1,93.22,93.21,23293.25935,400
76,1,93.22,93.21,23293.47961,200
24,-1,93.22,93.23,23293.48243,500
100,1,93.23,93.22,23294.03033,1400
100,-1,93.22,93.23,23296.4338,600
100,-1,93.22,93.23,23296.4339,600
100,-1,93.22,93.23,23296.43409,600
100,-1,93.22,93.23,23296.43423,600
1,-1,93.22,93.23,23296.43489,400
100,-1,93.2,93.21,23296.43949,100
100,1,93.21,93.2,23296.43951,100
100,-1,93.2,93.21,23296.43962,100
100,-1,93.2,93.21,23296.43988,100
4,-1,93.2,93.21,23296.43991,100
8,-1,93.17,93.21,23296.44126,300
100,-1,93.18,93.22,23296.44441,300
100,1,93.19,93.18,23296.459,300
100,1,93.19,93.18,23296.46904,200
6,-1,93.18,93.2,23296.47448,300
100,-1,93.18,93.2,23296.48179,300
100,1,93.2,93.18,23296.55259,300
100,-1,93.18,93.2,23296.55769,400
83,-1,93.17,93.2,23296.57122,200
17,-1,93.17,93.2,23296.57145,200
100,1,93.19,93.17,23296.93194,300
94,1,93.19,93.17,23297.06143,100
100,1,93.19,93.17,23297.06156,100
11,1,93.19,93.17,23297.06178,100
100,-1,93.19,93.2,23298.04336,800
100,-1,93.2,93.21,23298.25529,200
100,1,93.21,93.2,23298.82177,100
2,-1,93.2,93.22,23299.95004,300
13,-1,93.2,93.22,23299.95057,300
100,1,93.23,93.21,23299.97332,1300
100,-1,93.21,93.23,23300.14083,400
100,1,93.18,93.17,23300.14992,4500
100,1,93.18,93.17,23300.15014,4500
100,-1,93.17,93.18,23300.15398,200
100,-1,93.17,93.18,23300.15413,200
100,1,93.18,93.17,23300.15424,4800
100,-1,93.17,93.18,23300.15437,100
100,-1,93.16,93.18,23300.15449,300
100,-1,93.16,93.17,23300.20771,400
100,-1,93.16,93.17,23300.20784,400
100,1,93.17,93.15,23300.20815,500
100,-1,93.15,93.16,23300.20855,100
100,-1,93.15,93.16,23300.20939,100
100,-1,93.14,93.16,23300.21055,100
100,-1,93.13,93.15,23300.21128,500
92,-1,93.13,93.15,23300.21136,500
100,-1,93.13,93.15,23300.21146,300
100,1,93.15,93.12,23300.2293,300
100,1,93.15,93.13,23300.23095,200
100,1,93.15,93.13,23300.23481,100
100,1,93.15,93.13,23300.23484,100
100,-1,93.14,93.16,23300.6492,300
50,1,93.17,93.15,23300.75937,400
50,1,93.17,93.15,23300.75939,400
100,1,93.17,93.15,23300.75944,400
100,1,93.17,93.16,23300.76629,300
100,1,93.17,93.16,23300.97108,300
100,1,93.17,93.16,23300.97119,300
100,1,93.17,93.16,23301.06997,300
5,1,93.17,93.16,23301.38009,100
100,1,93.17,93.16,23301.38012,100
100,-1,93.16,93.17,23301.38018,300
147,1,93.17,93.16,23301.38062,100
100,1,93.17,93.16,23301.39289,100
100,1,93.17,93.16,23301.39385,100
100,1,93.17,93.16,23301.96462,100
96,1,93.17,93.16,23301.96475,100
4,1,93.17,93.16,23302.06487,100
4,1,93.18,93.16,23302.08694,400
4,1,93.18,93.16,23302.08711,400
2,1,93.18,93.16,23302.13154,400
96,1,93.18,93.16,23302.13176,400
96,1,93.18,93.16,23302.28646,400
4,1,93.18,93.16,23302.28659,400
42,1,93.18,93.16,23302.28705,400
4,1,93.18,93.17,23302.28905,400
100,1,93.18,93.17,23302.28923,400
46,-1,93.17,93.18,23302.97297,400
100,1,93.18,93.17,23303.44631,400
100,1,93.18,93.17,23303.44642,400
80,-1,93.17,93.18,23303.53029,300
100,-1,93.17,93.18,23303.84563,200
100,-1,93.17,93.18,23304.26789,100
16,-1,93.17,93.18,23304.26899,100
22,-1,93.17,93.18,23304.26932,100
78,1,93.18,93.15,23305.11554,300
22,1,93.18,93.15,23305.11556,300
22,-1,93.15,93.18,23305.11595,300
78,-1,93.15,93.18,23305.11603,300
22,-1,93.15,93.18,23305.11611,100
8,-1,93.14,93.17,23305.11653,100
100,1,93.15,93.14,23305.13817,300
100,1,93.15,93.14,23305.13851,100
100,-1,93.14,93.15,23305.1404,500
100,1,93.15,93.14,23305.42644,300
100,1,93.15,93.14,23305.42646,300
100,1,93.15,93.14,23305.42665,300
100,1,93.15,93.14,23305.42671,300
200,1,93.15,93.14,23305.4273,200
100,1,93.15,93.14,23305.42735,200
72,-1,93.16,93.17,23305.49043,300
28,1,93.17,93.16,23305.50305,400
100,-1,93.16,93.17,23305.8128,100
5,-1,93.16,93.17,23305.81308,100
100,-1,93.14,93.16,23305.81561,100
100,-1,93.13,93.15,23305.81666,100
50,1,93.14,93.13,23306.00989,100
50,-1,93.13,93.15,23306.01026,300
100,-1,93.14,93.16,23306.04816,300
100,-1,93.14,93.16,23306.06874,200
5,-1,93.14,93.15,23306.07139,200
100,-1,93.14,93.15,23306.07184,100
100,-1,93.13,93.14,23306.12719,100
100,-1,93.12,93.14,23306.33725,200
100,1,93.13,93.12,23306.44864,300
100,-1,93.11,93.13,23306.62479,400
100,-1,93.11,93.13,23306.62488,400
100,-1,93.11,93.12,23306.9873,300
100,-1,93.11,93.12,23306.99195,300
100,-1,93.11,93.12,23306.9921,300
100,-1,93.11,93.12,23306.99243,300
100,1,93.11,93.1,23306.99373,300
100,1,93.11,93.1,23306.99391,300
2,1,93.11,93.1,23306.99406,300
100,1,93.11,93.1,23306.99426,300
4,1,93.11,93.1,23307.02195,300
100,-1,93.1,93.11,23307.50731,400
100,-1,93.1,93.11,23307.50737,400
100,-1,93.1,93.11,23307.50775,400
100,1,93.11,93.1,23307.50985,300
100,1,93.11,93.1,23307.51173,300
100,1,93.11,93.1,23307.51888,200
100,1,93.11,93.1,23307.51922,200
100,1,93.11,93.1,23307.51964,100
100,1,93.11,93.1,23307.51969,100
100,1,93.12,93.1,23307.51971,400
100,-1,93.11,93.12,23308.12481,300
100,1,93.12,93.11,23310.02425,200
100,1,93.12,93.11,23310.02458,200
100,1,93.12,93.11,23310.02681,200
100,-1,93.11,93.12,23310.08586,500
100,-1,93.11,93.12,23310.08597,300
100,-1,93.11,93.12,23310.08597,300
100,-1,93.11,93.12,23310.0861,100
100,-1,93.11,93.12,23310.0862,100
100,-1,93.11,93.12,23310.08652,100
100,1,93.11,93.1,23310.08678,200
100,1,93.11,93.1,23310.08687,100
100,1,93.11,93.1,23310.23933,400
100,1,93.11,93.1,23310.25723,600
50,1,93.11,93.1,23310.25734,600
100,1,93.11,93.1,23310.28327,600
50,1,93.11,93.1,23310.28339,600
22,-1,93.1,93.11,23310.28341,100
2,1,93.11,93.1,23310.28738,500
100,1,93.11,93.1,23310.34826,500
100,1,93.11,93.1,23310.38558,500
100,1,93.11,93.1,23310.38713,500
100,1,93.11,93.1,23310.38724,500
3,1,93.11,93.1,23310.38726,500
100,-1,93.1,93.11,23310.43431,300
100,1,93.11,93.1,23310.46804,400
103,1,93.11,93.1,23310.69885,300
100,1,93.11,93.1,23310.77343,300
46,1,93.11,93.1,23310.77373,200
100,1,93.11,93.1,23310.77397,200
100,1,93.11,93.1,23310.774,200
3,1,93.11,93.1,23310.77411,200
3,1,93.11,93.1,23310.77421,200
7,1,93.11,93.1,23310.77504,100
100,1,93.11,93.1,23310.77513,100
87,1,93.11,93.1,23310.77513,100
100,1,93.11,93.1,23310.77553,100
3,-1,93.11,93.12,23311.62781,300
54,-1,93.11,93.12,23311.62806,300
3,1,93.12,93.11,23311.62922,300
9,1,93.12,93.11,23312.51455,200
312,-1,93.11,93.12,23312.63216,500
4,-1,93.11,93.12,23312.94741,200
100,1,93.12,93.11,23313.4039,200
83,-1,93.11,93.12,23313.95736,1000
100,-1,93.11,93.12,23314.09254,1000
100,1,93.12,93.11,23314.34967,200
100,1,93.12,93.11,23315.29969,200
100,1,93.12,93.11,23315.30048,100
8,1,93.12,93.11,23315.77044,200
100,1,93.12,93.11,23316.31447,200
21,1,93.12,93.11,23316.31451,200
200,1,93.12,93.11,23316.31883,100
100,-1,93.11,93.12,23317.14312,1100
100,-1,93.11,93.12,23317.14341,1100
100,1,93.12,93.11,23317.37412,100
100,1,93.12,93.11,23317.37422,100
2,1,93.12,93.11,23317.37437,100
70,1,93.13,93.11,23317.5675,400
30,1,93.13,93.11,23317.56796,400
70,-1,93.12,93.13,23317.57049,600
79,1,93.14,93.12,23317.91412,400
21,1,93.14,93.13,23318.23907,300
79,-1,93.13,93.14,23318.8399,200
100,-1,93.13,93.14,23318.84043,200
100,-1,93.13,93.14,23318.84045,200
100,-1,93.13,93.14,23319.05329,100
100,1,93.14,93.11,23319.29521,700
100,1,93.13,93.12,23319.51411,400
12,-1,93.12,93.13,23319.93622,200
88,-1,93.12,93.13,23319.94444,100
100,1,93.13,93.12,23320.00725,300
100,1,93.13,93.12,23320.00778,300
100,-1,93.12,93.13,23320.01167,200
200,1,93.12,93.11,23320.11036,300
100,1,93.12,93.11,23320.11065,100
100,-1,93.12,93.13,23320.41066,100
94,1,93.12,93.11,23321.02158,100
6,1,93.12,93.11,23321.02168,100
100,-1,93.11,93.12,23321.0308,900
100,-1,93.11,93.12,23321.06571,800
5,1,93.13,93.11,23321.11413,200
195,-1,93.12,93.13,23321.11415,100
205,1,93.13,93.12,23321.99097,200
100,1,93.13,93.12,23322.27063,200
5,1,93.13,93.12,23322.27073,200
90,1,93.14,93.12,23322.27128,100
100,-1,93.13,93.16,23322.2963,500
43,1,93.16,93.14,23322.29778,200
100,1,93.16,93.14,23322.29788,200
57,-1,93.14,93.16,23322.30169,300
43,-1,93.14,93.16,23322.30345,300
200,-1,93.14,93.16,23322.30388,300
75,1,93.16,93.14,23322.31167,200
100,1,93.16,93.14,23322.31212,200
17,-1,93.16,93.17,23322.34289,300
100,1,93.18,93.16,23322.35388,100
100,-1,93.17,93.18,23322.38592,300
59,1,93.18,93.17,23322.3922,100
200,1,93.19,93.17,23322.39295,1000
100,-1,93.18,93.19,23322.39553,300
2,1,93.19,93.18,23322.42143,1000
100,1,93.19,93.18,23322.44012,100
2,1,93.19,93.18,23322.44601,100
100,1,93.2,93.18,23322.71524,2300
100,-1,93.18,93.19,23323.1034,300
100,-1,93.18,93.19,23323.1667,200
100,-1,93.18,93.19,23323.16939,100
124,-1,93.17,93.19,23323.16946,500
76,1,93.18,93.17,23324.1026,100
100,1,93.18,93.17,23324.10451,100
100,-1,93.17,93.19,23324.10545,400
2,-1,93.18,93.19,23324.10689,200
1,1,93.2,93.19,23324.31437,200
100,1,93.2,93.19,23325.08953,100
100,-1,93.2,93.21,23325.09024,200
100,-1,93.2,93.21,23325.09061,400
100,-1,93.2,93.21,23325.09085,400
100,-1,93.2,93.21,23325.09088,100
5,-1,93.2,93.21,23325.09096,100
100,-1,93.2,93.21,23325.09099,100
100,-1,93.2,93.21,23325.09125,100
100,-1,93.2,93.21,23325.09138,100
9,-1,93.2,93.21,23325.25786,100
100,1,93.2,93.19,23325.26777,400
100,1,93.19,93.18,23325.38263,400
100,1,93.19,93.18,23325.45824,400
100,-1,93.18,93.19,23325.8812,100
810,1,93.19,93.18,23325.91413,400
2,1,93.19,93.18,23326.03958,400
100,1,93.19,93.18,23326.04002,400
100,-1,93.18,93.19,23327.02175,100
100,-1,93.18,93.19,23327.04042,100
105,1,93.19,93.18,23328.03323,300
100,-1,93.18,93.19,23328.03919,100
100,1,93.19,93.18,23328.17695,300
100,1,93.19,93.18,23328.17703,300
100,1,93.19,93.18,23328.17762,200
100,1,93.2,93.18,23328.17792,100
100,-1,93.18,93.2,23328.20452,200
6,1,93.2,93.18,23328.24554,200
100,1,93.19,93.18,23328.31863,100
2,1,93.2,93.18,23328.31914,100
100,-1,93.18,93.19,23328.31975,100
100,-1,93.18,93.2,23328.32019,200
100,1,93.2,93.17,23328.34414,300
100,1,93.2,93.17,23328.34819,300
100,-1,93.17,93.2,23328.35458,400
100,-1,93.18,93.21,23328.37281,200
100,-1,93.17,93.21,23328.3733,100
100,1,93.18,93.15,23328.38388,100
100,1,93.19,93.16,23328.40256,100
2,1,93.19,93.16,23328.40262,100
2,-1,93.16,93.19,23328.40499,400
100,-1,93.16,93.19,23328.40511,300
1,-1,93.16,93.19,23328.40523,400
100,1,93.19,93.16,23328.40555,100
100,-1,93.16,93.19,23328.40591,300
98,-1,93.16,93.19,23328.40596,300
100,-1,93.16,93.19,23328.406,300
3,1,93.19,93.17,23328.40897,100
11,-1,93.16,93.19,23328.41468,300
100,1,93.19,93.16,23328.47634,200
200,1,93.19,93.16,23328.52915,200
100,1,93.19,93.16,23328.5333,200
100,1,93.2,93.17,23328.5608,100
200,-1,93.17,93.2,23328.57278,200
3,1,93.19,93.16,23328.78812,100
97,1,93.19,93.16,23328.78821,100
100,1,93.19,93.16,23328.81486,100
100,1,93.19,93.17,23328.84451,100
50,1,93.2,93.17,23328.84862,200
50,1,93.2,93.18,23328.84886,200
100,-1,93.18,93.2,23329.01943,200
8,-1,93.18,93.2,23329.02528,100
100,-1,93.18,93.2,23329.32468,200
6,-1,93.19,93.2,23329.40871,100
100,1,93.2,93.19,23330.02685,100
94,1,93.2,93.19,23330.02806,100
100,1,93.21,93.19,23330.02853,400
200,-1,93.18,93.2,23331.01364,500
100,-1,93.18,93.2,23331.03242,500
100,1,93.21,93.18,23331.04368,600
100,1,93.21,93.18,23331.65375,600
100,1,93.21,93.19,23331.65384,600
100,1,93.21,93.19,23331.66632,600
100,1,93.21,93.19,23332.41033,600
200,1,93.21,93.19,23332.87637,600
50,1,93.21,93.19,23332.92722,600
100,1,93.21,93.19,23333.00265,600
100,1,93.21,93.19,23333.81388,600
100,-1,93.19,93.21,23333.82042,200
100,-1,93.19,93.2,23333.82053,200
46,-1,93.18,93.2,23333.82065,300
100,-1,93.18,93.2,23333.82298,200
50,-1,93.18,93.2,23333.82405,200
50,-1,93.18,93.2,23333.84351,100
100,1,93.2,93.18,23334.4084,100
2,1,93.21,93.18,23335.01718,600
3,1,93.21,93.18,23335.01728,600
100,1,93.21,93.18,23335.03721,600
5,1,93.21,93.18,23335.03751,600
3,1,93.21,93.18,23335.03861,600
47,1,93.21,93.18,23335.04883,600
1,1,93.21,93.18,23335.06988,600
53,1,93.21,93.18,23335.07003,600
100,-1,93.18,93.21,23335.07208,500
100,1,93.21,93.18,23335.18614,600
3,1,93.21,93.18,23335.1895,600
194,-1,93.18,93.21,23335.20805,400
47,-1,93.18,93.21,23335.20807,400
24,-1,93.18,93.21,23335.20817,400
14,1,93.2,93.18,23335.28403,100
100,1,93.21,93.18,23335.7691,600
34,1,93.21,93.18,23335.77036,600
100,1,93.21,93.19,23336.04368,600
100,1,93.21,93.19,23336.20742,600
5,1,93.21,93.19,23336.20763,600
100,1,93.21,93.19,23336.54556,600
100,-1,93.19,93.21,23337.71056,100
100,1,93.21,93.19,23338.05372,600
86,1,93.21,93.19,23338.05382,400
3,1,93.21,93.2,23338.06326,400
100,1,93.21,93.2,23338.19129,100
57,1,93.21,93.2,23338.19134,100
43,-1,93.2,93.23,23338.19183,100
49,-1,93.2,93.23,23338.20646,100
281,-1,93.2,93.23,23338.20707,100
200,1,93.23,93.21,23338.25732,1700
100,1,93.23,93.21,23338.25745,1700
200,1,93.23,93.21,23338.67262,1700
100,1,93.23,93.21,23338.72441,1700
100,-1,93.21,93.23,23338.80212,200
100,1,93.23,93.19,23338.81818,1700
11,1,93.23,93.19,23338.81832,1700
100,1,93.23,93.19,23338.81876,1700
100,1,93.23,93.19,23338.82503,1700
5,-1,93.19,93.23,23338.82611,1100
100,1,93.23,93.2,23338.92088,1700
50,1,93.23,93.2,23338.92097,1600
100,1,93.23,93.2,23338.92108,1600
100,1,93.23,93.2,23338.99099,1600
40,1,93.23,93.2,23338.99122,1600
50,-1,93.21,93.23,23339.06723,700
100,-1,93.21,93.23,23339.09724,200
